entry,exit,dir,entry_px,exit_px,size,net_%
2024-05-25 21:55:00+00:00,2024-05-25 22:55:00+00:00,LONG,69139.01,69129.0,0.5,-0.0148
2024-05-26 05:10:00+00:00,2024-05-26 06:10:00+00:00,LONG,68941.59,69170.01,0.5,0.1615
2024-05-26 07:10:00+00:00,2024-05-26 08:10:00+00:00,LONG,69140.01,69467.02,0.5,0.1487
2024-05-26 13:10:00+00:00,2024-05-26 14:10:00+00:00,LONG,68966.63,69140.01,0.5,0.1183
2024-05-26 14:30:00+00:00,2024-05-26 15:30:00+00:00,LONG,69096.0,69264.25,0.5,0.1279
2024-05-26 16:25:00+00:00,2024-05-26 17:25:00+00:00,LONG,68744.46,68835.28,0.5,0.0992
2024-05-26 18:10:00+00:00,2024-05-26 19:10:00+00:00,LONG,68738.89,68880.23,0.5,0.1089
2024-05-26 21:35:00+00:00,2024-05-26 22:35:00+00:00,LONG,68314.0,68660.65,0.5,0.2817
2024-05-26 23:25:00+00:00,2024-05-27 00:25:00+00:00,LONG,68405.22,68566.19,0.5,0.1372
2024-05-27 00:30:00+00:00,2024-05-27 01:30:00+00:00,LONG,68648.15,68775.19,0.5,0.0964
2024-05-27 01:35:00+00:00,2024-05-27 02:35:00+00:00,LONG,69108.6,69252.56,0.5,-0.0003
2024-05-27 05:25:00+00:00,2024-05-27 06:25:00+00:00,LONG,68366.96,68554.0,0.5,0.1253
2024-05-27 06:45:00+00:00,2024-05-27 07:45:00+00:00,LONG,68429.84,68685.4,0.5,0.2021
2024-05-27 09:10:00+00:00,2024-05-27 10:10:00+00:00,LONG,68560.61,68575.74,0.5,-0.0176
2024-05-27 10:15:00+00:00,2024-05-27 11:15:00+00:00,LONG,68570.35,68591.38,0.5,0.0331
2024-05-27 11:35:00+00:00,2024-05-27 12:35:00+00:00,LONG,68297.22,68572.69,0.5,0.2023
2024-05-27 12:40:00+00:00,2024-05-27 13:40:00+00:00,LONG,68627.34,68901.55,0.5,0.1709
2024-05-27 13:45:00+00:00,2024-05-27 14:45:00+00:00,LONG,68934.0,69162.64,0.5,0.1523
2024-05-27 14:50:00+00:00,2024-05-27 15:50:00+00:00,LONG,69488.18,70312.61,0.5,0.5495
2024-05-27 15:55:00+00:00,2024-05-27 16:55:00+00:00,LONG,70373.85,70161.22,0.5,-0.1058
2024-05-27 17:25:00+00:00,2024-05-27 18:25:00+00:00,LONG,70167.43,70068.02,0.5,-0.0426
2024-05-27 20:00:00+00:00,2024-05-27 21:00:00+00:00,LONG,69468.0,69677.01,0.5,0.138
2024-05-27 21:05:00+00:00,2024-05-27 22:05:00+00:00,LONG,69644.21,69636.7,0.5,0.0056
2024-05-27 22:55:00+00:00,2024-05-27 23:55:00+00:00,LONG,69591.58,69436.43,0.5,-0.1045
2024-05-28 00:00:00+00:00,2024-05-28 01:00:00+00:00,LONG,69386.42,69403.46,0.5,-0.0065
2024-05-28 02:10:00+00:00,2024-05-28 03:10:00+00:00,LONG,68714.28,68473.96,0.5,-0.2224
2024-05-28 03:40:00+00:00,2024-05-28 04:40:00+00:00,LONG,67840.01,67636.0,0.5,-0.0701
2024-05-28 04:45:00+00:00,2024-05-28 05:45:00+00:00,LONG,67784.0,67866.23,0.5,0.1222
2024-05-28 08:10:00+00:00,2024-05-28 09:10:00+00:00,LONG,67923.99,68120.0,0.5,0.1436
2024-05-28 09:15:00+00:00,2024-05-28 10:15:00+00:00,LONG,68065.74,68804.02,0.5,0.4789
2024-05-28 10:45:00+00:00,2024-05-28 11:45:00+00:00,LONG,68501.64,68454.86,0.5,-0.0421
2024-05-28 11:50:00+00:00,2024-05-28 12:50:00+00:00,LONG,68384.34,68413.34,0.5,-0.0266
2024-05-28 13:50:00+00:00,2024-05-28 14:50:00+00:00,LONG,67869.45,68033.93,0.5,0.049
2024-05-28 14:55:00+00:00,2024-05-28 15:55:00+00:00,LONG,67969.0,68374.08,0.5,0.3265
2024-05-28 16:45:00+00:00,2024-05-28 17:45:00+00:00,LONG,67759.54,67986.39,0.5,0.2462
2024-05-28 17:50:00+00:00,2024-05-28 18:50:00+00:00,LONG,67899.99,67712.7,0.5,-0.1941
2024-05-28 18:55:00+00:00,2024-05-28 19:55:00+00:00,LONG,67879.43,68424.29,0.5,0.4435
2024-05-28 20:00:00+00:00,2024-05-28 21:00:00+00:00,LONG,68343.36,68314.48,0.5,-0.0128
2024-05-29 00:10:00+00:00,2024-05-29 01:10:00+00:00,LONG,68373.99,68440.0,0.5,0.1141
2024-05-29 01:15:00+00:00,2024-05-29 02:15:00+00:00,LONG,68354.7,68544.02,0.5,0.1208
2024-05-29 02:20:00+00:00,2024-05-29 03:20:00+00:00,LONG,68631.19,68763.54,0.5,0.1083
2024-05-29 03:35:00+00:00,2024-05-29 04:35:00+00:00,LONG,68798.71,68905.99,0.5,0.0532
2024-05-29 08:00:00+00:00,2024-05-29 09:00:00+00:00,LONG,67866.5,67963.0,0.5,0.0044
2024-05-29 09:15:00+00:00,2024-05-29 10:15:00+00:00,LONG,67890.03,67924.59,0.5,0.0743
2024-05-29 10:40:00+00:00,2024-05-29 11:40:00+00:00,LONG,67899.68,67867.99,0.5,-0.0549
2024-06-03 04:10:00+00:00,2024-06-03 05:10:00+00:00,LONG,68327.53,68501.65,0.5,0.0981
2024-06-03 05:15:00+00:00,2024-06-03 06:15:00+00:00,LONG,68624.01,68815.58,0.5,0.1484
2024-06-03 06:20:00+00:00,2024-06-03 07:20:00+00:00,LONG,68932.29,68959.45,0.5,0.1201
2024-06-03 07:30:00+00:00,2024-06-03 08:30:00+00:00,LONG,68850.0,69329.51,0.5,0.3002
2024-06-03 09:25:00+00:00,2024-06-03 10:25:00+00:00,LONG,69005.0,69175.32,0.5,0.069
2024-06-03 10:55:00+00:00,2024-06-03 11:55:00+00:00,LONG,68907.99,69080.0,0.5,0.1608
2024-06-03 12:00:00+00:00,2024-06-03 13:00:00+00:00,LONG,69119.18,69687.9,0.5,0.4516
2024-06-03 13:05:00+00:00,2024-06-03 14:05:00+00:00,LONG,69587.89,69768.82,0.5,0.0946
2024-06-03 14:35:00+00:00,2024-06-03 15:35:00+00:00,LONG,69180.02,69277.24,0.5,0.0289
2024-06-03 15:40:00+00:00,2024-06-03 16:40:00+00:00,LONG,69240.0,69157.0,0.5,-0.0178
2024-06-03 17:10:00+00:00,2024-06-03 18:10:00+00:00,LONG,69076.1,69162.99,0.5,0.1767
2024-06-03 21:15:00+00:00,2024-06-03 22:15:00+00:00,LONG,69064.67,68916.7,0.5,-0.1368
2024-06-03 22:20:00+00:00,2024-06-03 23:20:00+00:00,LONG,68917.56,68939.78,0.5,0.025
2024-06-04 00:10:00+00:00,2024-06-04 01:10:00+00:00,LONG,68838.33,69070.01,0.5,0.1607
2024-06-04 01:20:00+00:00,2024-06-04 02:20:00+00:00,LONG,68998.02,69280.78,0.5,0.1595
2024-06-04 02:45:00+00:00,2024-06-04 03:45:00+00:00,LONG,69100.0,69155.51,0.5,0.0942
2024-06-04 04:05:00+00:00,2024-06-04 05:05:00+00:00,LONG,69213.4,69087.83,0.5,-0.1109
2024-06-04 06:10:00+00:00,2024-06-04 07:10:00+00:00,LONG,68882.62,69052.2,0.5,0.0651
2024-06-04 07:35:00+00:00,2024-06-04 08:35:00+00:00,LONG,68966.58,69091.59,0.5,0.0785
2024-06-04 09:05:00+00:00,2024-06-04 10:05:00+00:00,LONG,68760.01,68726.57,0.5,0.0092
2024-06-04 10:10:00+00:00,2024-06-04 11:10:00+00:00,LONG,68845.02,68900.01,0.5,0.0782
2024-06-04 12:10:00+00:00,2024-06-04 13:10:00+00:00,LONG,68977.09,69230.79,0.5,0.0081
2024-06-04 13:15:00+00:00,2024-06-04 14:15:00+00:00,LONG,69272.96,70049.99,0.5,0.3987
2024-06-04 14:25:00+00:00,2024-06-04 15:25:00+00:00,LONG,69749.39,69988.74,0.5,0.2626
2024-06-04 15:30:00+00:00,2024-06-04 16:30:00+00:00,LONG,70047.56,70776.01,0.5,0.5788
2024-06-04 17:05:00+00:00,2024-06-04 18:05:00+00:00,LONG,70564.0,70666.95,0.5,0.0849
2024-06-04 19:05:00+00:00,2024-06-04 20:05:00+00:00,LONG,70605.57,70266.66,0.5,-0.2299
2024-06-04 20:10:00+00:00,2024-06-04 21:10:00+00:00,LONG,70306.76,70423.32,0.5,0.0378
2024-06-04 21:15:00+00:00,2024-06-04 22:15:00+00:00,LONG,70420.0,70692.0,0.5,0.1983
2024-06-04 23:20:00+00:00,2024-06-05 00:20:00+00:00,LONG,70521.2,70629.99,0.5,-0.0222
2024-06-05 00:25:00+00:00,2024-06-05 01:25:00+00:00,LONG,70624.01,71002.12,0.5,0.2026
2024-06-05 02:05:00+00:00,2024-06-05 03:05:00+00:00,LONG,70933.99,70902.77,0.5,-0.0056
2024-06-05 03:10:00+00:00,2024-06-05 04:10:00+00:00,LONG,70824.3,70948.99,0.5,0.0308
2024-06-05 05:05:00+00:00,2024-06-05 06:05:00+00:00,LONG,70958.0,70945.72,0.5,-0.0127
2024-06-05 06:10:00+00:00,2024-06-05 07:10:00+00:00,LONG,70874.21,71147.99,0.5,0.2159
2024-06-05 07:30:00+00:00,2024-06-05 08:30:00+00:00,LONG,71090.15,71088.0,0.5,0.0096
2024-06-05 11:10:00+00:00,2024-06-05 12:10:00+00:00,LONG,70861.92,70847.99,0.5,0.0285
2024-06-05 12:15:00+00:00,2024-06-05 13:15:00+00:00,LONG,70864.01,71040.0,0.5,0.1075
2024-06-05 13:40:00+00:00,2024-06-05 14:40:00+00:00,LONG,70823.8,70912.12,0.5,0.0594
2024-06-05 14:45:00+00:00,2024-06-05 15:45:00+00:00,LONG,70985.99,71494.25,0.5,0.3943
2024-06-05 15:50:00+00:00,2024-06-05 16:50:00+00:00,LONG,71461.22,71394.24,0.5,-0.0993
2024-06-05 17:10:00+00:00,2024-06-05 18:10:00+00:00,LONG,71539.99,71322.86,0.5,-0.014
2024-06-05 18:50:00+00:00,2024-06-05 19:50:00+00:00,LONG,71063.99,71310.0,0.5,0.1177
2024-06-05 21:25:00+00:00,2024-06-05 22:25:00+00:00,LONG,71045.34,71130.42,0.5,0.051
2024-06-05 23:25:00+00:00,2024-06-06 00:25:00+00:00,LONG,70850.0,71152.0,0.5,0.2038
2024-06-06 01:10:00+00:00,2024-06-06 02:10:00+00:00,LONG,70955.98,71204.6,0.5,0.1455
2024-06-06 04:15:00+00:00,2024-06-06 05:15:00+00:00,LONG,70979.99,70899.99,0.5,-0.0746
2024-06-06 07:50:00+00:00,2024-06-06 08:50:00+00:00,LONG,71016.81,70929.12,0.5,-0.0866
2024-06-06 09:40:00+00:00,2024-06-06 10:40:00+00:00,LONG,70949.98,70923.98,0.5,-0.0211
2024-06-06 10:45:00+00:00,2024-06-06 11:45:00+00:00,LONG,70950.0,71079.2,0.5,0.1275
2024-06-06 14:10:00+00:00,2024-06-06 15:10:00+00:00,LONG,71182.83,71402.46,0.5,0.1873
2024-06-06 17:10:00+00:00,2024-06-06 18:10:00+00:00,LONG,70996.0,70909.99,0.5,-0.0705
2024-06-06 20:10:00+00:00,2024-06-06 21:10:00+00:00,LONG,70411.98,70749.62,0.5,0.1819
2024-06-06 22:05:00+00:00,2024-06-06 23:05:00+00:00,LONG,70791.36,70920.32,0.5,0.1162
2024-06-07 00:05:00+00:00,2024-06-07 01:05:00+00:00,LONG,70781.91,70840.01,0.5,0.041
2024-06-07 01:10:00+00:00,2024-06-07 02:10:00+00:00,LONG,70826.4,70785.06,0.5,0.0017
2024-06-07 02:15:00+00:00,2024-06-07 03:15:00+00:00,LONG,70781.46,70851.0,0.5,0.025
2024-06-07 08:10:00+00:00,2024-06-07 09:10:00+00:00,LONG,71079.99,71115.59,0.5,0.0056
2024-06-07 09:15:00+00:00,2024-06-07 10:15:00+00:00,LONG,71115.58,71296.0,0.5,0.1709
2024-06-07 10:25:00+00:00,2024-06-07 11:25:00+00:00,LONG,71260.74,71401.28,0.5,0.0419
2024-06-07 11:30:00+00:00,2024-06-07 12:30:00+00:00,LONG,71542.1,70937.98,0.5,0.2726
2024-06-07 12:50:00+00:00,2024-06-07 13:50:00+00:00,LONG,70991.01,71549.78,0.5,0.4059
2024-06-07 15:25:00+00:00,2024-06-07 16:25:00+00:00,LONG,71088.85,71181.63,0.5,0.073
2024-06-07 18:10:00+00:00,2024-06-07 19:10:00+00:00,LONG,68649.99,69087.87,0.5,0.1925
2024-06-07 19:15:00+00:00,2024-06-07 20:15:00+00:00,LONG,68919.72,69104.01,0.5,0.1248
2024-06-07 20:20:00+00:00,2024-06-07 21:20:00+00:00,LONG,69050.03,69358.52,0.5,0.1931
2024-06-07 22:10:00+00:00,2024-06-07 23:10:00+00:00,LONG,69310.0,69391.33,0.5,0.0505
2024-06-08 00:15:00+00:00,2024-06-08 01:15:00+00:00,LONG,69390.8,69299.99,0.5,-0.0366
2024-06-08 01:20:00+00:00,2024-06-08 02:20:00+00:00,LONG,69349.49,69395.59,0.5,0.0566
2024-06-08 04:15:00+00:00,2024-06-08 05:15:00+00:00,LONG,69400.0,69299.99,0.5,-0.0965
2024-06-08 05:20:00+00:00,2024-06-08 06:20:00+00:00,LONG,69319.73,69381.36,0.5,0.0215
2024-06-08 06:55:00+00:00,2024-06-08 07:55:00+00:00,LONG,69333.45,69582.2,0.5,0.1452
2024-06-08 08:05:00+00:00,2024-06-08 09:05:00+00:00,LONG,69464.11,69438.79,0.5,-0.0411
2024-06-08 12:40:00+00:00,2024-06-08 13:40:00+00:00,LONG,69302.78,69341.74,0.5,0.0107
2024-06-08 13:45:00+00:00,2024-06-08 14:45:00+00:00,LONG,69375.94,69433.23,0.5,0.0214
2024-07-01 12:10:00+00:00,2024-07-01 13:10:00+00:00,LONG,62691.81,62831.95,0.5,0.1435
2024-07-01 13:40:00+00:00,2024-07-01 14:40:00+00:00,LONG,62705.99,62848.01,0.5,0.1274
2024-07-01 14:45:00+00:00,2024-07-01 15:45:00+00:00,LONG,62782.24,63020.0,0.5,0.1209
2024-07-01 15:50:00+00:00,2024-07-01 16:50:00+00:00,LONG,63037.99,63150.0,0.5,0.084
2024-07-01 17:10:00+00:00,2024-07-01 18:10:00+00:00,LONG,63110.02,63648.87,0.5,0.3961
2024-07-02 00:10:00+00:00,2024-07-02 01:10:00+00:00,LONG,62858.02,62927.99,0.5,0.0397
2024-07-02 01:15:00+00:00,2024-07-02 02:15:00+00:00,LONG,62920.23,63064.01,0.5,0.134
2024-07-02 03:15:00+00:00,2024-07-02 04:15:00+00:00,LONG,63030.02,63213.46,0.5,0.1421
2024-07-02 08:10:00+00:00,2024-07-02 09:10:00+00:00,LONG,62476.17,62741.07,0.5,0.2412
2024-07-02 10:05:00+00:00,2024-07-02 11:05:00+00:00,LONG,62519.99,62672.0,0.5,0.1106
2024-07-02 11:10:00+00:00,2024-07-02 12:10:00+00:00,LONG,62685.59,62756.87,0.5,0.0402
2024-07-02 14:40:00+00:00,2024-07-02 15:40:00+00:00,LONG,61889.11,61995.75,0.5,0.1105
2024-07-02 16:10:00+00:00,2024-07-02 17:10:00+00:00,LONG,61890.56,61920.19,0.5,0.0546
2024-07-02 17:15:00+00:00,2024-07-02 18:15:00+00:00,LONG,61965.8,62297.9,0.5,0.2577
2024-07-02 19:55:00+00:00,2024-07-02 20:55:00+00:00,LONG,61939.1,62012.01,0.5,0.0819
2024-07-02 21:00:00+00:00,2024-07-02 22:00:00+00:00,LONG,62038.0,62018.2,0.5,-0.0645
2024-07-02 22:20:00+00:00,2024-07-02 23:20:00+00:00,LONG,61993.99,62136.51,0.5,0.1321
2024-07-02 23:40:00+00:00,2024-07-03 00:40:00+00:00,LONG,62140.0,62260.64,0.5,0.0965
2024-07-13 12:10:00+00:00,2024-07-13 13:10:00+00:00,LONG,58444.01,58694.01,0.5,0.227
2024-07-13 13:40:00+00:00,2024-07-13 14:40:00+00:00,LONG,58599.13,58668.0,0.5,0.0272
2024-07-13 14:50:00+00:00,2024-07-13 15:50:00+00:00,LONG,58727.27,58826.05,0.5,0.0296
2024-07-13 20:10:00+00:00,2024-07-13 21:10:00+00:00,LONG,58583.21,58590.0,0.5,-0.0027
2024-07-13 21:15:00+00:00,2024-07-13 22:15:00+00:00,LONG,58676.01,58659.47,0.5,0.0065
2024-07-13 22:20:00+00:00,2024-07-13 23:20:00+00:00,LONG,58464.0,59588.42,0.5,1.0424
2024-07-14 00:10:00+00:00,2024-07-14 01:10:00+00:00,LONG,59436.02,59612.18,0.5,0.2249
2024-07-14 03:40:00+00:00,2024-07-14 04:40:00+00:00,LONG,59400.0,59842.05,0.5,0.2472
2024-07-14 04:45:00+00:00,2024-07-14 05:45:00+00:00,LONG,59750.0,60140.0,0.5,0.2643
2024-07-14 05:50:00+00:00,2024-07-14 06:50:00+00:00,LONG,60197.5,59834.06,0.5,-0.2223
2024-07-14 06:55:00+00:00,2024-07-14 07:55:00+00:00,LONG,59875.99,60062.01,0.5,0.2045
2024-07-14 11:00:00+00:00,2024-07-14 12:00:00+00:00,LONG,59943.99,60097.53,0.5,0.1292
2024-07-14 12:05:00+00:00,2024-07-14 13:05:00+00:00,LONG,59928.13,59623.98,0.5,-0.2494
2024-07-14 13:10:00+00:00,2024-07-14 14:10:00+00:00,LONG,59625.99,59704.0,0.5,0.0788
2024-07-14 14:15:00+00:00,2024-07-14 15:15:00+00:00,LONG,59600.01,59925.52,0.5,0.3306
2024-07-14 15:30:00+00:00,2024-07-14 16:30:00+00:00,LONG,60014.01,59933.91,0.5,-0.0617
2024-07-14 20:10:00+00:00,2024-07-14 21:10:00+00:00,LONG,59927.19,60267.01,0.5,0.3119
2024-07-14 21:15:00+00:00,2024-07-14 22:15:00+00:00,LONG,60333.96,60826.0,0.5,0.416
2024-07-15 00:00:00+00:00,2024-07-15 01:00:00+00:00,LONG,60856.01,61204.0,0.5,0.2916
2024-07-15 01:05:00+00:00,2024-07-15 02:05:00+00:00,LONG,61402.0,61504.01,0.5,-0.032
2024-07-15 02:10:00+00:00,2024-07-15 03:10:00+00:00,LONG,61534.01,62473.51,0.5,0.7633
2024-07-15 03:15:00+00:00,2024-07-15 04:15:00+00:00,LONG,62507.48,62688.0,0.5,0.0356
2024-07-15 04:35:00+00:00,2024-07-15 05:35:00+00:00,LONG,62473.57,62750.0,0.5,0.2622
2024-07-15 06:05:00+00:00,2024-07-15 07:05:00+00:00,LONG,62793.77,62830.0,0.5,-0.0205
2024-07-15 07:10:00+00:00,2024-07-15 08:10:00+00:00,LONG,62909.86,62888.27,0.5,0.0144
2024-07-15 11:10:00+00:00,2024-07-15 12:10:00+00:00,LONG,62474.89,62562.0,0.5,0.1036
2024-07-15 12:15:00+00:00,2024-07-15 13:15:00+00:00,LONG,62584.01,62804.01,0.5,0.1324
2024-07-15 13:20:00+00:00,2024-07-15 14:20:00+00:00,LONG,62869.0,62797.97,0.5,-0.047
2024-07-15 14:25:00+00:00,2024-07-15 15:25:00+00:00,LONG,62863.99,63100.01,0.5,0.1468
2024-07-15 15:45:00+00:00,2024-07-15 16:45:00+00:00,LONG,62960.0,63462.01,0.5,0.3908
2024-07-15 17:45:00+00:00,2024-07-15 18:45:00+00:00,LONG,63287.74,63472.54,0.5,0.2288
2024-07-15 18:50:00+00:00,2024-07-15 19:50:00+00:00,LONG,63520.24,63333.8,0.5,-0.0861
2024-07-15 19:55:00+00:00,2024-07-15 20:55:00+00:00,LONG,63342.0,63731.36,0.5,0.323
2024-07-15 21:00:00+00:00,2024-07-15 22:00:00+00:00,LONG,63719.23,63595.77,0.5,-0.1468
2024-07-15 22:05:00+00:00,2024-07-15 23:05:00+00:00,LONG,63728.01,64472.01,0.5,0.4016
2024-07-15 23:30:00+00:00,2024-07-16 00:30:00+00:00,LONG,64658.0,64530.14,0.5,-0.0634
2024-07-16 00:35:00+00:00,2024-07-16 01:35:00+00:00,LONG,64494.9,64788.01,0.5,0.1886
2024-07-16 02:15:00+00:00,2024-07-16 03:15:00+00:00,LONG,64576.01,64813.0,0.5,0.1812
2024-07-16 07:25:00+00:00,2024-07-16 08:25:00+00:00,LONG,62998.01,62565.29,0.5,-0.1781
2024-07-16 08:30:00+00:00,2024-07-16 09:30:00+00:00,LONG,62546.0,62980.02,0.5,0.3426
2024-07-16 09:35:00+00:00,2024-07-16 10:35:00+00:00,LONG,63126.01,63504.74,0.5,0.2307
2024-07-16 11:05:00+00:00,2024-07-16 12:05:00+00:00,LONG,63341.23,63752.53,0.5,0.3608
2024-07-16 12:15:00+00:00,2024-07-16 13:15:00+00:00,LONG,63803.99,63652.66,0.5,-0.0641
2024-07-16 13:20:00+00:00,2024-07-16 14:20:00+00:00,LONG,63746.01,63618.0,0.5,-0.0793
2024-07-16 14:25:00+00:00,2024-07-16 15:25:00+00:00,LONG,63602.0,64504.01,0.5,0.5659
2024-07-16 15:30:00+00:00,2024-07-16 16:30:00+00:00,LONG,64500.0,64362.01,0.5,-0.0273
2024-07-16 16:35:00+00:00,2024-07-16 17:35:00+00:00,LONG,64542.78,64409.69,0.5,-0.1306
2024-07-16 17:40:00+00:00,2024-07-16 18:40:00+00:00,LONG,64532.01,64635.0,0.5,0.1022
2024-07-16 18:45:00+00:00,2024-07-16 19:45:00+00:00,LONG,64500.47,64724.73,0.5,0.2537
2024-07-16 19:50:00+00:00,2024-07-16 20:50:00+00:00,LONG,64904.52,64789.82,0.5,-0.0866
2024-07-16 21:40:00+00:00,2024-07-16 22:40:00+00:00,LONG,64617.37,64445.99,0.5,-0.2011
2024-07-16 22:45:00+00:00,2024-07-16 23:45:00+00:00,LONG,64582.0,65097.99,0.5,0.4688
2024-07-17 00:15:00+00:00,2024-07-17 01:15:00+00:00,LONG,65328.61,66090.01,0.5,0.3549
2024-07-17 02:20:00+00:00,2024-07-17 03:20:00+00:00,LONG,65655.97,65572.01,0.5,-0.0396
2024-07-17 03:30:00+00:00,2024-07-17 04:30:00+00:00,LONG,65628.0,65552.0,0.5,0.0351
2024-07-17 04:35:00+00:00,2024-07-17 05:35:00+00:00,LONG,65741.27,65830.64,0.5,0.0111
2024-07-17 08:10:00+00:00,2024-07-17 09:10:00+00:00,LONG,65058.66,65341.43,0.5,0.1402
2024-07-17 11:30:00+00:00,2024-07-17 12:30:00+00:00,LONG,64683.5,64959.33,0.5,0.0922
2024-07-17 13:10:00+00:00,2024-07-17 14:10:00+00:00,LONG,64808.05,64778.0,0.5,-0.0371
2024-07-17 14:15:00+00:00,2024-07-17 15:15:00+00:00,LONG,64953.19,65156.0,0.5,0.0791
2024-07-17 16:00:00+00:00,2024-07-17 17:00:00+00:00,LONG,64709.06,64312.0,0.5,-0.3622
2024-07-17 17:10:00+00:00,2024-07-17 18:10:00+00:00,LONG,63951.5,64369.99,0.5,0.3494
2024-07-17 18:15:00+00:00,2024-07-17 19:15:00+00:00,LONG,64491.22,64523.99,0.5,0.0151
2024-07-17 23:55:00+00:00,2024-07-18 00:55:00+00:00,LONG,64087.99,64443.54,0.5,0.3167
2024-07-18 01:00:00+00:00,2024-07-18 02:00:00+00:00,LONG,64528.0,64970.0,0.5,0.1169
2024-07-18 02:10:00+00:00,2024-07-18 03:10:00+00:00,LONG,64523.13,64740.01,0.5,0.2095
2024-07-18 05:10:00+00:00,2024-07-18 06:10:00+00:00,LONG,64462.03,64919.68,0.5,0.2719
2024-07-18 08:10:00+00:00,2024-07-18 09:10:00+00:00,LONG,64788.88,64802.68,0.5,0.0533
2024-07-18 10:05:00+00:00,2024-07-18 11:05:00+00:00,LONG,64704.55,64482.5,0.5,-0.1032
2024-07-18 11:10:00+00:00,2024-07-18 12:10:00+00:00,LONG,64529.5,64857.54,0.5,0.2435
2024-07-18 15:25:00+00:00,2024-07-18 16:25:00+00:00,LONG,63754.51,63650.0,0.5,-0.1519
2024-07-18 16:30:00+00:00,2024-07-18 17:30:00+00:00,LONG,63787.22,63760.01,0.5,0.01
2024-07-18 17:45:00+00:00,2024-07-18 18:45:00+00:00,LONG,63652.0,63372.37,0.5,-0.2307
2024-07-18 18:50:00+00:00,2024-07-18 19:50:00+00:00,LONG,63497.72,63680.01,0.5,0.1402
2024-07-18 20:10:00+00:00,2024-07-18 21:10:00+00:00,LONG,63450.87,63850.0,0.5,0.2822
2024-07-18 22:10:00+00:00,2024-07-18 23:10:00+00:00,LONG,63784.01,63982.99,0.5,0.169
2024-07-19 00:05:00+00:00,2024-07-19 01:05:00+00:00,LONG,63836.62,63500.0,0.5,-0.2596
2024-07-19 01:10:00+00:00,2024-07-19 02:10:00+00:00,LONG,63430.89,63915.05,0.5,0.3769
2024-07-19 02:25:00+00:00,2024-07-19 03:25:00+00:00,LONG,63860.0,64018.73,0.5,0.1529
2024-07-19 03:30:00+00:00,2024-07-19 04:30:00+00:00,LONG,64111.18,64262.0,0.5,0.0732
2024-07-19 08:10:00+00:00,2024-07-19 09:10:00+00:00,LONG,63417.35,64004.0,0.5,0.5244
2024-07-19 09:40:00+00:00,2024-07-19 10:40:00+00:00,LONG,63666.68,64014.89,0.5,0.2852
2024-07-19 10:45:00+00:00,2024-07-19 11:45:00+00:00,LONG,64054.97,63959.2,0.5,-0.082
2024-07-19 11:50:00+00:00,2024-07-19 12:50:00+00:00,LONG,63996.01,64321.64,0.5,0.296
2024-07-19 12:55:00+00:00,2024-07-19 13:55:00+00:00,LONG,64414.0,65135.9,0.5,0.4422
2024-07-19 14:00:00+00:00,2024-07-19 15:00:00+00:00,LONG,65050.0,65730.0,0.5,0.5329
2024-07-19 15:05:00+00:00,2024-07-19 16:05:00+00:00,LONG,65634.62,66100.01,0.5,0.326
2024-07-19 16:10:00+00:00,2024-07-19 17:10:00+00:00,LONG,66158.0,66365.0,0.5,0.151
2024-07-19 17:15:00+00:00,2024-07-19 18:15:00+00:00,LONG,66419.61,66602.91,0.5,0.1911
2024-07-19 18:20:00+00:00,2024-07-19 19:20:00+00:00,LONG,66429.29,67098.0,0.5,0.4198
2024-07-19 19:30:00+00:00,2024-07-19 20:30:00+00:00,LONG,67277.44,66930.0,0.5,-0.2676
2024-07-20 00:30:00+00:00,2024-07-20 01:30:00+00:00,LONG,66300.01,66536.0,0.5,0.2047
2024-07-20 01:55:00+00:00,2024-07-20 02:55:00+00:00,LONG,66361.99,66570.57,0.5,0.1828
2024-07-20 04:10:00+00:00,2024-07-20 05:10:00+00:00,LONG,66587.5,66574.99,0.5,-0.0282
2024-07-20 13:10:00+00:00,2024-07-20 14:10:00+00:00,LONG,66420.4,66560.0,0.5,0.109
2024-07-20 15:10:00+00:00,2024-07-20 16:10:00+00:00,LONG,66661.8,66783.2,0.5,0.0856
2024-07-20 17:10:00+00:00,2024-07-20 18:10:00+00:00,LONG,67078.53,67465.0,0.5,0.1514
2024-07-20 19:40:00+00:00,2024-07-20 20:40:00+00:00,LONG,67220.01,67366.67,0.5,0.1337
2024-07-20 21:05:00+00:00,2024-07-20 22:05:00+00:00,LONG,66911.8,67210.01,0.5,0.2699
2024-07-20 22:35:00+00:00,2024-07-20 23:35:00+00:00,LONG,67068.0,67164.99,0.5,0.0805
2024-07-21 01:10:00+00:00,2024-07-21 02:10:00+00:00,LONG,67103.99,67270.0,0.5,0.1384
2024-07-21 08:35:00+00:00,2024-07-21 09:35:00+00:00,LONG,66792.0,66923.02,0.5,0.0548
2024-07-21 11:10:00+00:00,2024-07-21 12:10:00+00:00,LONG,66849.98,66968.93,0.5,0.0841
2024-07-21 12:35:00+00:00,2024-07-21 13:35:00+00:00,LONG,66904.01,66629.19,0.5,-0.1408
2024-07-21 13:40:00+00:00,2024-07-21 14:40:00+00:00,LONG,66723.29,67375.93,0.5,0.405
2024-07-21 16:10:00+00:00,2024-07-21 17:10:00+00:00,LONG,67204.01,67497.66,0.5,0.231
2024-07-21 17:55:00+00:00,2024-07-21 18:55:00+00:00,LONG,66648.01,66864.42,0.5,0.2201
2024-07-21 19:00:00+00:00,2024-07-21 20:00:00+00:00,LONG,66839.93,67298.01,0.5,0.4336
2024-07-21 20:05:00+00:00,2024-07-21 21:05:00+00:00,LONG,67382.0,67702.0,0.5,0.2841
2024-07-21 21:10:00+00:00,2024-07-21 22:10:00+00:00,LONG,67632.01,68078.0,0.5,0.4079
2024-07-21 23:00:00+00:00,2024-07-22 00:00:00+00:00,LONG,68126.01,68177.2,0.5,0.0289
2024-07-22 00:05:00+00:00,2024-07-22 01:05:00+00:00,LONG,68137.28,68106.01,0.5,-0.042
2024-07-22 02:15:00+00:00,2024-07-22 03:15:00+00:00,LONG,67858.0,68058.0,0.5,0.1369
2024-07-22 06:35:00+00:00,2024-07-22 07:35:00+00:00,LONG,67238.0,67332.01,0.5,0.052
2024-07-22 08:40:00+00:00,2024-07-22 09:40:00+00:00,LONG,67208.0,67320.02,0.5,0.0847
2024-07-22 09:45:00+00:00,2024-07-22 10:45:00+00:00,LONG,67288.3,67390.0,0.5,0.0705
2024-07-22 10:55:00+00:00,2024-07-22 11:55:00+00:00,LONG,67422.01,67516.01,0.5,0.0526
2024-07-22 12:05:00+00:00,2024-07-22 13:05:00+00:00,LONG,67402.84,67817.39,0.5,0.2687
2024-07-22 14:00:00+00:00,2024-07-22 15:00:00+00:00,LONG,67124.0,66844.0,0.5,-0.3078
2024-07-22 15:10:00+00:00,2024-07-22 16:10:00+00:00,LONG,66818.0,67122.01,0.5,0.1703
2024-07-22 16:15:00+00:00,2024-07-22 17:15:00+00:00,LONG,67134.01,67208.01,0.5,-0.0075
2024-07-22 17:20:00+00:00,2024-07-22 18:20:00+00:00,LONG,67231.3,67470.0,0.5,0.2247
2024-07-22 18:30:00+00:00,2024-07-22 19:30:00+00:00,LONG,67380.01,67782.01,0.5,0.2118
2024-07-22 19:35:00+00:00,2024-07-22 20:35:00+00:00,LONG,67890.0,68058.83,0.5,0.0633
2024-07-22 23:10:00+00:00,2024-07-23 00:10:00+00:00,LONG,67338.0,67664.91,0.5,0.1925
2024-07-23 01:05:00+00:00,2024-07-23 02:05:00+00:00,LONG,67346.0,67440.01,0.5,0.0757
2024-07-23 02:10:00+00:00,2024-07-23 03:10:00+00:00,LONG,67302.01,67632.28,0.5,0.2691
2024-07-23 05:25:00+00:00,2024-07-23 06:25:00+00:00,LONG,66562.01,66684.11,0.5,0.039
2024-07-23 07:30:00+00:00,2024-07-23 08:30:00+00:00,LONG,66530.33,66911.22,0.5,0.1618
2024-07-23 11:15:00+00:00,2024-07-23 12:15:00+00:00,LONG,66642.01,66644.01,0.5,-0.0736
2024-07-23 12:35:00+00:00,2024-07-23 13:35:00+00:00,LONG,66450.01,66570.79,0.5,0.0917
2024-07-23 13:50:00+00:00,2024-07-23 14:50:00+00:00,LONG,66027.69,67182.06,0.5,0.8978
2024-07-23 20:10:00+00:00,2024-07-23 21:10:00+00:00,LONG,65718.0,65909.0,0.5,0.1641
2024-07-23 21:55:00+00:00,2024-07-23 22:55:00+00:00,LONG,65872.0,65917.99,0.5,0.0094
2024-07-23 23:00:00+00:00,2024-07-24 00:00:00+00:00,LONG,65990.01,65990.0,0.5,-0.0409
2024-07-24 01:50:00+00:00,2024-07-24 02:50:00+00:00,LONG,65699.22,65789.94,0.5,-0.0069
2024-07-24 05:10:00+00:00,2024-07-24 06:10:00+00:00,LONG,65787.42,65872.01,0.5,0.0568
2024-07-24 07:10:00+00:00,2024-07-24 08:10:00+00:00,LONG,65982.69,66236.01,0.5,0.2443
2024-07-24 08:25:00+00:00,2024-07-24 09:25:00+00:00,LONG,66181.96,66390.01,0.5,0.1703
2024-07-24 11:45:00+00:00,2024-07-24 12:45:00+00:00,LONG,66417.4,66268.38,0.5,-0.0462
2024-07-24 14:00:00+00:00,2024-07-24 15:00:00+00:00,LONG,66452.01,66716.01,0.5,0.2312
2024-07-24 15:50:00+00:00,2024-07-24 16:50:00+00:00,LONG,66307.48,66438.82,0.5,0.1159
2024-07-24 18:45:00+00:00,2024-07-24 19:45:00+00:00,LONG,65828.01,65837.99,0.5,0.1063
2024-07-24 19:55:00+00:00,2024-07-24 20:55:00+00:00,LONG,65652.0,66044.01,0.5,0.3004
2024-07-24 21:15:00+00:00,2024-07-24 22:15:00+00:00,LONG,65682.0,65542.0,0.5,-0.1739
2024-07-24 22:55:00+00:00,2024-07-24 23:55:00+00:00,LONG,65288.01,65376.0,0.5,0.0872
2024-07-25 00:00:00+00:00,2024-07-25 01:00:00+00:00,LONG,65454.0,65350.0,0.5,0.0464
2024-07-25 01:25:00+00:00,2024-07-25 02:25:00+00:00,LONG,64418.81,64217.98,0.5,-0.1374
2024-07-25 04:10:00+00:00,2024-07-25 05:10:00+00:00,LONG,64127.41,64258.0,0.5,0.0946
2024-07-25 05:25:00+00:00,2024-07-25 06:25:00+00:00,LONG,64190.0,64148.01,0.5,-0.0171
2024-07-25 06:30:00+00:00,2024-07-25 07:30:00+00:00,LONG,64139.97,64310.0,0.5,0.1203
2024-07-25 07:55:00+00:00,2024-07-25 08:55:00+00:00,LONG,64134.0,64352.01,0.5,0.1953
2024-07-26 00:10:00+00:00,2024-07-26 01:10:00+00:00,LONG,66062.63,66420.0,0.5,0.3368
2024-07-26 01:15:00+00:00,2024-07-26 02:15:00+00:00,LONG,66320.01,66512.0,0.5,0.1445
2024-07-26 02:20:00+00:00,2024-07-26 03:20:00+00:00,LONG,66666.0,67117.18,0.5,0.4272
2024-07-26 03:40:00+00:00,2024-07-26 04:40:00+00:00,LONG,67140.0,66960.0,0.5,-0.1088
2024-07-26 08:10:00+00:00,2024-07-26 09:10:00+00:00,LONG,67047.62,67113.28,0.5,0.0502
2024-07-26 09:15:00+00:00,2024-07-26 10:15:00+00:00,LONG,67197.99,67172.91,0.5,0.0699
2024-07-26 10:20:00+00:00,2024-07-26 11:20:00+00:00,LONG,67255.14,67238.0,0.5,-0.0261
2024-07-26 11:25:00+00:00,2024-07-26 12:25:00+00:00,LONG,67193.68,67338.0,0.5,0.0761
2024-07-26 12:35:00+00:00,2024-07-26 13:35:00+00:00,LONG,67188.0,67639.99,0.5,0.1256
2024-07-26 13:45:00+00:00,2024-07-26 14:45:00+00:00,LONG,67548.01,67130.0,0.5,-0.2823
2024-07-26 14:50:00+00:00,2024-07-26 15:50:00+00:00,LONG,67160.01,67516.72,0.5,0.291
2024-07-26 15:55:00+00:00,2024-07-26 16:55:00+00:00,LONG,67560.01,67396.0,0.5,-0.0518
2024-07-26 17:00:00+00:00,2024-07-26 18:00:00+00:00,LONG,67431.08,67410.0,0.5,-0.0438
2024-07-26 18:25:00+00:00,2024-07-26 19:25:00+00:00,LONG,67432.01,67877.78,0.5,0.306
2024-07-26 19:35:00+00:00,2024-07-26 20:35:00+00:00,LONG,67839.62,67664.01,0.5,0.0041
2024-07-26 21:10:00+00:00,2024-07-26 22:10:00+00:00,LONG,67692.97,67900.0,0.5,0.1402
2024-07-27 02:10:00+00:00,2024-07-27 03:10:00+00:00,LONG,67696.0,67879.15,0.5,0.1416
2024-07-27 04:10:00+00:00,2024-07-27 05:10:00+00:00,LONG,67864.38,67921.01,0.5,0.0454
2024-07-27 06:10:00+00:00,2024-07-27 07:10:00+00:00,LONG,67917.5,68160.01,0.5,0.216
2024-07-27 08:40:00+00:00,2024-07-27 09:40:00+00:00,LONG,67940.44,68137.99,0.5,0.1452
2024-07-27 11:10:00+00:00,2024-07-27 12:10:00+00:00,LONG,68058.0,68363.57,0.5,0.2565
2024-07-27 12:25:00+00:00,2024-07-27 13:25:00+00:00,LONG,68298.01,68832.0,0.5,0.3516
2024-07-27 13:30:00+00:00,2024-07-27 14:30:00+00:00,LONG,68949.5,69040.01,0.5,-0.0257
2024-07-27 14:55:00+00:00,2024-07-27 15:55:00+00:00,LONG,68981.69,68844.0,0.5,-0.1304
2024-07-27 16:00:00+00:00,2024-07-27 17:00:00+00:00,LONG,68951.43,68710.01,0.5,-0.1943
2024-07-27 19:10:00+00:00,2024-07-27 20:10:00+00:00,LONG,68321.15,67715.07,0.5,0.0328
2024-07-27 20:15:00+00:00,2024-07-27 21:15:00+00:00,LONG,67784.01,68374.0,0.5,0.54
2024-07-27 21:20:00+00:00,2024-07-27 22:20:00+00:00,LONG,68886.86,68729.98,0.5,-0.1085
2024-07-28 00:00:00+00:00,2024-07-28 01:00:00+00:00,LONG,67567.17,68016.01,0.5,0.2884
2024-07-28 01:20:00+00:00,2024-07-28 02:20:00+00:00,LONG,68125.0,68081.02,0.5,-0.0918
2024-07-28 02:25:00+00:00,2024-07-28 03:25:00+00:00,LONG,68042.0,68074.01,0.5,-0.0227
2024-07-28 05:00:00+00:00,2024-07-28 06:00:00+00:00,LONG,67154.0,67476.0,0.5,0.1991
2024-07-28 07:05:00+00:00,2024-07-28 08:05:00+00:00,LONG,67385.93,67472.0,0.5,0.0548
2024-07-28 08:30:00+00:00,2024-07-28 09:30:00+00:00,LONG,67424.0,67526.01,0.5,-0.0267
2024-07-28 10:00:00+00:00,2024-07-28 11:00:00+00:00,LONG,67433.72,67622.01,0.5,0.0936
2024-07-28 11:10:00+00:00,2024-07-28 12:10:00+00:00,LONG,67659.92,67796.0,0.5,0.0783
2024-07-28 16:15:00+00:00,2024-07-28 17:15:00+00:00,LONG,67741.88,67845.01,0.5,0.0724
2024-07-28 17:20:00+00:00,2024-07-28 18:20:00+00:00,LONG,67758.01,68133.48,0.5,0.2801
2024-07-28 21:10:00+00:00,2024-07-28 22:10:00+00:00,LONG,67894.01,68084.01,0.5,0.1221
2024-07-28 23:10:00+00:00,2024-07-29 00:10:00+00:00,LONG,68012.5,68600.02,0.5,0.5238
2024-07-29 00:15:00+00:00,2024-07-29 01:15:00+00:00,LONG,68888.0,68440.0,0.5,-0.2168
2024-07-29 01:20:00+00:00,2024-07-29 02:20:00+00:00,LONG,68452.01,69265.51,0.5,0.4928
2024-07-29 02:25:00+00:00,2024-07-29 03:25:00+00:00,LONG,69238.01,69440.0,0.5,0.1405
2024-07-29 03:45:00+00:00,2024-07-29 04:45:00+00:00,LONG,69307.01,69312.62,0.5,0.0053
2024-07-29 04:50:00+00:00,2024-07-29 05:50:00+00:00,LONG,69304.01,69698.0,0.5,0.2332
2024-07-29 07:55:00+00:00,2024-07-29 08:55:00+00:00,LONG,69528.01,69457.5,0.5,-0.0288
2024-07-29 09:20:00+00:00,2024-07-29 10:20:00+00:00,LONG,69558.03,69540.8,0.5,-0.0993
2024-07-29 10:25:00+00:00,2024-07-29 11:25:00+00:00,LONG,69532.23,69809.11,0.5,0.1836
2024-07-29 12:10:00+00:00,2024-07-29 13:10:00+00:00,LONG,69416.01,69956.63,0.5,0.2587
2024-07-29 15:10:00+00:00,2024-07-29 16:10:00+00:00,LONG,68104.01,68004.01,0.5,-0.1205
2024-07-29 16:30:00+00:00,2024-07-29 17:30:00+00:00,LONG,67235.1,66938.31,0.5,-0.379
2024-07-29 17:35:00+00:00,2024-07-29 18:35:00+00:00,LONG,66934.01,67376.0,0.5,0.2831
2024-07-29 18:45:00+00:00,2024-07-29 19:45:00+00:00,LONG,67376.66,67371.97,0.5,0.0722
2024-07-29 20:10:00+00:00,2024-07-29 21:10:00+00:00,LONG,67268.23,67151.65,0.5,-0.0775
2024-07-29 21:15:00+00:00,2024-07-29 22:15:00+00:00,LONG,67140.01,67550.01,0.5,0.3044
2024-07-29 23:10:00+00:00,2024-07-30 00:10:00+00:00,LONG,66725.99,66722.01,0.5,0.0509
2024-07-30 00:15:00+00:00,2024-07-30 01:15:00+00:00,LONG,66600.01,66736.0,0.5,0.117
2024-07-30 01:50:00+00:00,2024-07-30 02:50:00+00:00,LONG,66210.32,66392.01,0.5,0.1174
2024-07-30 02:55:00+00:00,2024-07-30 03:55:00+00:00,LONG,66418.01,66610.0,0.5,0.1008
2024-07-30 04:10:00+00:00,2024-07-30 05:10:00+00:00,LONG,66646.69,66664.67,0.5,0.0577
2024-07-30 05:25:00+00:00,2024-07-30 06:25:00+00:00,LONG,66467.56,66696.0,0.5,0.1115
2024-07-30 06:30:00+00:00,2024-07-30 07:30:00+00:00,LONG,66703.99,66953.39,0.5,0.1736
2024-07-30 12:10:00+00:00,2024-07-30 13:10:00+00:00,LONG,66562.01,66743.72,0.5,0.1498
2024-07-30 13:55:00+00:00,2024-07-30 14:55:00+00:00,LONG,66381.99,65810.0,0.5,-0.2734
2024-07-30 15:00:00+00:00,2024-07-30 16:00:00+00:00,LONG,65724.27,66150.01,0.5,0.3727
2024-07-30 16:05:00+00:00,2024-07-30 17:05:00+00:00,LONG,66188.0,66024.0,0.5,-0.1428
2024-07-30 17:20:00+00:00,2024-07-30 18:20:00+00:00,LONG,65896.01,65978.15,0.5,0.0561
2024-07-30 18:45:00+00:00,2024-07-30 19:45:00+00:00,LONG,65644.01,65973.65,0.5,0.1065
2024-07-30 19:50:00+00:00,2024-07-30 20:50:00+00:00,LONG,65959.91,66110.0,0.5,0.1605
2024-07-30 20:55:00+00:00,2024-07-30 21:55:00+00:00,LONG,66186.01,66304.0,0.5,0.0936
2024-07-30 22:55:00+00:00,2024-07-30 23:55:00+00:00,LONG,66222.0,66188.0,0.5,0.0166
2024-07-31 00:05:00+00:00,2024-07-31 01:05:00+00:00,LONG,66080.0,66321.99,0.5,0.2415
2024-08-09 16:10:00+00:00,2024-08-09 17:10:00+00:00,LONG,59915.29,60551.25,0.5,0.3767
2024-08-09 17:55:00+00:00,2024-08-09 18:55:00+00:00,LONG,60197.5,60314.23,0.5,0.0365
2024-08-09 19:00:00+00:00,2024-08-09 20:00:00+00:00,LONG,60254.03,60624.55,0.5,0.3534
2024-08-09 20:05:00+00:00,2024-08-09 21:05:00+00:00,LONG,60736.39,60124.92,0.5,-0.1899
2024-08-09 21:10:00+00:00,2024-08-09 22:10:00+00:00,LONG,60165.02,60382.22,0.5,0.1963
2024-08-09 22:15:00+00:00,2024-08-09 23:15:00+00:00,LONG,60504.49,60422.01,0.5,0.0045
2024-08-09 23:20:00+00:00,2024-08-10 00:20:00+00:00,LONG,60406.0,61176.0,0.5,0.4761
2024-08-10 03:05:00+00:00,2024-08-10 04:05:00+00:00,LONG,60426.0,60349.99,0.5,-0.0994
2024-08-10 04:10:00+00:00,2024-08-10 05:10:00+00:00,LONG,60262.04,60417.89,0.5,0.0871
2024-08-10 05:40:00+00:00,2024-08-10 06:40:00+00:00,LONG,60398.0,60469.86,0.5,0.0653
2024-08-10 06:50:00+00:00,2024-08-10 07:50:00+00:00,LONG,60450.0,60778.0,0.5,0.2574
2024-08-10 16:10:00+00:00,2024-08-10 17:10:00+00:00,LONG,60600.01,60681.04,0.5,0.0313
2024-08-10 17:15:00+00:00,2024-08-10 18:15:00+00:00,LONG,60692.31,61032.81,0.5,0.3478
2024-08-10 18:55:00+00:00,2024-08-10 19:55:00+00:00,LONG,60953.38,61016.45,0.5,0.0117
2024-08-10 20:05:00+00:00,2024-08-10 21:05:00+00:00,LONG,61105.01,61089.67,0.5,-0.0864
2024-08-10 23:10:00+00:00,2024-08-11 00:10:00+00:00,LONG,60861.33,61198.84,0.5,0.2104
2024-08-11 00:30:00+00:00,2024-08-11 01:30:00+00:00,LONG,61067.99,61082.49,0.5,-0.0459
2024-08-11 01:35:00+00:00,2024-08-11 02:35:00+00:00,LONG,61049.34,61012.48,0.5,-0.034
2024-08-11 03:55:00+00:00,2024-08-11 04:55:00+00:00,LONG,61085.01,60895.99,0.5,-0.1237
2024-08-11 05:10:00+00:00,2024-08-11 06:10:00+00:00,LONG,60966.28,61116.01,0.5,0.1167
2024-08-11 06:20:00+00:00,2024-08-11 07:20:00+00:00,LONG,61060.66,61120.84,0.5,0.0813
2024-08-11 07:25:00+00:00,2024-08-11 08:25:00+00:00,LONG,61098.9,61192.36,0.5,0.1382
2024-08-11 11:25:00+00:00,2024-08-11 12:25:00+00:00,LONG,60670.01,60532.0,0.5,-0.1135
2024-08-11 12:40:00+00:00,2024-08-11 13:40:00+00:00,LONG,60470.07,60431.47,0.5,-0.0944
2024-08-11 15:05:00+00:00,2024-08-11 16:05:00+00:00,LONG,59966.0,60130.98,0.5,0.198
2024-08-11 16:15:00+00:00,2024-08-11 17:15:00+00:00,LONG,60068.01,60123.44,0.5,0.0719
2024-08-11 17:25:00+00:00,2024-08-11 18:25:00+00:00,LONG,60034.47,60175.59,0.5,0.1464
2024-08-11 19:30:00+00:00,2024-08-11 20:30:00+00:00,LONG,59579.68,58604.99,0.5,-0.8116
2024-08-11 20:35:00+00:00,2024-08-11 21:35:00+00:00,LONG,58665.96,58799.99,0.5,0.0148
2024-08-11 22:15:00+00:00,2024-08-11 23:15:00+00:00,LONG,58777.97,58840.01,0.5,-0.0166
2024-08-12 00:35:00+00:00,2024-08-12 01:35:00+00:00,LONG,58303.85,58498.44,0.5,0.0379
2024-08-12 01:50:00+00:00,2024-08-12 02:50:00+00:00,LONG,58682.0,58474.49,0.5,-0.2065
2024-08-12 02:55:00+00:00,2024-08-12 03:55:00+00:00,LONG,58717.25,58509.5,0.5,-0.1743
2024-08-12 12:15:00+00:00,2024-08-12 13:15:00+00:00,LONG,59586.6,59599.94,0.5,0.1034
2024-08-12 13:45:00+00:00,2024-08-12 14:45:00+00:00,LONG,58407.05,60231.97,0.5,1.5368
2024-08-12 15:25:00+00:00,2024-08-12 16:25:00+00:00,LONG,59648.9,59799.99,0.5,0.0472
2024-08-13 21:00:00+00:00,2024-08-13 22:00:00+00:00,LONG,60607.16,60953.05,0.5,0.3477
2024-08-13 22:55:00+00:00,2024-08-13 23:55:00+00:00,LONG,60585.14,60587.15,0.5,-0.0027
2024-08-14 00:05:00+00:00,2024-08-14 01:05:00+00:00,LONG,60602.0,60658.79,0.5,0.1103
2024-08-14 01:25:00+00:00,2024-08-14 02:25:00+00:00,LONG,60569.17,60642.01,0.5,0.1169
2024-08-14 02:30:00+00:00,2024-08-14 03:30:00+00:00,LONG,60640.0,61146.0,0.5,0.3468
2024-08-14 04:00:00+00:00,2024-08-14 05:00:00+00:00,LONG,60963.39,60879.99,0.5,-0.0163
2024-08-14 06:05:00+00:00,2024-08-14 07:05:00+00:00,LONG,60694.91,60750.01,0.5,0.0808
2024-08-14 07:10:00+00:00,2024-08-14 08:10:00+00:00,LONG,60758.0,60759.74,0.5,0.1052
2024-08-14 08:15:00+00:00,2024-08-14 09:15:00+00:00,LONG,60667.99,60851.87,0.5,0.1629
2024-08-14 09:55:00+00:00,2024-08-14 10:55:00+00:00,LONG,60857.21,61100.0,0.5,0.2504
2024-08-14 11:00:00+00:00,2024-08-14 12:00:00+00:00,LONG,61043.91,61265.61,0.5,0.2068
2024-08-14 14:10:00+00:00,2024-08-14 15:10:00+00:00,LONG,59105.53,59249.93,0.5,0.0932
2024-08-14 15:30:00+00:00,2024-08-14 16:30:00+00:00,LONG,59074.0,59005.79,0.5,-0.0424
2024-08-14 16:35:00+00:00,2024-08-14 17:35:00+00:00,LONG,59075.7,59092.0,0.5,0.0605
2024-08-14 18:45:00+00:00,2024-08-14 19:45:00+00:00,LONG,58921.56,58984.56,0.5,0.0479
2024-08-18 08:10:00+00:00,2024-08-18 09:10:00+00:00,LONG,59546.13,59782.0,0.5,0.2015
2024-08-18 09:15:00+00:00,2024-08-18 10:15:00+00:00,LONG,59777.01,60132.95,0.5,0.1578
2024-08-18 10:55:00+00:00,2024-08-18 11:55:00+00:00,LONG,59870.73,60024.01,0.5,0.0339
2024-08-18 15:10:00+00:00,2024-08-18 16:10:00+00:00,LONG,59769.99,59817.53,0.5,0.0399
2024-08-18 17:25:00+00:00,2024-08-18 18:25:00+00:00,LONG,59433.99,59568.98,0.5,0.0658
2024-08-18 18:50:00+00:00,2024-08-18 19:50:00+00:00,LONG,59555.17,59691.99,0.5,0.1113
2024-08-20 00:10:00+00:00,2024-08-20 01:10:00+00:00,LONG,59408.0,60507.99,0.5,1.0153
2024-08-20 01:55:00+00:00,2024-08-20 02:55:00+00:00,LONG,60446.03,60528.83,0.5,0.062
2024-08-20 03:00:00+00:00,2024-08-20 04:00:00+00:00,LONG,60577.58,60678.02,0.5,0.0343
2024-08-20 04:05:00+00:00,2024-08-20 05:05:00+00:00,LONG,60745.99,60891.98,0.5,0.1486
2024-08-20 05:15:00+00:00,2024-08-20 06:15:00+00:00,LONG,61275.97,60982.0,0.5,-0.2245
2024-08-20 07:10:00+00:00,2024-08-20 08:10:00+00:00,LONG,60830.0,60794.73,0.5,0.0143
2024-08-20 13:20:00+00:00,2024-08-20 14:20:00+00:00,LONG,60509.99,60043.99,0.5,-0.3441
2024-08-20 15:10:00+00:00,2024-08-20 16:10:00+00:00,LONG,58862.99,58935.18,0.5,-0.1032
2024-08-20 16:15:00+00:00,2024-08-20 17:15:00+00:00,LONG,58860.8,58730.03,0.5,-0.1242
2024-08-20 17:20:00+00:00,2024-08-20 18:20:00+00:00,LONG,58738.01,59434.83,0.5,0.5039
2024-08-20 18:55:00+00:00,2024-08-20 19:55:00+00:00,LONG,59191.45,59511.99,0.5,0.2964
2024-08-20 20:00:00+00:00,2024-08-20 21:00:00+00:00,LONG,59490.69,59241.24,0.5,-0.1457
2024-08-20 21:10:00+00:00,2024-08-20 22:10:00+00:00,LONG,59053.29,59435.4,0.5,0.3622
2024-08-21 00:35:00+00:00,2024-08-21 01:35:00+00:00,LONG,59082.94,59023.18,0.5,-0.0984
2024-08-21 01:40:00+00:00,2024-08-21 02:40:00+00:00,LONG,59117.12,59391.72,0.5,0.1982
2024-08-21 03:05:00+00:00,2024-08-21 04:05:00+00:00,LONG,59355.94,59240.62,0.5,-0.0541
2024-08-21 04:10:00+00:00,2024-08-21 05:10:00+00:00,LONG,59230.0,59386.84,0.5,0.1029
2024-08-21 05:15:00+00:00,2024-08-21 06:15:00+00:00,LONG,59397.49,59575.31,0.5,0.0963
2024-08-21 06:55:00+00:00,2024-08-21 07:55:00+00:00,LONG,59627.32,59712.0,0.5,0.0653
2024-08-21 09:15:00+00:00,2024-08-21 10:15:00+00:00,LONG,59199.98,59350.01,0.5,0.1373
2024-08-21 10:35:00+00:00,2024-08-21 11:35:00+00:00,LONG,59250.02,59392.08,0.5,0.1203
2024-08-21 12:10:00+00:00,2024-08-21 13:10:00+00:00,LONG,59304.96,59460.97,0.5,0.1813
2024-08-21 13:15:00+00:00,2024-08-21 14:15:00+00:00,LONG,59529.62,59483.99,0.5,0.0154
2024-08-21 15:10:00+00:00,2024-08-21 16:10:00+00:00,LONG,59546.0,59438.02,0.5,-0.0728
2024-08-21 16:15:00+00:00,2024-08-21 17:15:00+00:00,LONG,59520.43,59856.06,0.5,0.251
2024-08-21 17:20:00+00:00,2024-08-21 18:20:00+00:00,LONG,59910.63,60295.19,0.5,0.1811
2024-08-21 18:25:00+00:00,2024-08-21 19:25:00+00:00,LONG,60449.99,61029.95,0.5,0.425
2024-08-21 19:30:00+00:00,2024-08-21 20:30:00+00:00,LONG,61143.26,61237.98,0.5,0.0905
2024-08-21 20:50:00+00:00,2024-08-21 21:50:00+00:00,LONG,61020.27,61288.35,0.5,0.176
2024-08-22 01:10:00+00:00,2024-08-22 02:10:00+00:00,LONG,60946.67,60849.99,0.5,-0.0684
2024-08-22 02:50:00+00:00,2024-08-22 03:50:00+00:00,LONG,59948.0,60495.34,0.5,0.4103
2024-08-22 03:55:00+00:00,2024-08-22 04:55:00+00:00,LONG,60548.9,60834.52,0.5,0.1782
2024-08-22 05:05:00+00:00,2024-08-22 06:05:00+00:00,LONG,60711.99,60918.0,0.5,0.1315
2024-08-22 06:25:00+00:00,2024-08-22 07:25:00+00:00,LONG,60773.99,60778.59,0.5,-0.0477
2024-08-22 07:30:00+00:00,2024-08-22 08:30:00+00:00,LONG,60772.57,60986.0,0.5,0.2064
2024-08-22 09:10:00+00:00,2024-08-22 10:10:00+00:00,LONG,60862.49,60928.13,0.5,0.0353
2024-08-22 10:15:00+00:00,2024-08-22 11:15:00+00:00,LONG,61007.17,61194.27,0.5,0.1807
2024-08-22 11:20:00+00:00,2024-08-22 12:20:00+00:00,LONG,61227.45,61238.45,0.5,-0.0915
2024-08-22 13:10:00+00:00,2024-08-22 14:10:00+00:00,LONG,60778.74,60583.58,0.5,-0.2474
2024-08-22 15:35:00+00:00,2024-08-22 16:35:00+00:00,LONG,60253.01,60530.85,0.5,0.1839
2024-08-22 16:55:00+00:00,2024-08-22 17:55:00+00:00,LONG,60329.7,60164.7,0.5,-0.1275
2024-08-22 18:00:00+00:00,2024-08-22 19:00:00+00:00,LONG,60202.0,60384.0,0.5,0.1072
2024-08-22 19:05:00+00:00,2024-08-22 20:05:00+00:00,LONG,60341.54,60391.09,0.5,0.1349
2024-08-22 20:10:00+00:00,2024-08-22 21:10:00+00:00,LONG,60402.05,60525.99,0.5,0.1157
2024-08-23 00:10:00+00:00,2024-08-23 01:10:00+00:00,LONG,60497.98,60790.0,0.5,0.2607
2024-08-23 01:35:00+00:00,2024-08-23 02:35:00+00:00,LONG,60664.0,60720.0,0.5,0.0328
2024-08-23 04:10:00+00:00,2024-08-23 05:10:00+00:00,LONG,60650.0,60894.84,0.5,0.158
2024-08-23 06:10:00+00:00,2024-08-23 07:10:00+00:00,LONG,60946.66,61136.99,0.5,0.2093
2024-08-23 08:10:00+00:00,2024-08-23 09:10:00+00:00,LONG,61144.02,61248.12,0.5,0.1078
2024-08-23 12:10:00+00:00,2024-08-23 13:10:00+00:00,LONG,60820.96,61000.0,0.5,0.2732
2024-08-23 13:15:00+00:00,2024-08-23 14:15:00+00:00,LONG,61050.16,61509.1,0.5,0.8428
2024-08-23 14:50:00+00:00,2024-08-23 15:50:00+00:00,LONG,60913.76,61541.13,0.5,0.5577
2024-08-23 15:55:00+00:00,2024-08-23 16:55:00+00:00,LONG,61533.05,61731.99,0.5,0.1403
2024-08-23 17:00:00+00:00,2024-08-23 18:00:00+00:00,LONG,61756.01,63105.93,0.5,0.9971
2024-08-23 18:05:00+00:00,2024-08-23 19:05:00+00:00,LONG,62818.04,63287.99,0.5,0.251
2024-08-23 19:10:00+00:00,2024-08-23 20:10:00+00:00,LONG,63504.97,63719.06,0.5,0.1041
2024-08-23 20:20:00+00:00,2024-08-23 21:20:00+00:00,LONG,63695.99,64375.76,0.5,0.2068
2024-08-23 23:00:00+00:00,2024-08-24 00:00:00+00:00,LONG,64176.0,64100.0,0.5,-0.1082
2024-08-24 00:05:00+00:00,2024-08-24 01:05:00+00:00,LONG,64057.72,63908.61,0.5,-0.1353
2024-08-24 01:20:00+00:00,2024-08-24 02:20:00+00:00,LONG,63710.38,63886.99,0.5,0.2268
2024-08-24 04:25:00+00:00,2024-08-24 05:25:00+00:00,LONG,63914.78,63993.44,0.5,0.0431
2024-08-24 05:35:00+00:00,2024-08-24 06:35:00+00:00,LONG,63927.49,64150.0,0.5,0.0974
2024-08-24 07:00:00+00:00,2024-08-24 08:00:00+00:00,LONG,64143.3,64230.9,0.5,0.1337
2024-08-24 12:20:00+00:00,2024-08-24 13:20:00+00:00,LONG,64120.45,64155.07,0.5,-0.0156
2024-08-24 13:40:00+00:00,2024-08-24 14:40:00+00:00,LONG,64152.01,64131.16,0.5,0.0117
2024-08-24 16:10:00+00:00,2024-08-24 17:10:00+00:00,LONG,64000.86,64230.0,0.5,0.1989
2024-08-24 17:30:00+00:00,2024-08-24 18:30:00+00:00,LONG,64153.0,64328.59,0.5,0.1921
2024-08-24 18:45:00+00:00,2024-08-24 19:45:00+00:00,LONG,64242.0,64228.0,0.5,0.049
2024-08-24 21:55:00+00:00,2024-08-24 22:55:00+00:00,LONG,63612.37,63833.98,0.5,0.213
2024-08-24 23:00:00+00:00,2024-08-25 00:00:00+00:00,LONG,63868.79,64184.3,0.5,0.2251
2024-08-25 03:40:00+00:00,2024-08-25 04:40:00+00:00,LONG,64000.01,64125.99,0.5,0.1053
2024-08-25 08:15:00+00:00,2024-08-25 09:15:00+00:00,LONG,63975.99,63845.0,0.5,-0.0704
2024-08-25 12:15:00+00:00,2024-08-25 13:15:00+00:00,LONG,63839.86,63935.3,0.5,0.0395
2024-08-25 13:20:00+00:00,2024-08-25 14:20:00+00:00,LONG,64029.18,64143.96,0.5,0.0973
2024-08-25 17:30:00+00:00,2024-08-25 18:30:00+00:00,LONG,64073.0,64128.99,0.5,0.0257
2024-08-26 00:15:00+00:00,2024-08-26 01:15:00+00:00,LONG,64217.9,64162.0,0.5,-0.0373
2024-08-26 01:55:00+00:00,2024-08-26 02:55:00+00:00,LONG,63939.98,64070.0,0.5,0.0555
2024-08-26 03:40:00+00:00,2024-08-26 04:40:00+00:00,LONG,64044.01,64036.0,0.5,0.0413
2024-08-26 08:35:00+00:00,2024-08-26 09:35:00+00:00,LONG,63767.0,63685.01,0.5,-0.1626
2024-08-26 09:40:00+00:00,2024-08-26 10:40:00+00:00,LONG,63643.0,63942.02,0.5,0.2461
2024-08-26 11:00:00+00:00,2024-08-26 12:00:00+00:00,LONG,63841.01,63892.3,0.5,0.0141
2024-08-26 12:05:00+00:00,2024-08-26 13:05:00+00:00,LONG,63935.22,63724.0,0.5,-0.2956
2024-08-26 13:40:00+00:00,2024-08-26 14:40:00+00:00,LONG,63611.01,63272.12,0.5,-0.3364
2024-08-26 14:45:00+00:00,2024-08-26 15:45:00+00:00,LONG,63389.0,63557.5,0.5,0.0765
2024-08-26 17:55:00+00:00,2024-08-26 18:55:00+00:00,LONG,63375.99,63643.94,0.5,0.1827
2024-08-26 19:45:00+00:00,2024-08-26 20:45:00+00:00,LONG,63305.01,63520.99,0.5,0.1782
2024-08-26 23:55:00+00:00,2024-08-27 00:55:00+00:00,LONG,62834.0,62722.0,0.5,-0.0263
2024-08-27 01:00:00+00:00,2024-08-27 02:00:00+00:00,LONG,63072.72,63054.01,0.5,-0.0618
2024-08-27 02:05:00+00:00,2024-08-27 03:05:00+00:00,LONG,63089.13,62773.0,0.5,-0.2297
2024-08-27 03:10:00+00:00,2024-08-27 04:10:00+00:00,LONG,62747.01,62922.69,0.5,0.1638
2024-08-27 04:15:00+00:00,2024-08-27 05:15:00+00:00,LONG,62931.0,63142.0,0.5,0.1468
2024-08-27 06:45:00+00:00,2024-08-27 07:45:00+00:00,LONG,62786.0,62844.01,0.5,0.0104
2024-08-27 07:50:00+00:00,2024-08-27 08:50:00+00:00,LONG,62870.92,62799.98,0.5,-0.0596
2024-08-27 10:25:00+00:00,2024-08-27 11:25:00+00:00,LONG,62375.1,62493.99,0.5,0.0783
2024-08-27 12:45:00+00:00,2024-08-27 13:45:00+00:00,LONG,62400.0,62305.0,0.5,-0.1645
2024-08-27 15:35:00+00:00,2024-08-27 16:35:00+00:00,LONG,61629.59,61757.0,0.5,0.19
2024-08-27 16:45:00+00:00,2024-08-27 17:45:00+00:00,LONG,61650.01,61812.01,0.5,0.0567
2024-08-27 17:50:00+00:00,2024-08-27 18:50:00+00:00,LONG,61892.99,62083.99,0.5,0.1468
2024-08-27 19:40:00+00:00,2024-08-27 20:40:00+00:00,LONG,62062.0,61959.73,0.5,-0.0734
2024-08-27 22:10:00+00:00,2024-08-27 23:10:00+00:00,LONG,58394.7,59241.0,0.5,0.765
2024-09-10 16:10:00+00:00,2024-09-10 17:10:00+00:00,LONG,56622.0,57298.0,0.5,0.2607
2024-09-10 17:15:00+00:00,2024-09-10 18:15:00+00:00,LONG,57240.79,57704.44,0.5,0.1485
2024-09-10 18:25:00+00:00,2024-09-10 19:25:00+00:00,LONG,57652.6,57603.8,0.5,-0.1186
2024-09-10 19:30:00+00:00,2024-09-10 20:30:00+00:00,LONG,57781.99,57672.0,0.5,-0.0762
2024-09-10 22:30:00+00:00,2024-09-10 23:30:00+00:00,LONG,57488.0,57684.48,0.5,0.2256
2024-09-11 00:10:00+00:00,2024-09-11 01:10:00+00:00,LONG,57591.99,57702.0,0.5,-0.0281
2024-09-11 01:55:00+00:00,2024-09-11 02:55:00+00:00,LONG,56717.99,56921.1,0.5,0.2374
2024-09-11 03:00:00+00:00,2024-09-11 04:00:00+00:00,LONG,56886.0,56741.81,0.5,-0.0584
2024-09-11 04:05:00+00:00,2024-09-11 05:05:00+00:00,LONG,56698.43,56414.0,0.5,-0.1788
2024-09-11 05:10:00+00:00,2024-09-11 06:10:00+00:00,LONG,56294.35,56412.48,0.5,0.077
2024-09-11 06:15:00+00:00,2024-09-11 07:15:00+00:00,LONG,56406.01,56584.09,0.5,0.1196
2024-09-11 07:20:00+00:00,2024-09-11 08:20:00+00:00,LONG,56599.99,56544.5,0.5,-0.0011
2024-09-11 09:10:00+00:00,2024-09-11 10:10:00+00:00,LONG,56548.78,56573.99,0.5,-0.0121
2024-09-11 12:25:00+00:00,2024-09-11 13:25:00+00:00,LONG,56831.72,56840.01,0.5,0.1812
2024-09-11 13:55:00+00:00,2024-09-11 14:55:00+00:00,LONG,55740.0,55974.0,0.5,-0.032
2024-09-11 15:00:00+00:00,2024-09-11 16:00:00+00:00,LONG,55950.01,56977.76,0.5,0.6669
2024-09-11 16:10:00+00:00,2024-09-11 17:10:00+00:00,LONG,56885.19,57643.82,0.5,0.5286
2024-09-11 18:55:00+00:00,2024-09-11 19:55:00+00:00,LONG,57500.0,57585.5,0.5,0.1031
2024-09-11 22:20:00+00:00,2024-09-11 23:20:00+00:00,LONG,57249.59,57393.81,0.5,0.1597
2024-09-12 00:10:00+00:00,2024-09-12 01:10:00+00:00,LONG,57461.08,57608.01,0.5,0.2127
2024-09-12 01:15:00+00:00,2024-09-12 02:15:00+00:00,LONG,57652.0,57930.01,0.5,0.2629
2024-09-12 02:20:00+00:00,2024-09-12 03:20:00+00:00,LONG,57905.79,58225.6,0.5,0.2147
2024-09-12 03:55:00+00:00,2024-09-12 04:55:00+00:00,LONG,58232.72,58181.98,0.5,-0.0625
2024-09-12 06:25:00+00:00,2024-09-12 07:25:00+00:00,LONG,57920.73,58059.99,0.5,0.0218
2024-09-12 07:30:00+00:00,2024-09-12 08:30:00+00:00,LONG,58057.99,58307.03,0.5,0.2175
2024-09-12 10:45:00+00:00,2024-09-12 11:45:00+00:00,LONG,57990.0,58100.0,0.5,0.0431
2024-09-12 12:55:00+00:00,2024-09-12 13:55:00+00:00,LONG,57691.56,57627.99,0.5,-0.0758
2024-09-12 14:00:00+00:00,2024-09-12 15:00:00+00:00,LONG,57723.87,57741.61,0.5,-0.1584
2024-09-12 16:10:00+00:00,2024-09-12 17:10:00+00:00,LONG,57764.01,58138.15,0.5,0.321
2024-09-12 17:15:00+00:00,2024-09-12 18:15:00+00:00,LONG,58278.56,58317.99,0.5,0.0396
2024-09-12 18:50:00+00:00,2024-09-12 19:50:00+00:00,LONG,58088.0,58312.94,0.5,0.168
2024-09-12 19:55:00+00:00,2024-09-12 20:55:00+00:00,LONG,58388.0,58199.99,0.5,-0.1389
2024-09-12 21:25:00+00:00,2024-09-12 22:25:00+00:00,LONG,57976.0,58050.79,0.5,0.0827
2024-09-12 23:15:00+00:00,2024-09-13 00:15:00+00:00,LONG,58079.64,58112.0,0.5,0.1216
2024-09-13 01:10:00+00:00,2024-09-13 02:10:00+00:00,LONG,57894.77,58012.0,0.5,0.1348
2024-09-13 05:00:00+00:00,2024-09-13 06:00:00+00:00,LONG,57858.0,57901.08,0.5,0.076
2024-09-13 06:05:00+00:00,2024-09-13 07:05:00+00:00,LONG,57861.65,57900.01,0.5,-0.0101
2024-09-13 07:10:00+00:00,2024-09-13 08:10:00+00:00,LONG,57871.41,58093.99,0.5,0.2019
2024-09-13 12:10:00+00:00,2024-09-13 13:10:00+00:00,LONG,57868.01,57834.73,0.5,-0.0951
2024-09-13 13:15:00+00:00,2024-09-13 14:15:00+00:00,LONG,57779.37,58214.01,0.5,0.3808
2024-09-13 14:20:00+00:00,2024-09-13 15:20:00+00:00,LONG,58319.99,58831.09,0.5,0.1045
2024-09-13 15:25:00+00:00,2024-09-13 16:25:00+00:00,LONG,59034.37,59624.95,0.5,0.5824
2024-09-13 16:50:00+00:00,2024-09-13 17:50:00+00:00,LONG,59483.99,59648.0,0.5,0.3318
2024-09-13 17:55:00+00:00,2024-09-13 18:55:00+00:00,LONG,59584.0,59752.17,0.5,0.1115
2024-09-13 20:10:00+00:00,2024-09-13 21:10:00+00:00,LONG,59684.05,60084.02,0.5,0.259
2024-09-13 21:15:00+00:00,2024-09-13 22:15:00+00:00,LONG,60141.99,60489.47,0.5,0.2107
2024-09-13 22:20:00+00:00,2024-09-13 23:20:00+00:00,LONG,60582.03,60377.98,0.5,-0.1271
2024-09-13 23:25:00+00:00,2024-09-14 00:25:00+00:00,LONG,60352.0,60490.5,0.5,0.1601
2024-09-14 06:10:00+00:00,2024-09-14 07:10:00+00:00,LONG,60020.0,60044.0,0.5,-0.0175
2024-09-14 12:10:00+00:00,2024-09-14 13:10:00+00:00,LONG,59773.99,59764.0,0.5,-0.0217
2024-09-14 13:20:00+00:00,2024-09-14 14:20:00+00:00,LONG,59701.11,59823.99,0.5,0.0242
2024-09-14 18:10:00+00:00,2024-09-14 19:10:00+00:00,LONG,59629.99,59763.91,0.5,0.0942
2024-09-14 20:10:00+00:00,2024-09-14 21:10:00+00:00,LONG,59792.0,60007.99,0.5,0.1487
2024-09-15 12:10:00+00:00,2024-09-15 13:10:00+00:00,LONG,59978.98,60174.05,0.5,0.1291
2024-09-15 13:55:00+00:00,2024-09-15 14:55:00+00:00,LONG,60189.98,60279.52,0.5,0.0066
2024-09-15 18:25:00+00:00,2024-09-15 19:25:00+00:00,LONG,59829.99,59860.48,0.5,0.1169
2024-09-15 23:10:00+00:00,2024-09-16 00:10:00+00:00,LONG,58844.2,58948.01,0.5,0.1796
2024-09-16 00:35:00+00:00,2024-09-16 01:35:00+00:00,LONG,58639.78,58584.0,0.5,0.027
2024-09-16 02:35:00+00:00,2024-09-16 03:35:00+00:00,LONG,58459.65,58494.0,0.5,0.0677
2024-09-16 04:40:00+00:00,2024-09-16 05:40:00+00:00,LONG,58403.99,58490.01,0.5,-0.0034
2024-09-16 05:45:00+00:00,2024-09-16 06:45:00+00:00,LONG,58524.34,58654.25,0.5,0.1374
2024-09-16 06:55:00+00:00,2024-09-16 07:55:00+00:00,LONG,58707.43,58911.1,0.5,0.2079
2024-09-16 10:10:00+00:00,2024-09-16 11:10:00+00:00,LONG,58580.0,58780.0,0.5,0.1273
2024-09-16 13:40:00+00:00,2024-09-16 14:40:00+00:00,LONG,58094.0,57767.99,0.5,-0.309
2024-09-16 14:50:00+00:00,2024-09-16 15:50:00+00:00,LONG,57658.03,57984.0,0.5,0.2276
2024-09-16 17:05:00+00:00,2024-09-16 18:05:00+00:00,LONG,57648.0,58045.99,0.5,0.3526
2024-09-16 19:15:00+00:00,2024-09-16 20:15:00+00:00,LONG,57856.01,58116.63,0.5,0.2656
2024-09-16 20:30:00+00:00,2024-09-16 21:30:00+00:00,LONG,57774.01,57854.01,0.5,0.0485
2024-09-16 21:35:00+00:00,2024-09-16 22:35:00+00:00,LONG,57823.95,57940.0,0.5,0.1209
2024-09-16 22:40:00+00:00,2024-09-16 23:40:00+00:00,LONG,57898.0,58268.54,0.5,0.2859
2024-09-17 01:00:00+00:00,2024-09-17 02:00:00+00:00,LONG,57766.0,57926.0,0.5,0.1124
2024-09-17 02:10:00+00:00,2024-09-17 03:10:00+00:00,LONG,57841.1,58082.02,0.5,0.2199
2024-09-17 04:10:00+00:00,2024-09-17 05:10:00+00:00,LONG,58150.0,58308.01,0.5,0.1099
2024-09-17 05:15:00+00:00,2024-09-17 06:15:00+00:00,LONG,58320.01,58529.82,0.5,0.1555
2024-09-17 07:00:00+00:00,2024-09-17 08:00:00+00:00,LONG,58471.74,58826.51,0.5,0.1909
2024-09-17 08:25:00+00:00,2024-09-17 09:25:00+00:00,LONG,58669.63,58740.0,0.5,0.0395
2024-09-17 09:30:00+00:00,2024-09-17 10:30:00+00:00,LONG,58769.89,59173.99,0.5,0.2782
2024-09-17 11:45:00+00:00,2024-09-17 12:45:00+00:00,LONG,59057.9,59330.27,0.5,0.213
2024-09-17 12:50:00+00:00,2024-09-17 13:50:00+00:00,LONG,59399.99,58905.99,0.5,-0.376
2024-09-17 13:55:00+00:00,2024-09-17 14:55:00+00:00,LONG,58966.0,60265.17,0.5,1.0754
2024-09-17 15:00:00+00:00,2024-09-17 16:00:00+00:00,LONG,60686.0,61173.98,0.5,0.369
2024-09-17 16:05:00+00:00,2024-09-17 17:05:00+00:00,LONG,61243.32,60806.01,0.5,-0.3902
2024-09-17 17:10:00+00:00,2024-09-17 18:10:00+00:00,LONG,60837.99,60917.88,0.5,0.169
2024-09-17 19:45:00+00:00,2024-09-17 20:45:00+00:00,LONG,59721.11,60109.99,0.5,0.2317
2024-09-17 20:50:00+00:00,2024-09-17 21:50:00+00:00,LONG,60073.0,60258.63,0.5,0.2426
2024-09-17 21:55:00+00:00,2024-09-17 22:55:00+00:00,LONG,60334.07,60240.01,0.5,-0.0432
2024-09-17 23:00:00+00:00,2024-09-18 00:00:00+00:00,LONG,60156.01,60312.01,0.5,0.1311
2024-09-18 00:05:00+00:00,2024-09-18 01:05:00+00:00,LONG,60143.99,60313.83,0.5,-0.0183
2024-09-18 01:15:00+00:00,2024-09-18 02:15:00+00:00,LONG,60138.0,60221.99,0.5,0.0688
2024-09-18 02:20:00+00:00,2024-09-18 03:20:00+00:00,LONG,60172.07,60525.43,0.5,0.2701
2024-09-18 06:10:00+00:00,2024-09-18 07:10:00+00:00,LONG,60321.49,60471.23,0.5,0.1461
2024-09-18 10:00:00+00:00,2024-09-18 11:00:00+00:00,LONG,59766.0,59848.48,0.5,0.1182
2024-09-18 12:10:00+00:00,2024-09-18 13:10:00+00:00,LONG,59751.35,59890.0,0.5,0.1159
2024-09-18 14:20:00+00:00,2024-09-18 15:20:00+00:00,LONG,59421.1,59503.24,0.5,0.1418
2024-09-18 15:45:00+00:00,2024-09-18 16:45:00+00:00,LONG,59463.15,59778.14,0.5,0.2917
2024-09-18 16:50:00+00:00,2024-09-18 17:50:00+00:00,LONG,59852.99,60099.99,0.5,0.1276
2024-09-18 18:00:00+00:00,2024-09-18 19:00:00+00:00,LONG,60298.06,60456.01,0.5,0.2743
2024-09-18 19:05:00+00:00,2024-09-18 20:05:00+00:00,LONG,60389.42,59801.1,0.5,-0.4042
2024-09-18 20:10:00+00:00,2024-09-18 21:10:00+00:00,LONG,59659.31,60369.98,0.5,0.5452
2024-09-18 21:20:00+00:00,2024-09-18 22:20:00+00:00,LONG,60327.76,60457.99,0.5,0.088
2024-09-18 22:25:00+00:00,2024-09-18 23:25:00+00:00,LONG,60591.99,61207.81,0.5,0.3937
2024-09-18 23:30:00+00:00,2024-09-19 00:30:00+00:00,LONG,61208.36,62284.0,0.5,0.8339
2024-09-19 01:00:00+00:00,2024-09-19 02:00:00+00:00,LONG,62042.44,61892.02,0.5,-0.0294
2024-09-19 02:05:00+00:00,2024-09-19 03:05:00+00:00,LONG,61913.99,62115.0,0.5,0.1724
2024-09-19 03:20:00+00:00,2024-09-19 04:20:00+00:00,LONG,62137.98,61919.63,0.5,-0.0805
2024-09-19 04:25:00+00:00,2024-09-19 05:25:00+00:00,LONG,61919.4,61986.0,0.5,0.1102
2024-09-19 06:10:00+00:00,2024-09-19 07:10:00+00:00,LONG,61852.08,61965.99,0.5,0.1499
2024-09-19 07:15:00+00:00,2024-09-19 08:15:00+00:00,LONG,62052.0,62182.0,0.5,0.0596
2024-09-19 08:25:00+00:00,2024-09-19 09:25:00+00:00,LONG,62052.01,62145.99,0.5,0.0805
2024-09-19 09:30:00+00:00,2024-09-19 10:30:00+00:00,LONG,62180.0,62386.41,0.5,0.3717
2024-09-19 10:55:00+00:00,2024-09-19 11:55:00+00:00,LONG,62320.01,62645.44,0.5,0.2513
2024-09-19 13:35:00+00:00,2024-09-19 14:35:00+00:00,LONG,63132.81,63361.05,0.5,0.2689
2024-09-19 14:50:00+00:00,2024-09-19 15:50:00+00:00,LONG,62914.01,63200.0,0.5,0.3076
2024-09-19 15:55:00+00:00,2024-09-19 16:55:00+00:00,LONG,63154.04,63556.92,0.5,0.3941
2024-09-19 17:25:00+00:00,2024-09-19 18:25:00+00:00,LONG,63388.0,63604.48,0.5,0.2486
2024-09-19 20:05:00+00:00,2024-09-19 21:05:00+00:00,LONG,63201.46,62967.98,0.5,-0.1959
2024-09-19 21:10:00+00:00,2024-09-19 22:10:00+00:00,LONG,63105.97,62819.99,0.5,-0.2387
2024-09-19 22:15:00+00:00,2024-09-19 23:15:00+00:00,LONG,62700.0,63030.0,0.5,0.2474
2024-09-20 00:10:00+00:00,2024-09-20 01:10:00+00:00,LONG,62897.43,62709.3,0.5,-0.184
2024-09-20 01:15:00+00:00,2024-09-20 02:15:00+00:00,LONG,62796.02,62936.21,0.5,0.1329
2024-09-20 02:20:00+00:00,2024-09-20 03:20:00+00:00,LONG,62819.85,63289.42,0.5,0.3985
2024-09-20 03:25:00+00:00,2024-09-20 04:25:00+00:00,LONG,63278.02,63862.01,0.5,0.4296
2024-09-20 05:45:00+00:00,2024-09-20 06:45:00+00:00,LONG,63772.0,63725.98,0.5,-0.0148
2024-09-20 08:10:00+00:00,2024-09-20 09:10:00+00:00,LONG,63405.36,63383.98,0.5,-0.0171
2024-09-20 09:15:00+00:00,2024-09-20 10:15:00+00:00,LONG,63448.0,63465.99,0.5,0.0079
2024-09-20 10:20:00+00:00,2024-09-20 11:20:00+00:00,LONG,63509.99,63609.99,0.5,0.1043
2024-09-20 13:15:00+00:00,2024-09-20 14:15:00+00:00,LONG,62985.99,62930.01,0.5,-0.2938
2024-09-20 14:20:00+00:00,2024-09-20 15:20:00+00:00,LONG,63200.0,62970.02,0.5,-0.222
2024-09-20 15:25:00+00:00,2024-09-20 16:25:00+00:00,LONG,62900.0,62993.99,0.5,0.1508
2024-09-20 17:25:00+00:00,2024-09-20 18:25:00+00:00,LONG,62737.58,62626.01,0.5,-0.1353
2024-09-20 18:30:00+00:00,2024-09-20 19:30:00+00:00,LONG,62599.9,62984.32,0.5,0.263
2024-09-20 20:10:00+00:00,2024-09-20 21:10:00+00:00,LONG,62740.01,63289.58,0.5,0.3652
2024-09-20 23:10:00+00:00,2024-09-21 00:10:00+00:00,LONG,63115.99,63071.18,0.5,0.0021
2024-09-21 05:10:00+00:00,2024-09-21 06:10:00+00:00,LONG,62879.93,63020.79,0.5,0.07
2024-09-21 07:25:00+00:00,2024-09-21 08:25:00+00:00,LONG,62988.01,63043.88,0.5,0.0475
2024-09-21 12:30:00+00:00,2024-09-21 13:30:00+00:00,LONG,63070.0,63120.0,0.5,0.0471
2024-09-21 16:30:00+00:00,2024-09-21 17:30:00+00:00,LONG,63186.0,63354.0,0.5,0.0901
2024-09-21 22:10:00+00:00,2024-09-21 23:10:00+00:00,LONG,63112.49,63170.62,0.5,0.071
2024-09-21 23:15:00+00:00,2024-09-22 00:15:00+00:00,LONG,63292.12,63275.62,0.5,-0.0169
2024-09-22 02:10:00+00:00,2024-09-22 03:10:00+00:00,LONG,62870.0,63181.78,0.5,0.2
2024-09-22 09:45:00+00:00,2024-09-22 10:45:00+00:00,LONG,62688.01,62646.02,0.5,-0.028
2024-09-22 11:05:00+00:00,2024-09-22 12:05:00+00:00,LONG,62592.0,62843.44,0.5,0.1956
2024-09-22 14:00:00+00:00,2024-09-22 15:00:00+00:00,LONG,62505.27,62687.11,0.5,0.13
2024-09-22 16:10:00+00:00,2024-09-22 17:10:00+00:00,LONG,62491.39,62952.0,0.5,0.2988
2024-09-22 18:20:00+00:00,2024-09-22 19:20:00+00:00,LONG,62969.45,62806.25,0.5,-0.0756
2024-09-22 19:25:00+00:00,2024-09-22 20:25:00+00:00,LONG,62836.45,63251.99,0.5,0.3525
2024-09-22 20:40:00+00:00,2024-09-22 21:40:00+00:00,LONG,63148.02,63113.54,0.5,-0.0793
2024-09-22 22:00:00+00:00,2024-09-22 23:00:00+00:00,LONG,62514.07,63842.44,0.5,1.0819
2024-09-23 00:05:00+00:00,2024-09-23 01:05:00+00:00,LONG,63250.0,63805.99,0.5,0.3042
2024-09-23 01:15:00+00:00,2024-09-23 02:15:00+00:00,LONG,63733.1,63759.84,0.5,0.0741
2024-09-23 02:20:00+00:00,2024-09-23 03:20:00+00:00,LONG,63709.99,64599.97,0.5,0.5821
2024-09-23 07:20:00+00:00,2024-09-23 08:20:00+00:00,LONG,63424.67,63494.0,0.5,0.0143
2024-09-23 08:40:00+00:00,2024-09-23 09:40:00+00:00,LONG,63360.24,63600.0,0.5,0.247
2024-09-23 11:10:00+00:00,2024-09-23 12:10:00+00:00,LONG,63399.19,63360.87,0.5,-0.0048
2024-09-23 12:15:00+00:00,2024-09-23 13:15:00+00:00,LONG,63384.97,63263.5,0.5,-0.1382
2024-09-23 13:20:00+00:00,2024-09-23 14:20:00+00:00,LONG,63287.99,63715.98,0.5,0.3105
2024-09-23 14:40:00+00:00,2024-09-23 15:40:00+00:00,LONG,63229.16,63619.64,0.5,0.2312
2024-09-23 17:10:00+00:00,2024-09-23 18:10:00+00:00,LONG,63207.13,63410.01,0.5,0.1724
2024-09-23 21:10:00+00:00,2024-09-23 22:10:00+00:00,LONG,63366.9,63282.0,0.5,-0.1054
2024-09-23 22:40:00+00:00,2024-09-23 23:40:00+00:00,LONG,63214.01,63371.99,0.5,0.1169
2024-09-23 23:50:00+00:00,2024-09-24 00:50:00+00:00,LONG,63330.0,63001.99,0.5,-0.2977
2024-09-24 01:35:00+00:00,2024-09-24 02:35:00+00:00,LONG,62912.0,62846.0,0.5,-0.0255
2024-09-24 02:40:00+00:00,2024-09-24 03:40:00+00:00,LONG,62989.77,63098.87,0.5,-0.034
2024-09-24 04:10:00+00:00,2024-09-24 05:10:00+00:00,LONG,63074.0,63151.92,0.5,0.0507
2024-09-24 05:15:00+00:00,2024-09-24 06:15:00+00:00,LONG,63150.89,63346.48,0.5,0.1158
2024-09-24 06:55:00+00:00,2024-09-24 07:55:00+00:00,LONG,63305.43,63559.92,0.5,0.2085
2024-09-24 11:05:00+00:00,2024-09-24 12:05:00+00:00,LONG,63408.22,63565.0,0.5,0.0959
2024-09-24 14:05:00+00:00,2024-09-24 15:05:00+00:00,LONG,63406.0,63319.99,0.5,-0.1975
2024-09-24 15:30:00+00:00,2024-09-24 16:30:00+00:00,LONG,63125.26,63220.48,0.5,0.0069
2024-09-24 16:35:00+00:00,2024-09-24 17:35:00+00:00,LONG,63210.51,63807.5,0.5,0.3998
2024-09-24 17:40:00+00:00,2024-09-24 18:40:00+00:00,LONG,63818.0,63805.28,0.5,0.0183
2024-09-24 18:45:00+00:00,2024-09-24 19:45:00+00:00,LONG,63734.0,64056.01,0.5,0.105
2024-09-24 19:50:00+00:00,2024-09-24 20:50:00+00:00,LONG,64327.4,64254.23,0.5,-0.1101
2024-09-25 00:10:00+00:00,2024-09-25 01:10:00+00:00,LONG,64215.0,64202.0,0.5,-0.0376
2024-09-25 01:15:00+00:00,2024-09-25 02:15:00+00:00,LONG,64127.48,64381.49,0.5,0.181
2024-09-25 02:20:00+00:00,2024-09-25 03:20:00+00:00,LONG,64436.2,64300.01,0.5,-0.1509
2024-09-25 03:25:00+00:00,2024-09-25 04:25:00+00:00,LONG,64281.98,64379.98,0.5,0.052
2024-09-25 07:10:00+00:00,2024-09-25 08:10:00+00:00,LONG,63762.65,63832.6,0.5,0.0361
2024-09-25 09:30:00+00:00,2024-09-25 10:30:00+00:00,LONG,63782.0,63680.0,0.5,-0.0467
2024-09-25 10:50:00+00:00,2024-09-25 11:50:00+00:00,LONG,63607.5,63820.0,0.5,0.1168
2024-09-25 13:10:00+00:00,2024-09-25 14:10:00+00:00,LONG,63495.96,63772.43,0.5,0.2671
2024-09-25 17:30:00+00:00,2024-09-25 18:30:00+00:00,LONG,63103.97,63200.01,0.5,0.0918
2024-09-25 20:10:00+00:00,2024-09-25 21:10:00+00:00,LONG,63343.99,63452.62,0.5,0.1158
2024-09-25 22:15:00+00:00,2024-09-25 23:15:00+00:00,LONG,63382.58,63173.97,0.5,-0.1696
2024-09-25 23:25:00+00:00,2024-09-26 00:25:00+00:00,LONG,63094.0,63263.38,0.5,0.1116
2024-09-26 00:40:00+00:00,2024-09-26 01:40:00+00:00,LONG,63176.0,62952.81,0.5,-0.3208
2024-09-26 01:45:00+00:00,2024-09-26 02:45:00+00:00,LONG,63035.89,63314.28,0.5,0.2156
2024-09-26 03:25:00+00:00,2024-09-26 04:25:00+00:00,LONG,63309.5,63444.03,0.5,0.1086
2024-09-26 05:10:00+00:00,2024-09-26 06:10:00+00:00,LONG,63471.99,63722.0,0.5,0.1212
2024-09-26 07:15:00+00:00,2024-09-26 08:15:00+00:00,LONG,63822.89,63788.84,0.5,-0.043
2024-09-26 08:40:00+00:00,2024-09-26 09:40:00+00:00,LONG,63780.0,63815.82,0.5,0.0323
2024-09-26 09:45:00+00:00,2024-09-26 10:45:00+00:00,LONG,63750.52,64309.99,0.5,0.4866
2024-09-26 10:50:00+00:00,2024-09-26 11:50:00+00:00,LONG,64396.54,64400.86,0.5,-0.0051
2024-09-26 12:10:00+00:00,2024-09-26 13:10:00+00:00,LONG,64412.0,64464.38,0.5,0.0993
2024-09-26 13:15:00+00:00,2024-09-26 14:15:00+00:00,LONG,64477.81,64956.0,0.5,0.2477
2024-09-26 14:30:00+00:00,2024-09-26 15:30:00+00:00,LONG,64783.06,65399.51,0.5,0.1664
2024-09-26 15:35:00+00:00,2024-09-26 16:35:00+00:00,LONG,65352.67,65530.01,0.5,0.0896
2024-09-26 18:30:00+00:00,2024-09-26 19:30:00+00:00,LONG,65012.01,65115.98,0.5,0.083
2024-09-26 20:10:00+00:00,2024-09-26 21:10:00+00:00,LONG,64714.99,64844.01,0.5,0.0913
2024-09-26 21:15:00+00:00,2024-09-26 22:15:00+00:00,LONG,64864.05,65074.02,0.5,0.2092
2024-09-26 22:25:00+00:00,2024-09-26 23:25:00+00:00,LONG,64980.01,64950.01,0.5,0.0123
2024-09-26 23:30:00+00:00,2024-09-27 00:30:00+00:00,LONG,64979.99,65241.44,0.5,0.1352
2024-09-27 00:50:00+00:00,2024-09-27 01:50:00+00:00,LONG,65222.02,65111.86,0.5,-0.109
2024-09-27 02:25:00+00:00,2024-09-27 03:25:00+00:00,LONG,64920.01,65011.62,0.5,0.0667
2024-09-27 03:30:00+00:00,2024-09-27 04:30:00+00:00,LONG,65102.01,65352.75,0.5,0.1687
2024-09-27 05:20:00+00:00,2024-09-27 06:20:00+00:00,LONG,65248.33,65399.9,0.5,0.2047
2024-09-27 07:10:00+00:00,2024-09-27 08:10:00+00:00,LONG,65404.0,65544.55,0.5,0.0978
2024-09-27 11:30:00+00:00,2024-09-27 12:30:00+00:00,LONG,65342.78,65631.31,0.5,0.0866
2024-09-27 12:35:00+00:00,2024-09-27 13:35:00+00:00,LONG,65719.34,65399.86,0.5,-0.0751
2024-09-27 13:40:00+00:00,2024-09-27 14:40:00+00:00,LONG,65432.5,66284.7,0.5,0.6656
2024-09-27 15:55:00+00:00,2024-09-27 16:55:00+00:00,LONG,66006.01,66303.03,0.5,0.208
2024-09-27 18:20:00+00:00,2024-09-27 19:20:00+00:00,LONG,65732.34,65780.6,0.5,0.059
2024-09-27 20:10:00+00:00,2024-09-27 21:10:00+00:00,LONG,65730.0,65769.31,0.5,0.0441
2024-09-28 00:10:00+00:00,2024-09-28 01:10:00+00:00,LONG,65800.0,65874.01,0.5,0.0453
2024-09-28 01:15:00+00:00,2024-09-28 02:15:00+00:00,LONG,65835.96,65977.06,0.5,0.0881
2024-09-28 09:10:00+00:00,2024-09-28 10:10:00+00:00,LONG,65515.7,65691.88,0.5,0.0993
2024-09-28 21:10:00+00:00,2024-09-28 22:10:00+00:00,LONG,65555.99,65649.98,0.5,0.0457
2024-09-28 23:10:00+00:00,2024-09-29 00:10:00+00:00,LONG,65646.01,65856.7,0.5,0.1475
2024-09-29 01:10:00+00:00,2024-09-29 02:10:00+00:00,LONG,65690.0,65880.01,0.5,0.1292
2024-09-29 08:25:00+00:00,2024-09-29 09:25:00+00:00,LONG,65440.01,65602.01,0.5,0.1417
2024-09-29 10:10:00+00:00,2024-09-29 11:10:00+00:00,LONG,65542.76,65640.94,0.5,0.0642
2024-09-29 13:10:00+00:00,2024-09-29 14:10:00+00:00,LONG,65759.68,65746.02,0.5,-0.0342
2024-09-29 15:10:00+00:00,2024-09-29 16:10:00+00:00,LONG,65698.97,65754.5,0.5,0.0333
2024-09-29 16:35:00+00:00,2024-09-29 17:35:00+00:00,LONG,65670.0,65884.0,0.5,0.1596
2024-09-29 19:10:00+00:00,2024-09-29 20:10:00+00:00,LONG,65822.0,65912.0,0.5,0.0956
2024-09-30 00:30:00+00:00,2024-09-30 01:30:00+00:00,LONG,65122.14,65284.01,0.5,0.1248
2024-09-30 02:10:00+00:00,2024-09-30 03:10:00+00:00,LONG,64537.61,64430.0,0.5,-0.2249
2024-09-30 03:15:00+00:00,2024-09-30 04:15:00+00:00,LONG,64444.0,64474.0,0.5,0.0124
2024-09-30 05:15:00+00:00,2024-09-30 06:15:00+00:00,LONG,64463.99,64634.02,0.5,0.1455
2024-09-30 07:10:00+00:00,2024-09-30 08:10:00+00:00,LONG,64613.99,64440.74,0.5,-0.1224
2024-09-30 08:40:00+00:00,2024-09-30 09:40:00+00:00,LONG,64204.0,63849.99,0.5,-0.3074
2024-09-30 10:00:00+00:00,2024-09-30 11:00:00+00:00,LONG,63609.76,63588.0,0.5,0.0285
2024-09-30 12:45:00+00:00,2024-09-30 13:45:00+00:00,LONG,63974.99,64029.97,0.5,0.0318
2024-09-30 14:20:00+00:00,2024-09-30 15:20:00+00:00,LONG,63652.0,63924.0,0.5,0.1819
2024-09-30 16:00:00+00:00,2024-09-30 17:00:00+00:00,LONG,63574.0,63493.97,0.5,-0.0685
2024-09-30 17:05:00+00:00,2024-09-30 18:05:00+00:00,LONG,63430.0,63484.17,0.5,0.2124
2024-09-30 18:20:00+00:00,2024-09-30 19:20:00+00:00,LONG,63168.0,63390.76,0.5,0.177
2024-09-30 19:25:00+00:00,2024-09-30 20:25:00+00:00,LONG,63463.96,63666.37,0.5,0.1737
2024-09-30 23:05:00+00:00,2024-10-01 00:05:00+00:00,LONG,63590.06,63336.01,0.5,-0.197
2024-10-01 00:10:00+00:00,2024-10-01 01:10:00+00:00,LONG,63207.82,63506.25,0.5,0.2794
2024-10-01 01:50:00+00:00,2024-10-01 02:50:00+00:00,LONG,63433.99,63387.55,0.5,-0.0868
2024-10-01 02:55:00+00:00,2024-10-01 03:55:00+00:00,LONG,63443.76,63723.48,0.5,0.2109
2024-10-07 05:50:00+00:00,2024-10-07 06:50:00+00:00,LONG,63374.0,63680.89,0.5,0.2463
2024-10-07 10:25:00+00:00,2024-10-07 11:25:00+00:00,LONG,62983.08,62794.39,0.5,-0.1249
2024-10-07 11:30:00+00:00,2024-10-07 12:30:00+00:00,LONG,62765.99,63003.24,0.5,0.2662
2024-10-07 12:45:00+00:00,2024-10-07 13:45:00+00:00,LONG,62967.66,63524.0,0.5,0.2543
2024-10-07 13:50:00+00:00,2024-10-07 14:50:00+00:00,LONG,63376.0,63970.0,0.5,0.5503
2024-10-07 15:05:00+00:00,2024-10-07 16:05:00+00:00,LONG,63753.99,63730.19,0.5,-0.0191
2024-10-07 16:15:00+00:00,2024-10-07 17:15:00+00:00,LONG,63704.01,63743.56,0.5,0.0047
2024-10-07 17:35:00+00:00,2024-10-07 18:35:00+00:00,LONG,63692.0,63330.39,0.5,-0.3063
2024-10-07 18:45:00+00:00,2024-10-07 19:45:00+00:00,LONG,62846.0,63349.99,0.5,0.3131
2024-10-07 19:50:00+00:00,2024-10-07 20:50:00+00:00,LONG,63428.28,63006.0,0.5,-0.2655
2024-10-07 21:25:00+00:00,2024-10-07 22:25:00+00:00,LONG,63262.0,63249.21,0.5,0.0016
2024-10-07 23:05:00+00:00,2024-10-08 00:05:00+00:00,LONG,62532.02,62182.0,0.5,-0.1859
2024-10-08 00:10:00+00:00,2024-10-08 01:10:00+00:00,LONG,62353.25,62530.0,0.5,0.1878
2024-10-08 01:15:00+00:00,2024-10-08 02:15:00+00:00,LONG,62391.99,62517.94,0.5,0.1421
2024-10-08 02:20:00+00:00,2024-10-08 03:20:00+00:00,LONG,62467.84,62666.66,0.5,0.1255
2024-10-08 03:50:00+00:00,2024-10-08 04:50:00+00:00,LONG,62598.32,62648.6,0.5,0.0301
2024-10-08 06:10:00+00:00,2024-10-08 07:10:00+00:00,LONG,62357.51,62319.99,0.5,-0.0012
2024-10-08 07:20:00+00:00,2024-10-08 08:20:00+00:00,LONG,62157.12,62313.96,0.5,0.1421
2024-10-08 08:25:00+00:00,2024-10-08 09:25:00+00:00,LONG,62356.57,62433.87,0.5,0.0558
2024-10-08 09:40:00+00:00,2024-10-08 10:40:00+00:00,LONG,62399.99,62473.01,0.5,0.0418
2024-10-08 10:45:00+00:00,2024-10-08 11:45:00+00:00,LONG,62533.4,62630.06,0.5,0.0532
2024-10-08 13:10:00+00:00,2024-10-08 14:10:00+00:00,LONG,62399.46,62656.0,0.5,0.3629
2024-10-08 14:30:00+00:00,2024-10-08 15:30:00+00:00,LONG,62358.32,61943.99,0.5,-0.1204
2024-10-08 15:35:00+00:00,2024-10-08 16:35:00+00:00,LONG,62174.02,62396.01,0.5,0.1622
2024-10-08 16:40:00+00:00,2024-10-08 17:40:00+00:00,LONG,62511.99,62220.01,0.5,-0.2421
2024-10-08 17:45:00+00:00,2024-10-08 18:45:00+00:00,LONG,62154.0,61934.88,0.5,-0.0515
2024-10-08 18:50:00+00:00,2024-10-08 19:50:00+00:00,LONG,62053.82,62327.34,0.5,0.1755
2024-10-08 20:00:00+00:00,2024-10-08 21:00:00+00:00,LONG,62186.0,62370.0,0.5,0.1718
2024-10-12 09:10:00+00:00,2024-10-12 10:10:00+00:00,LONG,62686.0,62957.99,0.5,0.1306
2024-10-12 12:10:00+00:00,2024-10-12 13:10:00+00:00,LONG,62954.33,63098.0,0.5,0.0907
2024-10-12 14:25:00+00:00,2024-10-12 15:25:00+00:00,LONG,63149.99,63321.43,0.5,0.1394
2024-10-12 15:40:00+00:00,2024-10-12 16:40:00+00:00,LONG,63057.01,63139.91,0.5,0.0494
2024-10-12 21:10:00+00:00,2024-10-12 22:10:00+00:00,LONG,63153.55,63219.22,0.5,0.0562
2024-10-13 02:15:00+00:00,2024-10-13 03:15:00+00:00,LONG,62791.2,62794.0,0.5,0.0227
2024-10-13 07:10:00+00:00,2024-10-13 08:10:00+00:00,LONG,62783.56,62899.99,0.5,0.0926
2024-10-13 12:10:00+00:00,2024-10-13 13:10:00+00:00,LONG,62650.32,62716.04,0.5,0.0702
2024-10-13 14:55:00+00:00,2024-10-13 15:55:00+00:00,LONG,62249.6,62229.31,0.5,0.0212
2024-10-13 16:00:00+00:00,2024-10-13 17:00:00+00:00,LONG,62241.21,62742.11,0.5,0.3106
2024-10-13 17:45:00+00:00,2024-10-13 18:45:00+00:00,LONG,62523.01,62415.62,0.5,-0.1229
2024-10-13 18:50:00+00:00,2024-10-13 19:50:00+00:00,LONG,62447.68,62721.94,0.5,0.1761
2024-10-13 19:55:00+00:00,2024-10-13 20:55:00+00:00,LONG,62734.32,62762.91,0.5,-0.0369
2024-10-13 21:10:00+00:00,2024-10-13 22:10:00+00:00,LONG,62679.9,63000.0,0.5,0.2706
2024-10-13 23:10:00+00:00,2024-10-14 00:10:00+00:00,LONG,62693.47,62697.11,0.5,0.0341
2024-10-14 00:15:00+00:00,2024-10-14 01:15:00+00:00,LONG,62629.68,62699.96,0.5,0.0375
2024-10-14 01:20:00+00:00,2024-10-14 02:20:00+00:00,LONG,62746.0,62592.0,0.5,-0.1261
2024-10-14 02:25:00+00:00,2024-10-14 03:25:00+00:00,LONG,62540.01,63330.0,0.5,0.3997
2024-10-14 03:30:00+00:00,2024-10-14 04:30:00+00:00,LONG,63550.0,64336.01,0.5,0.497
2024-10-14 05:10:00+00:00,2024-10-14 06:10:00+00:00,LONG,63958.8,63828.43,0.5,-0.0819
2024-10-14 06:15:00+00:00,2024-10-14 07:15:00+00:00,LONG,63929.67,64059.84,0.5,0.1492
2024-10-14 07:20:00+00:00,2024-10-14 08:20:00+00:00,LONG,64138.86,64640.42,0.5,0.3764
2024-10-14 08:55:00+00:00,2024-10-14 09:55:00+00:00,LONG,64427.99,64822.23,0.5,0.3331
2024-10-14 11:50:00+00:00,2024-10-14 12:50:00+00:00,LONG,64859.63,64879.81,0.5,0.0175
2024-10-14 12:55:00+00:00,2024-10-14 13:55:00+00:00,LONG,64868.05,65150.01,0.5,0.1083
2024-10-14 14:00:00+00:00,2024-10-14 15:00:00+00:00,LONG,65314.01,65862.0,0.5,0.4633
2024-10-14 15:05:00+00:00,2024-10-14 16:05:00+00:00,LONG,65957.98,65855.05,0.5,0.0106
2024-10-14 16:15:00+00:00,2024-10-14 17:15:00+00:00,LONG,65659.57,65672.01,0.5,0.0064
2024-10-14 17:25:00+00:00,2024-10-14 18:25:00+00:00,LONG,65569.33,65867.15,0.5,0.2272
2024-10-14 18:55:00+00:00,2024-10-14 19:55:00+00:00,LONG,65769.59,65939.4,0.5,0.1867
2024-10-14 20:05:00+00:00,2024-10-14 21:05:00+00:00,LONG,65955.99,65962.01,0.5,-0.0608
2024-10-14 22:10:00+00:00,2024-10-14 23:10:00+00:00,LONG,65981.81,66134.01,0.5,0.1686
2024-10-15 04:10:00+00:00,2024-10-15 05:10:00+00:00,LONG,65499.98,65426.49,0.5,-0.0153
2024-10-15 05:20:00+00:00,2024-10-15 06:20:00+00:00,LONG,65463.99,65519.5,0.5,0.0428
2024-10-15 06:25:00+00:00,2024-10-15 07:25:00+00:00,LONG,65472.12,65750.0,0.5,0.1707
2024-10-15 08:00:00+00:00,2024-10-15 09:00:00+00:00,LONG,65694.0,65707.99,0.5,0.0456
2024-10-15 11:55:00+00:00,2024-10-15 12:55:00+00:00,LONG,65399.69,65802.01,0.5,0.3051
2024-10-15 13:00:00+00:00,2024-10-15 14:00:00+00:00,LONG,65949.26,67684.0,0.5,1.279
2024-10-15 14:55:00+00:00,2024-10-15 15:55:00+00:00,LONG,65376.0,66022.0,0.5,0.4765
2024-10-15 16:00:00+00:00,2024-10-15 17:00:00+00:00,LONG,66071.67,66872.01,0.5,0.5992
2024-10-15 17:05:00+00:00,2024-10-15 18:05:00+00:00,LONG,66748.0,66998.0,0.5,0.2489
2024-10-15 18:55:00+00:00,2024-10-15 19:55:00+00:00,LONG,66901.15,66970.18,0.5,0.0723
2024-10-15 20:00:00+00:00,2024-10-15 21:00:00+00:00,LONG,66872.4,66537.99,0.5,-0.3022
2024-10-15 21:05:00+00:00,2024-10-15 22:05:00+00:00,LONG,66420.0,66539.55,0.5,0.0256
2024-10-15 22:10:00+00:00,2024-10-15 23:10:00+00:00,LONG,66550.0,66691.71,0.5,0.156
2024-10-15 23:15:00+00:00,2024-10-16 00:15:00+00:00,LONG,66713.43,66991.86,0.5,0.1695
2024-10-16 01:10:00+00:00,2024-10-16 02:10:00+00:00,LONG,66909.99,67480.0,0.5,0.4108
2024-10-16 04:35:00+00:00,2024-10-16 05:35:00+00:00,LONG,66923.99,67242.64,0.5,0.1641
2024-10-16 06:30:00+00:00,2024-10-16 07:30:00+00:00,LONG,67060.61,66972.73,0.5,-0.1284
2024-10-16 07:35:00+00:00,2024-10-16 08:35:00+00:00,LONG,66868.01,67220.1,0.5,0.19
2024-10-16 08:45:00+00:00,2024-10-16 09:45:00+00:00,LONG,67212.13,67388.0,0.5,0.1385
2024-10-16 09:50:00+00:00,2024-10-16 10:50:00+00:00,LONG,67356.45,67688.0,0.5,0.195
2024-10-16 10:55:00+00:00,2024-10-16 11:55:00+00:00,LONG,67733.54,67894.72,0.5,0.1861
2024-10-16 12:00:00+00:00,2024-10-16 13:00:00+00:00,LONG,67945.99,67932.27,0.5,-0.084
2024-10-16 13:40:00+00:00,2024-10-16 14:40:00+00:00,LONG,67233.96,67483.93,0.5,0.1732
2024-10-16 14:45:00+00:00,2024-10-16 15:45:00+00:00,LONG,67745.08,67758.01,0.5,0.0965
2024-10-16 15:50:00+00:00,2024-10-16 16:50:00+00:00,LONG,67773.99,67809.99,0.5,-0.1108
2024-10-16 17:10:00+00:00,2024-10-16 18:10:00+00:00,LONG,67795.98,67910.0,0.5,0.1334
2024-10-16 21:25:00+00:00,2024-10-16 22:25:00+00:00,LONG,67610.0,67679.99,0.5,0.0281
2024-10-17 01:10:00+00:00,2024-10-17 02:10:00+00:00,LONG,67712.65,67684.01,0.5,0.0754
2024-10-17 03:00:00+00:00,2024-10-17 04:00:00+00:00,LONG,67483.62,67583.34,0.5,0.0872
2024-10-17 07:10:00+00:00,2024-10-17 08:10:00+00:00,LONG,67188.02,67219.35,0.5,0.0539
2024-10-17 10:35:00+00:00,2024-10-17 11:35:00+00:00,LONG,66994.93,66965.99,0.5,-0.0825
2024-10-17 12:10:00+00:00,2024-10-17 13:10:00+00:00,LONG,66924.0,67117.46,0.5,0.1913
2024-10-17 13:20:00+00:00,2024-10-17 14:20:00+00:00,LONG,67030.0,66960.22,0.5,-0.0958
2024-10-17 14:25:00+00:00,2024-10-17 15:25:00+00:00,LONG,66943.96,67280.0,0.5,0.1998
2024-10-17 15:30:00+00:00,2024-10-17 16:30:00+00:00,LONG,67406.2,67142.47,0.5,-0.0541
2024-10-17 20:40:00+00:00,2024-10-17 21:40:00+00:00,LONG,67018.86,67014.01,0.5,0.0615
2024-10-17 21:45:00+00:00,2024-10-17 22:45:00+00:00,LONG,67003.89,67436.0,0.5,0.3377
2024-10-17 23:05:00+00:00,2024-10-18 00:05:00+00:00,LONG,67342.0,67365.22,0.5,0.043
2024-10-18 01:10:00+00:00,2024-10-18 02:10:00+00:00,LONG,67483.13,67864.45,0.5,0.2905
2024-10-18 04:10:00+00:00,2024-10-18 05:10:00+00:00,LONG,67669.82,67829.99,0.5,0.0134
2024-10-18 05:15:00+00:00,2024-10-18 06:15:00+00:00,LONG,67800.0,68175.89,0.5,0.1941
2024-10-18 06:40:00+00:00,2024-10-18 07:40:00+00:00,LONG,68099.25,67983.58,0.5,-0.0707
2024-10-18 07:45:00+00:00,2024-10-18 08:45:00+00:00,LONG,67909.1,67964.0,0.5,-0.0085
2024-10-18 12:10:00+00:00,2024-10-18 13:10:00+00:00,LONG,67817.98,67830.0,0.5,0.0143
2024-10-18 13:15:00+00:00,2024-10-18 14:15:00+00:00,LONG,67854.0,68224.93,0.5,0.1589
2024-10-18 14:20:00+00:00,2024-10-18 15:20:00+00:00,LONG,68130.15,68454.55,0.5,0.2093
2024-10-18 15:25:00+00:00,2024-10-18 16:25:00+00:00,LONG,68659.22,68650.0,0.5,0.0075
2024-10-18 16:35:00+00:00,2024-10-18 17:35:00+00:00,LONG,68708.18,68787.14,0.5,0.1019
2024-10-18 18:10:00+00:00,2024-10-18 19:10:00+00:00,LONG,68671.96,68858.38,0.5,0.2035
2024-10-18 19:55:00+00:00,2024-10-18 20:55:00+00:00,LONG,68608.01,68432.0,0.5,-0.1439
2024-10-18 22:05:00+00:00,2024-10-18 23:05:00+00:00,LONG,68337.37,68302.01,0.5,-0.064
2024-10-18 23:10:00+00:00,2024-10-19 00:10:00+00:00,LONG,68334.03,68367.48,0.5,0.0383
2024-10-19 22:10:00+00:00,2024-10-19 23:10:00+00:00,LONG,68241.58,68339.99,0.5,0.0589
2024-10-20 06:10:00+00:00,2024-10-20 07:10:00+00:00,LONG,68216.0,68420.06,0.5,0.1197
2024-10-20 13:00:00+00:00,2024-10-20 14:00:00+00:00,LONG,68321.99,68548.01,0.5,0.0949
2024-10-20 15:10:00+00:00,2024-10-20 16:10:00+00:00,LONG,68535.86,68564.0,0.5,0.0091
2024-10-20 20:10:00+00:00,2024-10-20 21:10:00+00:00,LONG,68528.31,68759.99,0.5,0.1542
2024-10-20 21:25:00+00:00,2024-10-20 22:25:00+00:00,LONG,68712.05,69122.0,0.5,0.1046
2024-10-20 23:45:00+00:00,2024-10-21 00:45:00+00:00,LONG,68951.72,69205.32,0.5,0.2115
2024-10-21 02:50:00+00:00,2024-10-21 03:50:00+00:00,LONG,68792.77,68903.91,0.5,0.0792
2024-10-21 03:55:00+00:00,2024-10-21 04:55:00+00:00,LONG,68939.99,69039.0,0.5,0.05
2024-10-21 09:25:00+00:00,2024-10-21 10:25:00+00:00,LONG,68323.43,68394.0,0.5,0.0706
2024-10-21 13:55:00+00:00,2024-10-21 14:55:00+00:00,LONG,67312.0,67268.0,0.5,-0.1205
2024-10-21 15:00:00+00:00,2024-10-21 16:00:00+00:00,LONG,67029.99,67256.0,0.5,0.2315
2024-10-21 16:10:00+00:00,2024-10-21 17:10:00+00:00,LONG,67240.0,67461.29,0.5,0.2581
2024-10-21 17:25:00+00:00,2024-10-21 18:25:00+00:00,LONG,67480.01,67176.0,0.5,-0.1945
2024-10-21 18:30:00+00:00,2024-10-21 19:30:00+00:00,LONG,67193.99,67530.44,0.5,0.31
2024-10-21 19:35:00+00:00,2024-10-21 20:35:00+00:00,LONG,67547.98,67696.01,0.5,0.0988
2024-10-22 00:10:00+00:00,2024-10-22 01:10:00+00:00,LONG,67288.62,67293.16,0.5,-0.0436
2024-10-22 01:15:00+00:00,2024-10-22 02:15:00+00:00,LONG,67393.94,67547.67,0.5,0.1753
2024-10-22 03:40:00+00:00,2024-10-22 04:40:00+00:00,LONG,67351.25,67433.43,0.5,0.0176
2024-10-22 08:30:00+00:00,2024-10-22 09:30:00+00:00,LONG,66971.99,66853.89,0.5,-0.0822
2024-10-22 09:35:00+00:00,2024-10-22 10:35:00+00:00,LONG,66790.54,67176.0,0.5,0.255
2024-10-22 10:40:00+00:00,2024-10-22 11:40:00+00:00,LONG,67147.26,67379.95,0.5,0.1838
2024-10-22 12:45:00+00:00,2024-10-22 13:45:00+00:00,LONG,67041.05,66900.61,0.5,-0.1342
2024-10-22 13:50:00+00:00,2024-10-22 14:50:00+00:00,LONG,67012.02,67596.15,0.5,0.3291
2024-10-22 16:20:00+00:00,2024-10-22 17:20:00+00:00,LONG,67044.0,67341.83,0.5,0.1342
2024-10-22 17:40:00+00:00,2024-10-22 18:40:00+00:00,LONG,67382.13,67420.12,0.5,0.0215
2024-10-22 18:45:00+00:00,2024-10-22 19:45:00+00:00,LONG,67469.99,67568.35,0.5,0.06
2024-10-22 20:00:00+00:00,2024-10-22 21:00:00+00:00,LONG,67569.98,67480.01,0.5,-0.0281
2024-10-23 03:25:00+00:00,2024-10-23 04:25:00+00:00,LONG,66954.62,67089.99,0.5,0.0831
2024-10-23 09:10:00+00:00,2024-10-23 10:10:00+00:00,LONG,66214.59,66515.99,0.5,0.2487
2024-10-23 12:10:00+00:00,2024-10-23 13:10:00+00:00,LONG,66349.8,66509.82,0.5,0.08
2024-10-23 13:15:00+00:00,2024-10-23 14:15:00+00:00,LONG,66474.0,66557.9,0.5,0.0474
2024-10-23 15:10:00+00:00,2024-10-23 16:10:00+00:00,LONG,66233.41,66064.37,0.5,-0.1493
2024-10-24 08:45:00+00:00,2024-10-24 09:45:00+00:00,LONG,67010.0,66833.99,0.5,-0.1165
2024-10-24 09:50:00+00:00,2024-10-24 10:50:00+00:00,LONG,66832.06,66946.0,0.5,0.0948
2024-10-24 10:55:00+00:00,2024-10-24 11:55:00+00:00,LONG,66999.99,67285.99,0.5,0.2226
2024-10-24 12:10:00+00:00,2024-10-24 13:10:00+00:00,LONG,67343.02,67636.39,0.5,0.1031
2024-10-24 13:15:00+00:00,2024-10-24 14:15:00+00:00,LONG,67626.14,67567.43,0.5,0.0698
2024-10-24 14:20:00+00:00,2024-10-24 15:20:00+00:00,LONG,67688.81,67725.39,0.5,0.1216
2024-10-24 15:50:00+00:00,2024-10-24 16:50:00+00:00,LONG,67700.0,67642.51,0.5,0.003
2024-10-24 16:55:00+00:00,2024-10-24 17:55:00+00:00,LONG,67574.14,67653.44,0.5,0.1347
2024-10-24 18:00:00+00:00,2024-10-24 19:00:00+00:00,LONG,67715.0,67756.38,0.5,0.0863
2024-10-24 19:05:00+00:00,2024-10-24 20:05:00+00:00,LONG,67798.01,68202.25,0.5,0.259
2024-10-25 01:10:00+00:00,2024-10-25 02:10:00+00:00,LONG,67868.67,67925.0,0.5,0.0908
2024-10-25 07:30:00+00:00,2024-10-25 08:30:00+00:00,LONG,67386.0,67639.91,0.5,0.1615
2024-10-25 08:50:00+00:00,2024-10-25 09:50:00+00:00,LONG,67650.35,67765.99,0.5,0.0233
2024-10-25 09:55:00+00:00,2024-10-25 10:55:00+00:00,LONG,67837.28,67855.23,0.5,0.0263
2024-10-25 11:00:00+00:00,2024-10-25 12:00:00+00:00,LONG,67858.11,68256.0,0.5,0.1822
2024-10-25 13:10:00+00:00,2024-10-25 14:10:00+00:00,LONG,68092.69,68448.03,0.5,0.2003
2024-10-25 15:55:00+00:00,2024-10-25 16:55:00+00:00,LONG,67690.01,67670.0,0.5,0.1107
2024-10-25 18:10:00+00:00,2024-10-25 19:10:00+00:00,LONG,66971.99,66842.01,0.5,-0.0045
2024-10-25 19:15:00+00:00,2024-10-25 20:15:00+00:00,LONG,66688.01,66752.81,0.5,0.1211
2024-10-25 20:20:00+00:00,2024-10-25 21:20:00+00:00,LONG,66818.0,67165.1,0.5,0.1256
2024-10-25 21:30:00+00:00,2024-10-25 22:30:00+00:00,LONG,67151.81,67253.65,0.5,0.0416
2024-10-25 22:55:00+00:00,2024-10-25 23:55:00+00:00,LONG,66626.42,66698.33,0.5,0.0042
2024-10-26 00:05:00+00:00,2024-10-26 01:05:00+00:00,LONG,66703.26,66619.9,0.5,0.056
2024-10-26 01:10:00+00:00,2024-10-26 02:10:00+00:00,LONG,66569.99,66541.99,0.5,-0.0188
2024-10-26 02:15:00+00:00,2024-10-26 03:15:00+00:00,LONG,66700.02,66818.76,0.5,0.0719
2024-10-26 08:40:00+00:00,2024-10-26 09:40:00+00:00,LONG,67104.0,67134.0,0.5,0.0372
2024-10-26 11:10:00+00:00,2024-10-26 12:10:00+00:00,LONG,67033.99,67082.37,0.5,0.0525
2024-10-27 12:10:00+00:00,2024-10-27 13:10:00+00:00,LONG,67189.05,67606.07,0.5,0.3149
2024-10-27 14:15:00+00:00,2024-10-27 15:15:00+00:00,LONG,67646.01,67762.59,0.5,0.0709
2024-10-27 15:25:00+00:00,2024-10-27 16:25:00+00:00,LONG,67720.0,67689.99,0.5,0.0074
2024-10-27 19:10:00+00:00,2024-10-27 20:10:00+00:00,LONG,67597.99,67818.18,0.5,0.1536
2024-10-27 21:10:00+00:00,2024-10-27 22:10:00+00:00,LONG,67777.53,68242.0,0.5,0.2887
2024-10-27 23:55:00+00:00,2024-10-28 00:55:00+00:00,LONG,68021.7,67859.91,0.5,-0.1169
2024-10-28 04:10:00+00:00,2024-10-28 05:10:00+00:00,LONG,67799.99,67701.63,0.5,-0.0342
2024-10-28 05:15:00+00:00,2024-10-28 06:15:00+00:00,LONG,67706.83,67890.25,0.5,0.1086
2024-10-28 06:20:00+00:00,2024-10-28 07:20:00+00:00,LONG,67859.0,68652.0,0.5,0.511
2024-10-28 09:10:00+00:00,2024-10-28 10:10:00+00:00,LONG,68399.99,68589.12,0.5,0.1783
2024-10-28 11:05:00+00:00,2024-10-28 12:05:00+00:00,LONG,68612.94,68678.07,0.5,0.1049
2024-10-28 12:10:00+00:00,2024-10-28 13:10:00+00:00,LONG,68689.75,69032.0,0.5,0.2178
2024-10-28 16:00:00+00:00,2024-10-28 17:00:00+00:00,LONG,68540.0,68653.98,0.5,0.1233
2024-10-28 17:05:00+00:00,2024-10-28 18:05:00+00:00,LONG,68772.05,69174.74,0.5,0.1509
2024-10-28 18:10:00+00:00,2024-10-28 19:10:00+00:00,LONG,69169.52,69593.92,0.5,0.1707
2024-10-28 19:15:00+00:00,2024-10-28 20:15:00+00:00,LONG,69705.96,69591.99,0.5,-0.1067
2024-10-28 20:25:00+00:00,2024-10-28 21:25:00+00:00,LONG,69442.0,69589.99,0.5,0.0776
2024-10-28 21:30:00+00:00,2024-10-28 22:30:00+00:00,LONG,69658.74,69931.27,0.5,0.181
2024-10-28 22:40:00+00:00,2024-10-28 23:40:00+00:00,LONG,69814.01,69870.01,0.5,0.0897
2024-10-29 00:10:00+00:00,2024-10-29 01:10:00+00:00,LONG,69855.46,69884.5,0.5,0.0341
2024-10-29 01:15:00+00:00,2024-10-29 02:15:00+00:00,LONG,69906.01,71026.18,0.5,0.7792
2024-10-29 04:00:00+00:00,2024-10-29 05:00:00+00:00,LONG,70928.09,71061.01,0.5,0.1126
2024-10-29 08:10:00+00:00,2024-10-29 09:10:00+00:00,LONG,71030.89,71257.95,0.5,0.1301
2024-10-29 09:40:00+00:00,2024-10-29 10:40:00+00:00,LONG,71226.0,71286.0,0.5,-0.0281
2024-10-29 10:55:00+00:00,2024-10-29 11:55:00+00:00,LONG,71171.32,71452.01,0.5,0.2074
2024-10-29 12:00:00+00:00,2024-10-29 13:00:00+00:00,LONG,71441.99,71122.0,0.5,-0.2343
2024-10-29 13:05:00+00:00,2024-10-29 14:05:00+00:00,LONG,71129.2,71568.8,0.5,0.5274
2024-10-29 14:10:00+00:00,2024-10-29 15:10:00+00:00,LONG,71603.72,71866.0,0.5,0.0811
2024-10-29 15:15:00+00:00,2024-10-29 16:15:00+00:00,LONG,71852.0,72589.97,0.5,0.4211
2024-10-29 17:45:00+00:00,2024-10-29 18:45:00+00:00,LONG,72591.99,73050.55,0.5,0.2351
2024-10-29 20:00:00+00:00,2024-10-29 21:00:00+00:00,LONG,72359.59,72345.0,0.5,-0.0162
2024-10-29 21:05:00+00:00,2024-10-29 22:05:00+00:00,LONG,72463.06,72360.0,0.5,-0.1472
2024-10-29 22:10:00+00:00,2024-10-29 23:10:00+00:00,LONG,72389.15,72580.01,0.5,0.1647
2024-10-29 23:15:00+00:00,2024-10-30 00:15:00+00:00,LONG,72525.3,72472.01,0.5,0.0112
2024-10-30 01:10:00+00:00,2024-10-30 02:10:00+00:00,LONG,72122.01,72554.88,0.5,0.2889
2024-10-30 07:50:00+00:00,2024-10-30 08:50:00+00:00,LONG,72153.69,72303.21,0.5,0.1295
2024-10-30 09:10:00+00:00,2024-10-30 10:10:00+00:00,LONG,72424.16,72560.75,0.5,0.0509
2024-10-30 12:05:00+00:00,2024-10-30 13:05:00+00:00,LONG,72034.0,71810.01,0.5,-0.1627
2024-10-30 13:10:00+00:00,2024-10-30 14:10:00+00:00,LONG,71875.48,72309.01,0.5,0.2053
2024-10-30 14:25:00+00:00,2024-10-30 15:25:00+00:00,LONG,72166.31,71958.0,0.5,-0.3032
2024-10-30 15:30:00+00:00,2024-10-30 16:30:00+00:00,LONG,72049.93,72000.0,0.5,-0.0156
2024-10-30 17:40:00+00:00,2024-10-30 18:40:00+00:00,LONG,71783.99,72141.99,0.5,0.2044
2024-10-30 20:10:00+00:00,2024-10-30 21:10:00+00:00,LONG,71910.5,72470.0,0.5,0.6128
2024-10-30 21:25:00+00:00,2024-10-30 22:25:00+00:00,LONG,72305.49,72527.52,0.5,0.1633
2024-10-30 22:40:00+00:00,2024-10-30 23:40:00+00:00,LONG,72402.0,72474.0,0.5,0.0416
2024-10-30 23:50:00+00:00,2024-10-31 00:50:00+00:00,LONG,72359.86,72142.0,0.5,-0.1535
2024-10-31 00:55:00+00:00,2024-10-31 01:55:00+00:00,LONG,72165.99,72370.0,0.5,0.1508
2024-10-31 02:10:00+00:00,2024-10-31 03:10:00+00:00,LONG,72255.35,72545.08,0.5,0.1934
2024-10-31 07:10:00+00:00,2024-10-31 08:10:00+00:00,LONG,72249.99,72316.0,0.5,0.0802
2024-10-31 10:10:00+00:00,2024-10-31 11:10:00+00:00,LONG,72322.77,72404.01,0.5,0.1448
2024-10-31 15:50:00+00:00,2024-10-31 16:50:00+00:00,LONG,70556.0,70406.0,0.5,-0.0903
2024-10-31 16:55:00+00:00,2024-10-31 17:55:00+00:00,LONG,70403.58,70785.28,0.5,0.2171
2024-10-31 18:35:00+00:00,2024-10-31 19:35:00+00:00,LONG,70337.99,70385.41,0.5,0.0218
2024-10-31 20:00:00+00:00,2024-10-31 21:00:00+00:00,LONG,70148.57,69974.99,0.5,-0.0869
2024-10-31 21:05:00+00:00,2024-10-31 22:05:00+00:00,LONG,70108.96,70342.0,0.5,0.2554
2024-10-31 22:10:00+00:00,2024-10-31 23:10:00+00:00,LONG,70312.01,70496.46,0.5,0.081
2024-11-01 00:00:00+00:00,2024-11-01 01:00:00+00:00,LONG,70349.67,70224.01,0.5,-0.1252
2024-11-01 01:55:00+00:00,2024-11-01 02:55:00+00:00,LONG,69402.01,69579.89,0.5,0.0259
2024-11-01 04:10:00+00:00,2024-11-01 05:10:00+00:00,LONG,69429.99,69553.96,0.5,0.0808
2024-11-01 06:15:00+00:00,2024-11-01 07:15:00+00:00,LONG,69374.01,69084.01,0.5,-0.1973
2024-11-01 07:20:00+00:00,2024-11-01 08:20:00+00:00,LONG,69206.81,69466.0,0.5,0.1505
2024-11-01 08:30:00+00:00,2024-11-01 09:30:00+00:00,LONG,69449.97,69494.0,0.5,-0.0158
2024-11-01 09:35:00+00:00,2024-11-01 10:35:00+00:00,LONG,69549.99,69873.99,0.5,0.4072
2024-11-01 10:40:00+00:00,2024-11-01 11:40:00+00:00,LONG,69832.51,70173.99,0.5,0.2352
2024-11-01 12:10:00+00:00,2024-11-01 13:10:00+00:00,LONG,70167.95,70202.83,0.5,0.0428
2024-11-01 13:15:00+00:00,2024-11-01 14:15:00+00:00,LONG,70335.0,71470.0,0.5,0.7178
2024-11-01 14:55:00+00:00,2024-11-01 15:55:00+00:00,LONG,71271.17,69387.77,0.5,-1.182
2024-11-01 16:00:00+00:00,2024-11-01 17:00:00+00:00,LONG,69708.91,69892.0,0.5,0.1517
2024-11-01 17:05:00+00:00,2024-11-01 18:05:00+00:00,LONG,69632.0,69440.01,0.5,-0.0575
2024-11-01 18:10:00+00:00,2024-11-01 19:10:00+00:00,LONG,69434.0,68880.0,0.5,-0.2918
2024-11-01 19:15:00+00:00,2024-11-01 20:15:00+00:00,LONG,69068.0,69292.0,0.5,0.1988
2024-11-01 20:50:00+00:00,2024-11-01 21:50:00+00:00,LONG,69172.45,69221.99,0.5,-0.0756
2024-11-01 21:55:00+00:00,2024-11-01 22:55:00+00:00,LONG,69263.99,69440.01,0.5,0.1125
2024-11-02 04:10:00+00:00,2024-11-02 05:10:00+00:00,LONG,69577.99,69575.07,0.5,-0.0593
2024-11-02 05:15:00+00:00,2024-11-02 06:15:00+00:00,LONG,69617.13,69578.58,0.5,0.0202
2024-11-02 06:20:00+00:00,2024-11-02 07:20:00+00:00,LONG,69606.0,69706.19,0.5,0.0741
2024-11-02 10:30:00+00:00,2024-11-02 11:30:00+00:00,LONG,69488.0,69654.0,0.5,0.1021
2024-11-02 14:10:00+00:00,2024-11-02 15:10:00+00:00,LONG,69309.3,69206.01,0.5,-0.0484
2024-11-02 15:15:00+00:00,2024-11-02 16:15:00+00:00,LONG,69191.99,69344.0,0.5,0.1362
2024-11-02 16:20:00+00:00,2024-11-02 17:20:00+00:00,LONG,69438.2,69470.43,0.5,0.0358
2024-11-02 18:10:00+00:00,2024-11-02 19:10:00+00:00,LONG,69275.0,69465.99,0.5,0.143
2024-11-02 23:10:00+00:00,2024-11-03 00:10:00+00:00,LONG,69278.0,69368.01,0.5,0.0014
2024-11-06 00:10:00+00:00,2024-11-06 01:10:00+00:00,LONG,69725.99,71318.0,0.5,1.1337
2024-11-06 01:15:00+00:00,2024-11-06 02:15:00+00:00,LONG,71043.99,71978.01,0.5,0.1798
2024-11-06 02:20:00+00:00,2024-11-06 03:20:00+00:00,LONG,71967.99,73698.01,0.5,1.5389
2024-11-06 03:25:00+00:00,2024-11-06 04:25:00+00:00,LONG,73953.07,74696.02,0.5,0.5917
2024-11-06 04:55:00+00:00,2024-11-06 05:55:00+00:00,LONG,74261.07,74768.38,0.5,0.3422
2024-11-06 07:40:00+00:00,2024-11-06 08:40:00+00:00,LONG,73627.98,73343.99,0.5,-0.301
2024-11-06 08:45:00+00:00,2024-11-06 09:45:00+00:00,LONG,73236.21,73781.72,0.5,0.4268
2024-11-06 09:50:00+00:00,2024-11-06 10:50:00+00:00,LONG,73909.1,73813.11,0.5,-0.032
2024-11-06 10:55:00+00:00,2024-11-06 11:55:00+00:00,LONG,73830.01,74272.01,0.5,0.2176
2024-11-06 12:00:00+00:00,2024-11-06 13:00:00+00:00,LONG,74484.36,74186.76,0.5,-0.2105
2024-11-06 13:10:00+00:00,2024-11-06 14:10:00+00:00,LONG,74093.88,73848.0,0.5,-0.2339
2024-11-06 14:55:00+00:00,2024-11-06 15:55:00+00:00,LONG,73640.0,74298.0,0.5,0.4771
2024-11-06 16:10:00+00:00,2024-11-06 17:10:00+00:00,LONG,74540.0,74540.58,0.5,-0.0376
2024-11-06 17:15:00+00:00,2024-11-06 18:15:00+00:00,LONG,74623.98,74930.01,0.5,0.144
2024-11-06 18:20:00+00:00,2024-11-06 19:20:00+00:00,LONG,74788.0,75370.74,0.5,0.3876
2024-11-06 19:25:00+00:00,2024-11-06 20:25:00+00:00,LONG,75306.01,75646.0,0.5,0.3256
2024-11-06 20:30:00+00:00,2024-11-06 21:30:00+00:00,LONG,75639.99,75818.58,0.5,0.0886
2024-11-07 00:10:00+00:00,2024-11-07 01:10:00+00:00,LONG,75411.58,75458.14,0.5,0.0215
2024-11-07 02:35:00+00:00,2024-11-07 03:35:00+00:00,LONG,75272.72,75124.15,0.5,-0.0669
2024-11-07 04:05:00+00:00,2024-11-07 05:05:00+00:00,LONG,74855.01,74750.0,0.5,-0.0769
2024-11-07 05:10:00+00:00,2024-11-07 06:10:00+00:00,LONG,74756.0,74423.38,0.5,-0.1388
2024-11-07 06:15:00+00:00,2024-11-07 07:15:00+00:00,LONG,74680.96,74829.35,0.5,0.109
2024-11-07 10:10:00+00:00,2024-11-07 11:10:00+00:00,LONG,74999.99,74971.2,0.5,-0.028
2024-11-07 11:55:00+00:00,2024-11-07 12:55:00+00:00,LONG,74746.0,74991.88,0.5,0.1674
2024-11-07 13:00:00+00:00,2024-11-07 14:00:00+00:00,LONG,74984.04,74740.0,0.5,-0.2082
2024-11-07 14:05:00+00:00,2024-11-07 15:05:00+00:00,LONG,74818.18,75095.99,0.5,0.0132
2024-11-07 15:10:00+00:00,2024-11-07 16:10:00+00:00,LONG,75225.01,75768.0,0.5,0.3952
2024-11-07 16:15:00+00:00,2024-11-07 17:15:00+00:00,LONG,75715.99,76178.01,0.5,0.249
2024-11-07 17:20:00+00:00,2024-11-07 18:20:00+00:00,LONG,76249.98,76301.78,0.5,-0.0528
2024-11-07 18:25:00+00:00,2024-11-07 19:25:00+00:00,LONG,76387.99,76272.72,0.5,-0.1017
2024-11-07 19:30:00+00:00,2024-11-07 20:30:00+00:00,LONG,76292.99,76666.0,0.5,0.0873
2024-11-07 22:00:00+00:00,2024-11-07 23:00:00+00:00,LONG,75908.6,75863.99,0.5,-0.0241
2024-11-08 02:25:00+00:00,2024-11-08 03:25:00+00:00,LONG,75711.92,75750.01,0.5,0.0731
2024-11-08 03:30:00+00:00,2024-11-08 04:30:00+00:00,LONG,75656.0,75975.78,0.5,0.1966
2024-11-08 05:00:00+00:00,2024-11-08 06:00:00+00:00,LONG,75821.46,75934.0,0.5,0.1014
2024-11-08 06:05:00+00:00,2024-11-08 07:05:00+00:00,LONG,75898.46,75748.75,0.5,-0.0373
2024-11-08 07:10:00+00:00,2024-11-08 08:10:00+00:00,LONG,75752.0,75844.42,0.5,0.12
2024-11-08 10:10:00+00:00,2024-11-08 11:10:00+00:00,LONG,75856.04,76150.0,0.5,0.1982
2024-11-08 12:10:00+00:00,2024-11-08 13:10:00+00:00,LONG,75971.41,75902.28,0.5,-0.0009
2024-11-08 13:15:00+00:00,2024-11-08 14:15:00+00:00,LONG,75971.09,76020.0,0.5,0.0422
2024-11-08 14:45:00+00:00,2024-11-08 15:45:00+00:00,LONG,75679.72,76097.06,0.5,0.4008
2024-11-08 15:50:00+00:00,2024-11-08 16:50:00+00:00,LONG,76292.01,76034.0,0.5,-0.26
2024-11-08 16:55:00+00:00,2024-11-08 17:55:00+00:00,LONG,75919.3,76385.99,0.5,0.3725
2024-11-08 18:05:00+00:00,2024-11-08 19:05:00+00:00,LONG,76359.18,76837.01,0.5,0.336
2024-11-08 20:00:00+00:00,2024-11-08 21:00:00+00:00,LONG,77005.99,76630.04,0.5,-0.27
2024-11-09 02:15:00+00:00,2024-11-09 03:15:00+00:00,LONG,76224.0,76297.11,0.5,0.0747
2024-11-09 04:15:00+00:00,2024-11-09 05:15:00+00:00,LONG,76369.49,76408.0,0.5,0.0238
2024-11-09 05:25:00+00:00,2024-11-09 06:25:00+00:00,LONG,76390.02,76630.69,0.5,0.1555
2024-11-09 07:10:00+00:00,2024-11-09 08:10:00+00:00,LONG,76484.0,76521.99,0.5,-0.0231
2024-11-09 17:10:00+00:00,2024-11-09 18:10:00+00:00,LONG,75861.32,76198.99,0.5,0.2516
2024-11-09 20:20:00+00:00,2024-11-09 21:20:00+00:00,LONG,76349.06,76387.14,0.5,-0.0603
2024-11-09 21:40:00+00:00,2024-11-09 22:40:00+00:00,LONG,76415.37,76518.61,0.5,0.0553
2024-11-09 22:50:00+00:00,2024-11-09 23:50:00+00:00,LONG,76518.01,76631.57,0.5,0.2113
2024-11-10 00:05:00+00:00,2024-11-10 01:05:00+00:00,LONG,76600.0,76706.0,0.5,0.1824
2024-11-10 01:10:00+00:00,2024-11-10 02:10:00+00:00,LONG,76707.07,76875.3,0.5,0.0892
2024-11-10 02:15:00+00:00,2024-11-10 03:15:00+00:00,LONG,77160.71,77366.7,0.5,0.0358
2024-11-10 03:50:00+00:00,2024-11-10 04:50:00+00:00,LONG,77220.14,78996.51,0.5,0.5161
2024-11-10 04:55:00+00:00,2024-11-10 05:55:00+00:00,LONG,79122.02,79064.16,0.5,0.038
2024-11-10 06:00:00+00:00,2024-11-10 07:00:00+00:00,LONG,78933.14,78968.89,0.5,-0.0188
2024-11-10 07:05:00+00:00,2024-11-10 08:05:00+00:00,LONG,78989.57,79000.0,0.5,-0.0212
2024-11-10 08:10:00+00:00,2024-11-10 09:10:00+00:00,LONG,78972.0,79228.88,0.5,0.1641
2024-11-10 09:25:00+00:00,2024-11-10 10:25:00+00:00,LONG,79336.56,79293.95,0.5,-0.0179
2024-11-10 10:30:00+00:00,2024-11-10 11:30:00+00:00,LONG,79418.0,79832.0,0.5,0.1998
2024-11-10 12:00:00+00:00,2024-11-10 13:00:00+00:00,LONG,79952.59,79694.02,0.5,-0.1871
2024-11-10 14:40:00+00:00,2024-11-10 15:40:00+00:00,LONG,79382.0,79696.01,0.5,0.1899
2024-11-10 16:10:00+00:00,2024-11-10 17:10:00+00:00,LONG,79662.0,79678.04,0.5,0.046
2024-11-10 17:15:00+00:00,2024-11-10 18:15:00+00:00,LONG,79724.0,80732.18,0.5,0.6158
2024-11-10 19:45:00+00:00,2024-11-10 20:45:00+00:00,LONG,79682.98,79246.15,0.5,-0.2939
2024-11-10 20:50:00+00:00,2024-11-10 21:50:00+00:00,LONG,79067.98,80004.0,0.5,0.3943
2024-11-10 21:55:00+00:00,2024-11-10 22:55:00+00:00,LONG,79873.97,80614.01,0.5,0.3816
2024-11-10 23:05:00+00:00,2024-11-11 00:05:00+00:00,LONG,80251.99,80449.99,0.5,0.1491
2024-11-11 00:10:00+00:00,2024-11-11 01:10:00+00:00,LONG,80368.0,80530.0,0.5,0.0095
2024-11-11 01:15:00+00:00,2024-11-11 02:15:00+00:00,LONG,80560.0,81334.01,0.5,0.4675
2024-11-11 02:20:00+00:00,2024-11-11 03:20:00+00:00,LONG,81416.01,81088.99,0.5,-0.1848
2024-11-11 03:25:00+00:00,2024-11-11 04:25:00+00:00,LONG,80948.0,81206.0,0.5,0.314
2024-11-11 05:40:00+00:00,2024-11-11 06:40:00+00:00,LONG,80763.05,80792.08,0.5,0.2094
2024-11-11 06:45:00+00:00,2024-11-11 07:45:00+00:00,LONG,80865.75,81047.73,0.5,0.0823
2024-11-11 08:15:00+00:00,2024-11-11 09:15:00+00:00,LONG,81221.65,81400.5,0.5,0.1346
2024-11-11 09:20:00+00:00,2024-11-11 10:20:00+00:00,LONG,81398.0,81935.19,0.5,0.568
2024-11-11 10:25:00+00:00,2024-11-11 11:25:00+00:00,LONG,81935.23,82148.87,0.5,0.1004
2024-11-11 11:40:00+00:00,2024-11-11 12:40:00+00:00,LONG,82034.0,82290.0,0.5,0.1181
2024-11-11 12:50:00+00:00,2024-11-11 13:50:00+00:00,LONG,82308.0,81784.01,0.5,-0.3548
2024-11-11 13:55:00+00:00,2024-11-11 14:55:00+00:00,LONG,81835.74,82484.9,0.5,0.3102
2024-11-11 15:00:00+00:00,2024-11-11 16:00:00+00:00,LONG,82653.06,84434.87,0.5,0.8437
2024-11-11 16:30:00+00:00,2024-11-11 17:30:00+00:00,LONG,84137.04,84590.64,0.5,0.1288
2024-11-11 17:35:00+00:00,2024-11-11 18:35:00+00:00,LONG,84802.57,85084.0,0.5,0.0217
2024-11-11 18:40:00+00:00,2024-11-11 19:40:00+00:00,LONG,85190.0,86282.21,0.5,0.7272
2024-11-11 19:50:00+00:00,2024-11-11 20:50:00+00:00,LONG,86181.52,87112.1,0.5,0.553
2024-11-11 20:55:00+00:00,2024-11-11 21:55:00+00:00,LONG,86922.65,87900.01,0.5,0.5818
2024-11-11 22:00:00+00:00,2024-11-11 23:00:00+00:00,LONG,87801.99,88868.74,0.5,0.1009
2024-11-11 23:05:00+00:00,2024-11-12 00:05:00+00:00,LONG,88681.81,88171.16,0.5,-0.2672
2024-11-12 00:10:00+00:00,2024-11-12 01:10:00+00:00,LONG,87645.42,89225.85,0.5,0.9127
2024-11-12 02:25:00+00:00,2024-11-12 03:25:00+00:00,LONG,88236.0,87650.01,0.5,-0.3047
2024-11-12 03:30:00+00:00,2024-11-12 04:30:00+00:00,LONG,87704.0,88698.0,0.5,0.5377
2024-11-12 04:45:00+00:00,2024-11-12 05:45:00+00:00,LONG,88666.66,88268.72,0.5,-0.1241
2024-11-12 05:50:00+00:00,2024-11-12 06:50:00+00:00,LONG,88431.0,89732.0,0.5,0.7258
2024-11-12 07:05:00+00:00,2024-11-12 08:05:00+00:00,LONG,89380.01,88835.13,0.5,-0.2951
2024-11-12 08:10:00+00:00,2024-11-12 09:10:00+00:00,LONG,88853.99,88388.01,0.5,-0.1736
2024-11-12 10:25:00+00:00,2024-11-12 11:25:00+00:00,LONG,87448.39,87407.28,0.5,0.1186
2024-11-12 11:55:00+00:00,2024-11-12 12:55:00+00:00,LONG,87155.55,86348.01,0.5,-0.3921
2024-11-12 13:00:00+00:00,2024-11-12 14:00:00+00:00,LONG,86022.51,86384.0,0.5,0.1787
2024-11-12 14:05:00+00:00,2024-11-12 15:05:00+00:00,LONG,86316.02,87123.18,0.5,0.499
2024-11-12 16:10:00+00:00,2024-11-12 17:10:00+00:00,LONG,85756.01,87432.51,0.5,0.9014
2024-11-12 17:25:00+00:00,2024-11-12 18:25:00+00:00,LONG,87469.99,88360.01,0.5,0.3111
2024-11-12 18:30:00+00:00,2024-11-12 19:30:00+00:00,LONG,88644.85,89725.14,0.5,0.451
2024-11-12 22:00:00+00:00,2024-11-12 23:00:00+00:00,LONG,88191.82,88039.35,0.5,0.2264
2024-11-12 23:05:00+00:00,2024-11-13 00:05:00+00:00,LONG,88398.57,88041.33,0.5,-0.1397
2024-11-13 00:10:00+00:00,2024-11-13 01:10:00+00:00,LONG,87708.01,88512.18,0.5,0.3631
2024-11-13 01:25:00+00:00,2024-11-13 02:25:00+00:00,LONG,87959.98,87516.01,0.5,-0.4001
2024-11-13 02:30:00+00:00,2024-11-13 03:30:00+00:00,LONG,87219.99,87494.6,0.5,0.0596
2024-11-13 03:45:00+00:00,2024-11-13 04:45:00+00:00,LONG,87271.07,86364.02,0.5,-0.3467
2024-11-13 04:50:00+00:00,2024-11-13 05:50:00+00:00,LONG,86605.8,86656.85,0.5,0.0324
2024-11-13 05:55:00+00:00,2024-11-13 06:55:00+00:00,LONG,86545.99,86500.0,0.5,0.0088
2024-11-13 07:00:00+00:00,2024-11-13 08:00:00+00:00,LONG,86811.99,87238.0,0.5,0.3123
2024-11-13 08:05:00+00:00,2024-11-13 09:05:00+00:00,LONG,87203.84,87298.57,0.5,-0.0435
2024-11-13 09:10:00+00:00,2024-11-13 10:10:00+00:00,LONG,87499.99,87261.97,0.5,-0.1543
2024-11-13 10:15:00+00:00,2024-11-13 11:15:00+00:00,LONG,87336.67,87952.29,0.5,0.2976
2024-11-13 12:05:00+00:00,2024-11-13 13:05:00+00:00,LONG,87603.96,87618.0,0.5,0.0682
2024-11-13 13:10:00+00:00,2024-11-13 14:10:00+00:00,LONG,87652.47,89393.59,0.5,1.0306
2024-11-13 14:15:00+00:00,2024-11-13 15:15:00+00:00,LONG,89560.28,91312.5,0.5,0.8901
2024-11-13 15:20:00+00:00,2024-11-13 16:20:00+00:00,LONG,91740.0,92935.49,0.5,0.6864
2024-11-13 16:40:00+00:00,2024-11-13 17:40:00+00:00,LONG,91836.0,91850.01,0.5,0.1586
2024-11-13 17:45:00+00:00,2024-11-13 18:45:00+00:00,LONG,92096.01,93002.69,0.5,0.3289
2024-11-13 20:00:00+00:00,2024-11-13 21:00:00+00:00,LONG,89432.23,88947.71,0.5,0.145
2024-11-13 21:05:00+00:00,2024-11-13 22:05:00+00:00,LONG,88667.15,89255.42,0.5,0.2068
2024-11-13 22:10:00+00:00,2024-11-13 23:10:00+00:00,LONG,89335.94,89587.98,0.5,0.0258
2024-11-13 23:15:00+00:00,2024-11-14 00:15:00+00:00,LONG,89977.09,90135.23,0.5,0.0942
2024-11-14 00:45:00+00:00,2024-11-14 01:45:00+00:00,LONG,89838.11,89875.99,0.5,-0.065
2024-11-14 01:50:00+00:00,2024-11-14 02:50:00+00:00,LONG,90168.64,90032.67,0.5,-0.1759
2024-11-14 04:10:00+00:00,2024-11-14 05:10:00+00:00,LONG,89840.0,89748.0,0.5,0.0686
2024-11-14 05:15:00+00:00,2024-11-14 06:15:00+00:00,LONG,89910.77,90124.01,0.5,0.0782
2024-11-14 06:35:00+00:00,2024-11-14 07:35:00+00:00,LONG,89857.43,89978.91,0.5,-0.0725
2024-11-14 07:40:00+00:00,2024-11-14 08:40:00+00:00,LONG,90099.99,90835.64,0.5,0.4412
2024-11-14 08:55:00+00:00,2024-11-14 09:55:00+00:00,LONG,90558.28,90909.01,0.5,0.0818
2024-11-14 10:00:00+00:00,2024-11-14 11:00:00+00:00,LONG,91154.64,90820.11,0.5,-0.0283
2024-11-14 11:05:00+00:00,2024-11-14 12:05:00+00:00,LONG,90636.0,91201.25,0.5,0.3606
2024-11-14 16:10:00+00:00,2024-11-14 17:10:00+00:00,LONG,87718.78,88812.12,0.5,0.7677
2024-11-14 17:15:00+00:00,2024-11-14 18:15:00+00:00,LONG,88901.66,89486.46,0.5,0.4002
2024-11-14 18:35:00+00:00,2024-11-14 19:35:00+00:00,LONG,89016.87,89343.35,0.5,0.2407
2024-11-14 19:40:00+00:00,2024-11-14 20:40:00+00:00,LONG,89463.99,87952.84,0.5,-0.8745
2024-11-14 20:55:00+00:00,2024-11-14 21:55:00+00:00,LONG,87612.66,88227.22,0.5,0.288
2024-11-14 22:35:00+00:00,2024-11-14 23:35:00+00:00,LONG,87402.01,86953.11,0.5,-0.1914
2024-11-14 23:40:00+00:00,2024-11-15 00:40:00+00:00,LONG,87282.91,88046.5,0.5,0.5323
2024-11-15 00:45:00+00:00,2024-11-15 01:45:00+00:00,LONG,87899.9,87969.69,0.5,0.0433
2024-11-15 01:50:00+00:00,2024-11-15 02:50:00+00:00,LONG,87964.28,88443.82,0.5,0.2093
2024-11-15 02:55:00+00:00,2024-11-15 03:55:00+00:00,LONG,88364.07,88218.21,0.5,-0.0251
2024-11-15 04:00:00+00:00,2024-11-15 05:00:00+00:00,LONG,88122.0,87580.0,0.5,-0.3801
2024-11-15 05:15:00+00:00,2024-11-15 06:15:00+00:00,LONG,87459.98,87999.88,0.5,0.2532
2024-11-15 06:35:00+00:00,2024-11-15 07:35:00+00:00,LONG,87845.53,87963.99,0.5,0.1174
2024-11-15 08:10:00+00:00,2024-11-15 09:10:00+00:00,LONG,87446.89,88805.08,0.5,0.5743
2024-11-15 09:15:00+00:00,2024-11-15 10:15:00+00:00,LONG,88755.98,89167.87,0.5,0.2137
2024-11-15 10:20:00+00:00,2024-11-15 11:20:00+00:00,LONG,89255.7,89272.73,0.5,0.0024
2024-11-15 11:25:00+00:00,2024-11-15 12:25:00+00:00,LONG,89317.28,90284.19,0.5,0.5028
2024-11-15 13:25:00+00:00,2024-11-15 14:25:00+00:00,LONG,89599.86,89324.67,0.5,-0.0667
2024-11-15 15:10:00+00:00,2024-11-15 16:10:00+00:00,LONG,88490.25,89152.01,0.5,0.1718
2024-11-15 16:15:00+00:00,2024-11-15 17:15:00+00:00,LONG,89036.0,89716.69,0.5,0.2992
2024-11-15 17:20:00+00:00,2024-11-15 18:20:00+00:00,LONG,89597.63,89530.16,0.5,-0.0448
2024-11-15 18:25:00+00:00,2024-11-15 19:25:00+00:00,LONG,89767.99,89716.16,0.5,-0.1004
2024-11-15 19:30:00+00:00,2024-11-15 20:30:00+00:00,LONG,89875.92,90808.46,0.5,0.569
2024-11-15 20:35:00+00:00,2024-11-15 21:35:00+00:00,LONG,91140.0,91226.98,0.5,0.0748
2024-11-15 21:40:00+00:00,2024-11-15 22:40:00+00:00,LONG,91414.99,91450.11,0.5,-0.0161
2024-11-15 23:40:00+00:00,2024-11-16 00:40:00+00:00,LONG,91062.24,90969.69,0.5,-0.0474
2024-11-16 01:10:00+00:00,2024-11-16 02:10:00+00:00,LONG,91283.49,91388.0,0.5,0.0506
2024-11-16 02:45:00+00:00,2024-11-16 03:45:00+00:00,LONG,91521.46,91201.16,0.5,-0.163
2024-11-16 04:15:00+00:00,2024-11-16 05:15:00+00:00,LONG,91073.36,91546.15,0.5,0.191
2024-11-16 08:10:00+00:00,2024-11-16 09:10:00+00:00,LONG,91076.0,91390.01,0.5,0.1311
2024-11-16 12:10:00+00:00,2024-11-16 13:10:00+00:00,LONG,90656.75,91189.99,0.5,0.2464
2024-11-16 14:20:00+00:00,2024-11-16 15:20:00+00:00,LONG,90969.7,90587.91,0.5,-0.1896
2024-11-16 15:30:00+00:00,2024-11-16 16:30:00+00:00,LONG,90444.2,90815.29,0.5,0.1302
2024-11-16 16:40:00+00:00,2024-11-16 17:40:00+00:00,LONG,90559.96,90918.45,0.5,0.15
2024-11-16 17:45:00+00:00,2024-11-16 18:45:00+00:00,LONG,90898.45,91286.88,0.5,0.216
2024-11-16 19:05:00+00:00,2024-11-16 20:05:00+00:00,LONG,91272.73,91071.9,0.5,-0.0802
2024-11-16 23:10:00+00:00,2024-11-17 00:10:00+00:00,LONG,90560.01,90691.45,0.5,0.0421
2024-11-17 01:40:00+00:00,2024-11-17 02:40:00+00:00,LONG,90168.7,89885.12,0.5,-0.2695
2024-11-17 02:45:00+00:00,2024-11-17 03:45:00+00:00,LONG,89900.0,90095.29,0.5,0.1222
2024-11-17 04:15:00+00:00,2024-11-17 05:15:00+00:00,LONG,90440.0,90645.13,0.5,0.1854
2024-11-17 06:10:00+00:00,2024-11-17 07:10:00+00:00,LONG,90412.91,90368.14,0.5,-0.0071
2024-11-17 07:20:00+00:00,2024-11-17 08:20:00+00:00,LONG,90545.46,90509.99,0.5,0.0191
2024-11-17 08:25:00+00:00,2024-11-17 09:25:00+00:00,LONG,90607.99,91135.98,0.5,0.3037
2024-11-17 14:00:00+00:00,2024-11-17 15:00:00+00:00,LONG,90676.01,90182.2,0.5,-0.2017
2024-11-17 15:05:00+00:00,2024-11-17 16:05:00+00:00,LONG,90251.39,90155.73,0.5,-0.0637
2024-11-17 16:10:00+00:00,2024-11-17 17:10:00+00:00,LONG,90158.02,90282.82,0.5,0.1296
2024-11-17 17:15:00+00:00,2024-11-17 18:15:00+00:00,LONG,90281.17,90249.99,0.5,0.0131
2024-11-17 18:30:00+00:00,2024-11-17 19:30:00+00:00,LONG,89926.89,90012.0,0.5,-0.0164
2024-11-17 19:35:00+00:00,2024-11-17 20:35:00+00:00,LONG,89988.0,89751.69,0.5,-0.1881
2024-11-17 20:40:00+00:00,2024-11-17 21:40:00+00:00,LONG,89742.01,89430.24,0.5,-0.1864
2024-11-17 21:55:00+00:00,2024-11-17 22:55:00+00:00,LONG,89137.98,89556.0,0.5,0.2228
2024-11-17 23:00:00+00:00,2024-11-18 00:00:00+00:00,LONG,89606.07,89826.5,0.5,0.1393
2024-11-18 00:10:00+00:00,2024-11-18 01:10:00+00:00,LONG,89798.56,90151.52,0.5,0.1878
2024-11-18 01:15:00+00:00,2024-11-18 02:15:00+00:00,LONG,90236.84,90587.99,0.5,0.1832
2024-11-18 03:00:00+00:00,2024-11-18 04:00:00+00:00,LONG,90479.99,90684.63,0.5,0.1041
2024-11-18 05:00:00+00:00,2024-11-18 06:00:00+00:00,LONG,90485.93,90732.02,0.5,0.0717
2024-11-18 06:05:00+00:00,2024-11-18 07:05:00+00:00,LONG,90775.99,92031.67,0.5,0.624
2024-11-18 11:40:00+00:00,2024-11-18 12:40:00+00:00,LONG,90340.91,90649.73,0.5,0.156
2024-11-18 12:45:00+00:00,2024-11-18 13:45:00+00:00,LONG,90633.79,89789.68,0.5,-0.3779
2024-11-18 13:50:00+00:00,2024-11-18 14:50:00+00:00,LONG,89653.39,90121.22,0.5,0.4894
2024-11-18 14:55:00+00:00,2024-11-18 15:55:00+00:00,LONG,90308.01,92309.51,0.5,1.2272
2024-11-18 16:00:00+00:00,2024-11-18 17:00:00+00:00,LONG,92192.0,91480.0,0.5,-0.4297
2024-11-18 17:10:00+00:00,2024-11-18 18:10:00+00:00,LONG,91391.99,91471.99,0.5,0.0011
2024-11-18 19:10:00+00:00,2024-11-18 20:10:00+00:00,LONG,90052.0,90598.18,0.5,0.3664
2024-11-18 20:15:00+00:00,2024-11-18 21:15:00+00:00,LONG,90933.28,91771.99,0.5,0.5636
2024-11-18 23:25:00+00:00,2024-11-19 00:25:00+00:00,LONG,90248.0,90578.96,0.5,0.1478
2024-11-19 00:30:00+00:00,2024-11-19 01:30:00+00:00,LONG,90600.0,90939.05,0.5,0.2087
2024-11-19 01:40:00+00:00,2024-11-19 02:40:00+00:00,LONG,91007.99,91260.12,0.5,0.0783
2024-11-19 02:45:00+00:00,2024-11-19 03:45:00+00:00,LONG,91225.07,91480.0,0.5,0.066
2024-11-19 04:10:00+00:00,2024-11-19 05:10:00+00:00,LONG,91294.01,91599.97,0.5,0.1673
2024-11-19 05:15:00+00:00,2024-11-19 06:15:00+00:00,LONG,91485.85,91660.0,0.5,0.1016
2024-11-19 07:55:00+00:00,2024-11-19 08:55:00+00:00,LONG,91620.01,91780.99,0.5,0.0491
2024-11-19 09:25:00+00:00,2024-11-19 10:25:00+00:00,LONG,91224.0,91745.67,0.5,0.2844
2024-11-19 12:10:00+00:00,2024-11-19 13:10:00+00:00,LONG,92020.01,92694.87,0.5,0.3617
2024-11-19 13:35:00+00:00,2024-11-19 14:35:00+00:00,LONG,91892.72,91584.0,0.5,-0.3458
2024-11-19 14:40:00+00:00,2024-11-19 15:40:00+00:00,LONG,91964.01,92151.51,0.5,0.0739
2024-11-19 15:45:00+00:00,2024-11-19 16:45:00+00:00,LONG,92398.99,92360.0,0.5,-0.0461
2024-11-19 16:50:00+00:00,2024-11-19 17:50:00+00:00,LONG,92437.78,92523.99,0.5,0.1357
2024-11-19 17:55:00+00:00,2024-11-19 18:55:00+00:00,LONG,92853.76,93646.15,0.5,0.4643
2024-11-19 19:05:00+00:00,2024-11-19 20:05:00+00:00,LONG,93446.57,93418.92,0.5,-0.0861
2024-11-19 20:55:00+00:00,2024-11-19 21:55:00+00:00,LONG,92458.0,92196.82,0.5,-0.0626
2024-11-19 22:00:00+00:00,2024-11-19 23:00:00+00:00,LONG,92238.99,91740.04,0.5,-0.2243
2024-11-19 23:05:00+00:00,2024-11-20 00:05:00+00:00,LONG,91791.99,92379.67,0.5,0.2283
2024-11-20 01:20:00+00:00,2024-11-20 02:20:00+00:00,LONG,91809.12,91906.78,0.5,0.019
2024-11-20 03:00:00+00:00,2024-11-20 04:00:00+00:00,LONG,91500.0,91933.57,0.5,0.2942
2024-11-20 04:10:00+00:00,2024-11-20 05:10:00+00:00,LONG,92074.67,92050.3,0.5,-0.0134
2024-11-20 05:15:00+00:00,2024-11-20 06:15:00+00:00,LONG,92133.18,92507.82,0.5,0.1993
2024-11-20 07:00:00+00:00,2024-11-20 08:00:00+00:00,LONG,92345.62,92820.68,0.5,0.2726
2024-11-20 09:55:00+00:00,2024-11-20 10:55:00+00:00,LONG,93100.01,93278.5,0.5,0.1352
2024-11-20 11:00:00+00:00,2024-11-20 12:00:00+00:00,LONG,93134.76,93426.62,0.5,0.1714
2024-11-20 12:05:00+00:00,2024-11-20 13:05:00+00:00,LONG,93384.61,93737.6,0.5,0.1162
2024-11-20 13:10:00+00:00,2024-11-20 14:10:00+00:00,LONG,93912.01,94341.29,0.5,0.2803
2024-11-20 14:15:00+00:00,2024-11-20 15:15:00+00:00,LONG,94248.52,94421.07,0.5,0.0337
2024-11-20 15:20:00+00:00,2024-11-20 16:20:00+00:00,LONG,94463.98,93772.0,0.5,-0.1145
2024-11-20 16:25:00+00:00,2024-11-20 17:25:00+00:00,LONG,93563.59,94043.06,0.5,0.031
2024-11-20 18:40:00+00:00,2024-11-20 19:40:00+00:00,LONG,93391.79,93799.97,0.5,0.1764
2024-11-20 20:15:00+00:00,2024-11-20 21:15:00+00:00,LONG,94079.99,94218.21,0.5,-0.0085
2024-11-20 21:20:00+00:00,2024-11-20 22:20:00+00:00,LONG,94270.29,94327.0,0.5,0.0279
2024-11-20 22:35:00+00:00,2024-11-20 23:35:00+00:00,LONG,94128.21,94076.93,0.5,-0.1113
2024-11-20 23:40:00+00:00,2024-11-21 00:40:00+00:00,LONG,94100.01,94864.01,0.5,0.3817
2024-11-21 00:55:00+00:00,2024-11-21 01:55:00+00:00,LONG,94709.61,94702.49,0.5,0.0064
2024-11-21 02:00:00+00:00,2024-11-21 03:00:00+00:00,LONG,94567.68,94635.99,0.5,-0.0865
2024-11-21 03:05:00+00:00,2024-11-21 04:05:00+00:00,LONG,94852.1,96554.5,0.5,0.7928
2024-11-21 04:10:00+00:00,2024-11-21 05:10:00+00:00,LONG,96940.8,97400.94,0.5,0.2286
2024-11-21 05:50:00+00:00,2024-11-21 06:50:00+00:00,LONG,97052.01,97200.01,0.5,0.0369
2024-11-21 07:00:00+00:00,2024-11-21 08:00:00+00:00,LONG,96979.99,96943.7,0.5,-0.0351
2024-11-21 08:05:00+00:00,2024-11-21 09:05:00+00:00,LONG,96995.03,97418.99,0.5,0.1155
2024-11-21 09:10:00+00:00,2024-11-21 10:10:00+00:00,LONG,97419.49,97430.01,0.5,0.0641
2024-11-21 10:15:00+00:00,2024-11-21 11:15:00+00:00,LONG,97330.0,98143.99,0.5,0.4741
2024-11-21 11:40:00+00:00,2024-11-21 12:40:00+00:00,LONG,98007.79,97920.0,0.5,-0.0346
2024-11-21 13:10:00+00:00,2024-11-21 14:10:00+00:00,LONG,97449.78,97424.28,0.5,-0.0769
2024-11-21 14:40:00+00:00,2024-11-21 15:40:00+00:00,LONG,97249.99,96234.52,0.5,-0.7964
2024-11-21 15:45:00+00:00,2024-11-21 16:45:00+00:00,LONG,96520.0,97033.97,0.5,0.3527
2024-11-21 16:50:00+00:00,2024-11-21 17:50:00+00:00,LONG,97234.79,97799.0,0.5,0.1608
2024-11-21 17:55:00+00:00,2024-11-21 18:55:00+00:00,LONG,98048.65,98280.01,0.5,-0.023
2024-11-21 19:00:00+00:00,2024-11-21 20:00:00+00:00,LONG,98332.81,98127.98,0.5,-0.2564
2024-11-21 20:05:00+00:00,2024-11-21 21:05:00+00:00,LONG,98424.74,98005.92,0.5,-0.2819
2024-11-21 21:10:00+00:00,2024-11-21 22:10:00+00:00,LONG,98135.4,97888.22,0.5,-0.0581
2024-11-21 22:15:00+00:00,2024-11-21 23:15:00+00:00,LONG,98022.36,98440.0,0.5,0.2707
2024-11-21 23:55:00+00:00,2024-11-22 00:55:00+00:00,LONG,98317.12,97987.57,0.5,-0.2395
2024-11-22 01:00:00+00:00,2024-11-22 02:00:00+00:00,LONG,97841.58,98235.99,0.5,0.1225
2024-11-22 02:10:00+00:00,2024-11-22 03:10:00+00:00,LONG,98256.48,98913.57,0.5,0.1999
2024-11-22 03:30:00+00:00,2024-11-22 04:30:00+00:00,LONG,98585.23,98945.68,0.5,0.1447
2024-11-22 05:05:00+00:00,2024-11-22 06:05:00+00:00,LONG,98870.11,98813.91,0.5,-0.0102
2024-11-22 06:10:00+00:00,2024-11-22 07:10:00+00:00,LONG,98738.49,98972.72,0.5,0.1302
2024-11-22 09:15:00+00:00,2024-11-22 10:15:00+00:00,LONG,98660.01,98462.07,0.5,-0.0832
2024-11-22 10:35:00+00:00,2024-11-22 11:35:00+00:00,LONG,98479.99,98831.98,0.5,0.1982
2024-11-22 13:20:00+00:00,2024-11-22 14:20:00+00:00,LONG,97930.1,97765.38,0.5,-0.0938
2024-11-22 14:40:00+00:00,2024-11-22 15:40:00+00:00,LONG,97685.98,98702.2,0.5,0.4261
2024-11-22 16:05:00+00:00,2024-11-22 17:05:00+00:00,LONG,98241.02,99047.99,0.5,0.335
2024-11-22 18:20:00+00:00,2024-11-22 19:20:00+00:00,LONG,98823.56,99246.16,0.5,0.2845
2024-11-22 21:10:00+00:00,2024-11-22 22:10:00+00:00,LONG,98999.99,98986.99,0.5,0.0851
2024-11-22 22:45:00+00:00,2024-11-22 23:45:00+00:00,LONG,98644.24,98898.81,0.5,0.065
2024-11-23 01:25:00+00:00,2024-11-23 02:25:00+00:00,LONG,98370.67,98432.34,0.5,-0.0004
2024-11-23 04:50:00+00:00,2024-11-23 05:50:00+00:00,LONG,98439.93,98760.62,0.5,0.1555
2024-11-23 14:10:00+00:00,2024-11-23 15:10:00+00:00,LONG,98532.55,98630.25,0.5,0.0525
2024-11-23 17:05:00+00:00,2024-11-23 18:05:00+00:00,LONG,97416.01,97791.99,0.5,0.1148
2024-11-23 20:10:00+00:00,2024-11-23 21:10:00+00:00,LONG,97311.0,97733.49,0.5,0.2359
2024-11-23 23:10:00+00:00,2024-11-24 00:10:00+00:00,LONG,97698.91,97817.74,0.5,0.0454
2024-11-24 00:40:00+00:00,2024-11-24 01:40:00+00:00,LONG,97820.85,98105.0,0.5,0.1344
2024-11-24 04:15:00+00:00,2024-11-24 05:15:00+00:00,LONG,98056.71,98259.81,0.5,0.0812
2024-11-24 05:20:00+00:00,2024-11-24 06:20:00+00:00,LONG,98212.6,98216.93,0.5,-0.0774
2024-11-24 06:25:00+00:00,2024-11-24 07:25:00+00:00,LONG,98227.48,98206.49,0.5,0.0308
2024-11-24 07:30:00+00:00,2024-11-24 08:30:00+00:00,LONG,98195.46,98157.36,0.5,0.0393
2024-11-24 12:45:00+00:00,2024-11-24 13:45:00+00:00,LONG,96587.97,97343.44,0.5,0.3246
2024-11-24 16:10:00+00:00,2024-11-24 17:10:00+00:00,LONG,96130.01,95901.0,0.5,-0.0301
2024-11-24 17:15:00+00:00,2024-11-24 18:15:00+00:00,LONG,96018.5,96208.7,0.5,0.0174
2024-11-24 18:20:00+00:00,2024-11-24 19:20:00+00:00,LONG,96170.54,96197.1,0.5,0.0766
2024-11-24 20:10:00+00:00,2024-11-24 21:10:00+00:00,LONG,96362.4,96619.68,0.5,0.1314
2024-11-24 21:15:00+00:00,2024-11-24 22:15:00+00:00,LONG,96746.83,97593.57,0.5,0.3557
2024-11-24 22:20:00+00:00,2024-11-24 23:20:00+00:00,LONG,97791.3,98056.64,0.5,0.2024
2024-11-24 23:40:00+00:00,2024-11-25 00:40:00+00:00,LONG,97696.04,97780.54,0.5,-0.0553
2024-11-25 01:05:00+00:00,2024-11-25 02:05:00+00:00,LONG,97586.97,97459.99,0.5,-0.0941
2024-11-25 03:10:00+00:00,2024-11-25 04:10:00+00:00,LONG,97476.32,98009.93,0.5,0.2271
2024-11-25 04:50:00+00:00,2024-11-25 05:50:00+00:00,LONG,97691.87,98090.99,0.5,0.1822
2024-11-25 06:05:00+00:00,2024-11-25 07:05:00+00:00,LONG,98269.5,98159.99,0.5,-0.051
2024-11-25 07:25:00+00:00,2024-11-25 08:25:00+00:00,LONG,98040.97,98250.83,0.5,0.1065
2024-11-25 15:10:00+00:00,2024-11-25 16:10:00+00:00,LONG,95252.49,96147.97,0.5,0.2605
2024-11-25 17:15:00+00:00,2024-11-25 18:15:00+00:00,LONG,95297.68,95837.82,0.5,0.1946
2024-11-25 19:25:00+00:00,2024-11-25 20:25:00+00:00,LONG,95084.52,95015.87,0.5,-0.0098
2024-11-25 22:00:00+00:00,2024-11-25 23:00:00+00:00,LONG,93697.29,94099.99,0.5,0.376
2024-11-26 00:00:00+00:00,2024-11-26 01:00:00+00:00,LONG,93091.98,93965.29,0.5,0.3983
2024-11-26 01:05:00+00:00,2024-11-26 02:05:00+00:00,LONG,94014.84,94664.01,0.5,0.4321
2024-11-26 02:25:00+00:00,2024-11-26 03:25:00+00:00,LONG,94519.11,94335.99,0.5,-0.1241
2024-11-26 03:30:00+00:00,2024-11-26 04:30:00+00:00,LONG,94395.3,94368.01,0.5,-0.0627
2024-11-26 05:15:00+00:00,2024-11-26 06:15:00+00:00,LONG,94247.09,94789.47,0.5,0.2126
2024-11-26 07:40:00+00:00,2024-11-26 08:40:00+00:00,LONG,93804.01,92780.0,0.5,-0.735
2024-11-26 08:45:00+00:00,2024-11-26 09:45:00+00:00,LONG,92728.91,93250.18,0.5,0.3658
2024-11-26 09:50:00+00:00,2024-11-26 10:50:00+00:00,LONG,93412.0,92591.9,0.5,-0.4891
2024-11-26 10:55:00+00:00,2024-11-26 11:55:00+00:00,LONG,92327.99,92356.85,0.5,-0.062
2024-11-26 12:05:00+00:00,2024-11-26 13:05:00+00:00,LONG,92371.99,92392.55,0.5,-0.1471
2024-11-28 00:10:00+00:00,2024-11-28 01:10:00+00:00,LONG,95828.0,96245.69,0.5,0.1833
2024-11-28 03:00:00+00:00,2024-11-28 04:00:00+00:00,LONG,95475.77,95584.98,0.5,-0.0023
2024-11-28 04:05:00+00:00,2024-11-28 05:05:00+00:00,LONG,95576.01,95761.91,0.5,0.1442
2024-11-28 05:40:00+00:00,2024-11-28 06:40:00+00:00,LONG,95417.74,95615.17,0.5,0.0829
2024-11-28 07:55:00+00:00,2024-11-28 08:55:00+00:00,LONG,95299.66,95456.01,0.5,0.0449
2024-11-28 09:05:00+00:00,2024-11-28 10:05:00+00:00,LONG,95281.41,94656.03,0.5,-0.3124
2024-11-28 10:10:00+00:00,2024-11-28 11:10:00+00:00,LONG,94820.01,94956.02,0.5,0.0781
2024-11-28 11:15:00+00:00,2024-11-28 12:15:00+00:00,LONG,94864.12,95456.91,0.5,0.3414
2024-11-28 13:10:00+00:00,2024-11-28 14:10:00+00:00,LONG,95200.0,95925.65,0.5,0.4392
2024-11-28 15:55:00+00:00,2024-11-28 16:55:00+00:00,LONG,95007.14,94972.0,0.5,-0.0507
2024-11-28 17:00:00+00:00,2024-11-28 18:00:00+00:00,LONG,95211.95,94994.63,0.5,-0.1829
2024-11-28 18:10:00+00:00,2024-11-28 19:10:00+00:00,LONG,95130.06,95098.5,0.5,0.0724
2024-11-28 20:10:00+00:00,2024-11-28 21:10:00+00:00,LONG,95047.95,94919.98,0.5,0.0274
2024-11-28 21:15:00+00:00,2024-11-28 22:15:00+00:00,LONG,95033.79,95313.3,0.5,0.1252
2024-11-28 22:20:00+00:00,2024-11-28 23:20:00+00:00,LONG,95415.98,95815.9,0.5,0.1424
2024-11-29 00:10:00+00:00,2024-11-29 01:10:00+00:00,LONG,95500.01,95490.27,0.5,0.0607
2024-11-29 01:15:00+00:00,2024-11-29 02:15:00+00:00,LONG,95519.98,96291.96,0.5,0.4855
2024-11-29 02:20:00+00:00,2024-11-29 03:20:00+00:00,LONG,96271.98,96464.06,0.5,0.1551
2024-11-29 08:10:00+00:00,2024-11-29 09:10:00+00:00,LONG,95777.0,95913.74,0.5,0.0664
2024-11-29 09:15:00+00:00,2024-11-29 10:15:00+00:00,LONG,96105.53,96595.7,0.5,0.2729
2024-11-29 10:20:00+00:00,2024-11-29 11:20:00+00:00,LONG,96538.76,96789.09,0.5,0.0182
2024-11-29 11:25:00+00:00,2024-11-29 12:25:00+00:00,LONG,96976.03,97213.02,0.5,0.1425
2024-11-29 12:45:00+00:00,2024-11-29 13:45:00+00:00,LONG,96952.38,97081.31,0.5,0.041
2024-11-29 13:50:00+00:00,2024-11-29 14:50:00+00:00,LONG,97143.42,97867.93,0.5,0.2302
2024-11-29 15:35:00+00:00,2024-11-29 16:35:00+00:00,LONG,98003.96,97979.53,0.5,0.0673
2024-11-29 18:00:00+00:00,2024-11-29 19:00:00+00:00,LONG,96912.11,96962.0,0.5,0.136
2024-11-29 19:05:00+00:00,2024-11-29 20:05:00+00:00,LONG,97030.79,97219.98,0.5,0.1149
2024-11-29 21:20:00+00:00,2024-11-29 22:20:00+00:00,LONG,97031.99,97232.01,0.5,0.1749
2024-11-29 23:10:00+00:00,2024-11-30 00:10:00+00:00,LONG,97238.54,97236.36,0.5,0.0254
2024-11-30 07:15:00+00:00,2024-11-30 08:15:00+00:00,LONG,96781.99,96967.21,0.5,0.0306
2024-11-30 12:10:00+00:00,2024-11-30 13:10:00+00:00,LONG,96366.01,96637.98,0.5,0.0904
2024-11-30 14:00:00+00:00,2024-11-30 15:00:00+00:00,LONG,96476.0,96576.0,0.5,-0.0069
2024-11-30 16:15:00+00:00,2024-11-30 17:15:00+00:00,LONG,96581.72,96893.24,0.5,0.1294
2024-12-01 00:45:00+00:00,2024-12-01 01:45:00+00:00,LONG,96415.21,96390.42,0.5,0.0115
2024-12-01 01:55:00+00:00,2024-12-01 02:55:00+00:00,LONG,96106.62,95776.22,0.5,-0.0701
2024-12-01 03:00:00+00:00,2024-12-01 04:00:00+00:00,LONG,95916.68,96290.49,0.5,0.2185
2024-12-01 08:10:00+00:00,2024-12-01 09:10:00+00:00,LONG,96717.21,96954.15,0.5,0.0903
2024-12-01 09:25:00+00:00,2024-12-01 10:25:00+00:00,LONG,96887.92,96869.87,0.5,-0.0144
2024-12-01 10:35:00+00:00,2024-12-01 11:35:00+00:00,LONG,96570.23,97061.98,0.5,0.2144
2024-12-01 11:50:00+00:00,2024-12-01 12:50:00+00:00,LONG,97013.14,96833.26,0.5,-0.0728
2024-12-01 13:10:00+00:00,2024-12-01 14:10:00+00:00,LONG,97027.99,97119.48,0.5,0.0927
2024-12-01 14:35:00+00:00,2024-12-01 15:35:00+00:00,LONG,97186.99,97047.99,0.5,-0.0026
2024-12-01 17:10:00+00:00,2024-12-01 18:10:00+00:00,LONG,97114.72,97507.93,0.5,0.1654
2024-12-01 19:40:00+00:00,2024-12-01 20:40:00+00:00,LONG,97023.31,96946.47,0.5,-0.0339
2024-12-01 21:10:00+00:00,2024-12-01 22:10:00+00:00,LONG,97263.0,97522.21,0.5,0.216
2024-12-02 00:10:00+00:00,2024-12-02 01:10:00+00:00,LONG,97234.15,97563.99,0.5,0.1193
2024-12-02 03:55:00+00:00,2024-12-02 04:55:00+00:00,LONG,96483.75,96708.0,0.5,0.065
2024-12-02 06:10:00+00:00,2024-12-02 07:10:00+00:00,LONG,96190.0,96368.61,0.5,0.1427
2024-12-02 07:25:00+00:00,2024-12-02 08:25:00+00:00,LONG,95848.03,95212.25,0.5,-0.2785
2024-12-02 08:30:00+00:00,2024-12-02 09:30:00+00:00,LONG,95230.92,95340.0,0.5,0.0425
2024-12-02 12:10:00+00:00,2024-12-02 13:10:00+00:00,LONG,95124.4,95399.83,0.5,0.067
2024-12-02 13:15:00+00:00,2024-12-02 14:15:00+00:00,LONG,95555.99,95585.38,0.5,0.0132
2024-12-02 14:20:00+00:00,2024-12-02 15:20:00+00:00,LONG,95668.62,96934.53,0.5,0.4596
2024-12-02 15:25:00+00:00,2024-12-02 16:25:00+00:00,LONG,96670.26,96599.99,0.5,0.1228
2024-12-02 17:55:00+00:00,2024-12-02 18:55:00+00:00,LONG,94604.03,95646.14,0.5,0.5592
2024-12-02 19:00:00+00:00,2024-12-02 20:00:00+00:00,LONG,95528.0,96016.96,0.5,0.1505
2024-12-02 20:45:00+00:00,2024-12-02 21:45:00+00:00,LONG,95616.92,95716.15,0.5,0.0032
2024-12-02 22:00:00+00:00,2024-12-02 23:00:00+00:00,LONG,95471.99,95507.94,0.5,-0.0524
2024-12-02 23:05:00+00:00,2024-12-03 00:05:00+00:00,LONG,95532.49,95880.21,0.5,0.1623
2024-12-03 01:25:00+00:00,2024-12-03 02:25:00+00:00,LONG,95585.19,95795.99,0.5,0.0974
2024-12-03 02:30:00+00:00,2024-12-03 03:30:00+00:00,LONG,95847.61,96153.68,0.5,0.0951
2024-12-03 07:40:00+00:00,2024-12-03 08:40:00+00:00,LONG,95375.21,95354.45,0.5,0.0151
2024-12-03 11:10:00+00:00,2024-12-03 12:10:00+00:00,LONG,94868.05,94956.41,0.5,-0.0713
2024-12-03 12:20:00+00:00,2024-12-03 13:20:00+00:00,LONG,94928.0,94596.01,0.5,-0.2259
2024-12-03 13:35:00+00:00,2024-12-03 14:35:00+00:00,LONG,94568.38,94360.55,0.5,-0.5233
2024-12-03 14:40:00+00:00,2024-12-03 15:40:00+00:00,LONG,94703.04,95716.84,0.5,0.5902
2024-12-03 15:55:00+00:00,2024-12-03 16:55:00+00:00,LONG,95682.54,95112.0,0.5,-0.2648
2024-12-03 17:00:00+00:00,2024-12-03 18:00:00+00:00,LONG,95208.56,95672.26,0.5,0.3243
2024-12-03 19:10:00+00:00,2024-12-03 20:10:00+00:00,LONG,95091.71,95528.37,0.5,0.2425
2024-12-03 20:15:00+00:00,2024-12-03 21:15:00+00:00,LONG,95460.77,95963.31,0.5,0.2128
2024-12-03 22:05:00+00:00,2024-12-03 23:05:00+00:00,LONG,95873.01,95907.23,0.5,0.0517
2024-12-04 04:10:00+00:00,2024-12-04 05:10:00+00:00,LONG,95749.46,96078.11,0.5,0.1495
2024-12-04 05:15:00+00:00,2024-12-04 06:15:00+00:00,LONG,96211.48,96489.08,0.5,0.0636
2024-12-04 06:55:00+00:00,2024-12-04 07:55:00+00:00,LONG,96539.68,96588.81,0.5,-0.0259
2024-12-04 08:00:00+00:00,2024-12-04 09:00:00+00:00,LONG,96658.18,96684.01,0.5,0.0152
2024-12-04 12:15:00+00:00,2024-12-04 13:15:00+00:00,LONG,95813.92,95817.41,0.5,0.0466
2024-12-04 13:25:00+00:00,2024-12-04 14:25:00+00:00,LONG,95647.14,95780.68,0.5,0.0681
2024-12-04 16:05:00+00:00,2024-12-04 17:05:00+00:00,LONG,95312.0,94767.99,0.5,-0.1209
2024-12-04 17:10:00+00:00,2024-12-04 18:10:00+00:00,LONG,94808.81,95924.37,0.5,0.4212
2024-12-04 18:15:00+00:00,2024-12-04 19:15:00+00:00,LONG,95756.13,96648.7,0.5,0.2262
2024-12-04 19:20:00+00:00,2024-12-04 20:20:00+00:00,LONG,96434.4,98598.5,0.5,1.0556
2024-12-04 20:30:00+00:00,2024-12-04 21:30:00+00:00,LONG,98422.21,98121.15,0.5,0.0456
2024-12-04 21:35:00+00:00,2024-12-04 22:35:00+00:00,LONG,98009.98,98424.46,0.5,0.2275
2024-12-04 22:55:00+00:00,2024-12-04 23:55:00+00:00,LONG,98174.61,98587.32,0.5,0.2781
2024-12-05 00:00:00+00:00,2024-12-05 01:00:00+00:00,LONG,98549.98,98379.99,0.5,-0.129
2024-12-05 01:05:00+00:00,2024-12-05 02:05:00+00:00,LONG,98027.98,98483.8,0.5,0.1243
2024-12-05 02:10:00+00:00,2024-12-05 03:10:00+00:00,LONG,98399.99,102919.99,0.5,2.4124
2024-12-05 03:15:00+00:00,2024-12-05 04:15:00+00:00,LONG,103108.22,102612.76,0.5,0.0503
2024-12-05 04:20:00+00:00,2024-12-05 05:20:00+00:00,LONG,102580.01,103344.89,0.5,0.3454
2024-12-05 05:45:00+00:00,2024-12-05 06:45:00+00:00,LONG,102264.01,101914.23,0.5,-0.1685
2024-12-05 07:10:00+00:00,2024-12-05 08:10:00+00:00,LONG,101609.0,102616.0,0.5,0.4918
2024-12-05 08:15:00+00:00,2024-12-05 09:15:00+00:00,LONG,102483.98,103019.63,0.5,0.2783
2024-12-05 11:00:00+00:00,2024-12-05 12:00:00+00:00,LONG,102335.67,102568.01,0.5,0.1129
2024-12-05 12:05:00+00:00,2024-12-05 13:05:00+00:00,LONG,102846.15,102819.99,0.5,-0.0244
2024-12-05 14:10:00+00:00,2024-12-05 15:10:00+00:00,LONG,102756.01,103512.6,0.5,0.3217
2024-12-05 15:50:00+00:00,2024-12-05 16:50:00+00:00,LONG,101536.03,101300.06,0.5,-0.092
2024-12-05 17:15:00+00:00,2024-12-05 18:15:00+00:00,LONG,100879.03,101190.13,0.5,0.1907
2024-12-05 19:45:00+00:00,2024-12-05 20:45:00+00:00,LONG,99471.09,99072.87,0.5,-0.2576
2024-12-05 21:35:00+00:00,2024-12-05 22:35:00+00:00,LONG,98982.7,95734.58,0.5,-1.8014
2024-12-05 22:40:00+00:00,2024-12-05 23:40:00+00:00,LONG,96211.68,96383.74,0.5,0.1724
2024-12-05 23:45:00+00:00,2024-12-06 00:45:00+00:00,LONG,96964.39,97249.93,0.5,0.2652
2024-12-06 00:50:00+00:00,2024-12-06 01:50:00+00:00,LONG,97403.05,98391.99,0.5,0.663
2024-12-06 02:35:00+00:00,2024-12-06 03:35:00+00:00,LONG,97808.01,97399.04,0.5,-0.2352
2024-12-06 03:40:00+00:00,2024-12-06 04:40:00+00:00,LONG,97606.69,97824.0,0.5,0.148
2024-12-06 04:45:00+00:00,2024-12-06 05:45:00+00:00,LONG,97934.77,97808.08,0.5,-0.077
2024-12-06 05:50:00+00:00,2024-12-06 06:50:00+00:00,LONG,97964.01,98067.61,0.5,0.0179
2024-12-06 07:05:00+00:00,2024-12-06 08:05:00+00:00,LONG,97887.96,98246.54,0.5,0.1771
2024-12-06 10:05:00+00:00,2024-12-06 11:05:00+00:00,LONG,97826.66,98147.46,0.5,0.1887
2024-12-06 11:15:00+00:00,2024-12-06 12:15:00+00:00,LONG,97924.22,98192.71,0.5,0.2168
2024-12-06 12:40:00+00:00,2024-12-06 13:40:00+00:00,LONG,97891.2,98747.99,0.5,0.4011
2024-12-06 13:45:00+00:00,2024-12-06 14:45:00+00:00,LONG,98561.35,99256.0,0.5,0.135
2024-12-06 14:50:00+00:00,2024-12-06 15:50:00+00:00,LONG,99227.99,99203.99,0.5,0.0988
2024-12-06 15:55:00+00:00,2024-12-06 16:55:00+00:00,LONG,99309.99,99004.07,0.5,-0.1988
2024-12-06 17:00:00+00:00,2024-12-06 18:00:00+00:00,LONG,98897.66,100990.14,0.5,0.9745
2024-12-06 18:05:00+00:00,2024-12-06 19:05:00+00:00,LONG,101350.74,101269.97,0.5,-0.0168
2024-12-06 19:10:00+00:00,2024-12-06 20:10:00+00:00,LONG,101424.0,101666.15,0.5,0.0615
2024-12-06 22:35:00+00:00,2024-12-06 23:35:00+00:00,LONG,100636.82,99744.77,0.5,-0.4959
2024-12-06 23:40:00+00:00,2024-12-07 00:40:00+00:00,LONG,99843.62,100337.99,0.5,0.1784
2024-12-07 03:25:00+00:00,2024-12-07 04:25:00+00:00,LONG,99463.61,99211.99,0.5,-0.1575
2024-12-07 04:30:00+00:00,2024-12-07 05:30:00+00:00,LONG,99316.43,99460.0,0.5,0.1034
2024-12-07 05:40:00+00:00,2024-12-07 06:40:00+00:00,LONG,99043.54,99252.75,0.5,0.1677
2024-12-07 06:45:00+00:00,2024-12-07 07:45:00+00:00,LONG,99297.7,99173.65,0.5,-0.008
2024-12-07 07:50:00+00:00,2024-12-07 08:50:00+00:00,LONG,99316.02,99528.0,0.5,0.1164
2024-12-07 09:00:00+00:00,2024-12-07 10:00:00+00:00,LONG,99538.36,99572.0,0.5,0.0693
2024-12-07 10:20:00+00:00,2024-12-07 11:20:00+00:00,LONG,99569.71,99490.01,0.5,-0.0315
2024-12-07 11:35:00+00:00,2024-12-07 12:35:00+00:00,LONG,99589.78,99544.0,0.5,-0.0073
2024-12-07 13:15:00+00:00,2024-12-07 14:15:00+00:00,LONG,99409.99,99227.87,0.5,-0.1168
2024-12-07 14:20:00+00:00,2024-12-07 15:20:00+00:00,LONG,99325.1,99418.36,0.5,0.0538
2024-12-07 15:25:00+00:00,2024-12-07 16:25:00+00:00,LONG,99502.02,99568.44,0.5,0.0743
2024-12-07 17:10:00+00:00,2024-12-07 18:10:00+00:00,LONG,99524.0,99712.47,0.5,0.054
2024-12-07 18:15:00+00:00,2024-12-07 19:15:00+00:00,LONG,99624.0,100245.96,0.5,0.2718
2024-12-07 23:55:00+00:00,2024-12-08 00:55:00+00:00,LONG,99831.99,99978.38,0.5,0.0039
2024-12-08 02:10:00+00:00,2024-12-08 03:10:00+00:00,LONG,99838.26,100059.99,0.5,0.1915
2024-12-08 06:10:00+00:00,2024-12-08 07:10:00+00:00,LONG,99495.99,99691.25,0.5,0.0964
2024-12-08 08:55:00+00:00,2024-12-08 09:55:00+00:00,LONG,98980.01,98884.02,0.5,-0.0586
2024-12-08 10:00:00+00:00,2024-12-08 11:00:00+00:00,LONG,99064.01,99187.98,0.5,0.0934
2024-12-08 11:05:00+00:00,2024-12-08 12:05:00+00:00,LONG,99217.89,99539.05,0.5,0.1842
2024-12-08 12:10:00+00:00,2024-12-08 13:10:00+00:00,LONG,99636.28,100099.99,0.5,0.1909
2024-12-08 14:55:00+00:00,2024-12-08 15:55:00+00:00,LONG,99726.73,99912.01,0.5,0.1128
2024-12-08 17:10:00+00:00,2024-12-08 18:10:00+00:00,LONG,99755.99,99924.0,0.5,0.0881
2024-12-08 19:00:00+00:00,2024-12-08 20:00:00+00:00,LONG,99685.57,100029.15,0.5,0.2079
2024-12-08 20:45:00+00:00,2024-12-08 21:45:00+00:00,LONG,99887.99,99979.01,0.5,0.0582
2024-12-08 21:50:00+00:00,2024-12-08 22:50:00+00:00,LONG,99962.0,100065.59,0.5,0.0345
2024-12-08 22:55:00+00:00,2024-12-08 23:55:00+00:00,LONG,100220.01,101109.59,0.5,0.5107
2024-12-09 04:10:00+00:00,2024-12-09 05:10:00+00:00,LONG,99211.99,99434.71,0.5,0.1212
2024-12-09 05:40:00+00:00,2024-12-09 06:40:00+00:00,LONG,99496.0,99172.51,0.5,-0.2062
2024-12-09 06:45:00+00:00,2024-12-09 07:45:00+00:00,LONG,99283.6,99611.15,0.5,0.0787
2024-12-09 07:50:00+00:00,2024-12-09 08:50:00+00:00,LONG,99699.99,98936.0,0.5,-0.3311
2024-12-09 12:10:00+00:00,2024-12-09 13:10:00+00:00,LONG,98291.18,98352.0,0.5,-0.0001
2024-12-09 13:15:00+00:00,2024-12-09 14:15:00+00:00,LONG,98797.32,99155.0,0.5,0.1933
2024-12-09 14:20:00+00:00,2024-12-09 15:20:00+00:00,LONG,98966.3,98595.01,0.5,-0.1767
2024-12-09 15:40:00+00:00,2024-12-09 16:40:00+00:00,LONG,97847.96,98143.99,0.5,0.0289
2024-12-09 17:00:00+00:00,2024-12-09 18:00:00+00:00,LONG,98032.85,97437.5,0.5,-0.3402
2024-12-09 18:05:00+00:00,2024-12-09 19:05:00+00:00,LONG,97635.99,97420.01,0.5,-0.0779
2024-12-09 19:55:00+00:00,2024-12-09 20:55:00+00:00,LONG,97070.32,96252.01,0.5,-0.2946
2024-12-09 21:00:00+00:00,2024-12-09 22:00:00+00:00,LONG,94808.63,96939.51,0.5,1.0868
2024-12-09 22:05:00+00:00,2024-12-09 23:05:00+00:00,LONG,96888.87,97249.99,0.5,-0.0686
2024-12-09 23:10:00+00:00,2024-12-10 00:10:00+00:00,LONG,97293.09,97297.17,0.5,-0.1287
2024-12-10 00:15:00+00:00,2024-12-10 01:15:00+00:00,LONG,97443.09,97786.3,0.5,0.091
2024-12-10 01:35:00+00:00,2024-12-10 02:35:00+00:00,LONG,97507.22,97286.12,0.5,-0.1147
2024-12-10 03:00:00+00:00,2024-12-10 04:00:00+00:00,LONG,96722.2,96522.09,0.5,0.1083
2024-12-10 04:05:00+00:00,2024-12-10 05:05:00+00:00,LONG,96547.0,96849.99,0.5,0.1536
2024-12-11 16:40:00+00:00,2024-12-11 17:40:00+00:00,LONG,100500.0,100256.01,0.5,-0.0869
2024-12-11 17:45:00+00:00,2024-12-11 18:45:00+00:00,LONG,100373.78,100766.55,0.5,0.1129
2024-12-11 18:50:00+00:00,2024-12-11 19:50:00+00:00,LONG,100480.01,101100.01,0.5,0.265
2024-12-11 19:55:00+00:00,2024-12-11 20:55:00+00:00,LONG,101122.71,101271.56,0.5,0.0728
2024-12-11 21:05:00+00:00,2024-12-11 22:05:00+00:00,LONG,100902.74,101839.99,0.5,0.3514
2024-12-12 00:25:00+00:00,2024-12-12 01:25:00+00:00,LONG,100859.95,100786.0,0.5,-0.129
2024-12-12 01:35:00+00:00,2024-12-12 02:35:00+00:00,LONG,100520.01,100818.78,0.5,0.1182
2024-12-12 02:40:00+00:00,2024-12-12 03:40:00+00:00,LONG,100850.01,101083.25,0.5,0.2365
2024-12-12 08:10:00+00:00,2024-12-12 09:10:00+00:00,LONG,100600.0,101002.83,0.5,0.2358
2024-12-12 11:15:00+00:00,2024-12-12 12:15:00+00:00,LONG,100253.29,100583.8,0.5,0.1508
2024-12-12 12:20:00+00:00,2024-12-12 13:20:00+00:00,LONG,100743.99,101210.52,0.5,0.2807
2024-12-12 13:40:00+00:00,2024-12-12 14:40:00+00:00,LONG,101028.64,101268.01,0.5,-0.0506
2024-12-12 14:45:00+00:00,2024-12-12 15:45:00+00:00,LONG,101340.0,101749.39,0.5,0.1734
2024-12-12 15:50:00+00:00,2024-12-12 16:50:00+00:00,LONG,101651.66,101620.01,0.5,0.0906
2024-12-12 17:25:00+00:00,2024-12-12 18:25:00+00:00,LONG,101532.17,101613.37,0.5,0.0383
2024-12-12 19:40:00+00:00,2024-12-12 20:40:00+00:00,LONG,99472.0,100248.0,0.5,0.3817
2024-12-12 20:55:00+00:00,2024-12-12 21:55:00+00:00,LONG,100028.01,99760.01,0.5,-0.0873
2024-12-12 22:00:00+00:00,2024-12-12 23:00:00+00:00,LONG,99780.0,100271.99,0.5,0.3316
2024-12-12 23:05:00+00:00,2024-12-13 00:05:00+00:00,LONG,100304.71,100170.31,0.5,-0.1183
2024-12-13 01:30:00+00:00,2024-12-13 02:30:00+00:00,LONG,99635.0,99300.0,0.5,-0.1369
2024-12-13 02:35:00+00:00,2024-12-13 03:35:00+00:00,LONG,99568.83,99717.99,0.5,0.0233
2024-12-13 04:10:00+00:00,2024-12-13 05:10:00+00:00,LONG,99813.07,100078.34,0.5,0.1395
2024-12-13 07:00:00+00:00,2024-12-13 08:00:00+00:00,LONG,99600.01,100119.75,0.5,0.2654
2024-12-13 08:10:00+00:00,2024-12-13 09:10:00+00:00,LONG,99975.28,100087.74,0.5,0.0926
2024-12-13 09:25:00+00:00,2024-12-13 10:25:00+00:00,LONG,100063.53,100007.99,0.5,-0.0338
2024-12-13 10:30:00+00:00,2024-12-13 11:30:00+00:00,LONG,100070.0,100497.52,0.5,0.2599
2024-12-13 14:10:00+00:00,2024-12-13 15:10:00+00:00,LONG,100440.13,101220.62,0.5,0.2284
2024-12-13 15:55:00+00:00,2024-12-13 16:55:00+00:00,LONG,99873.16,100988.01,0.5,0.5526
2024-12-13 17:00:00+00:00,2024-12-13 18:00:00+00:00,LONG,100809.99,101799.62,0.5,0.4581
2024-12-13 18:20:00+00:00,2024-12-13 19:20:00+00:00,LONG,101423.98,101555.56,0.5,-0.0398
2024-12-13 19:25:00+00:00,2024-12-13 20:25:00+00:00,LONG,101281.21,101673.84,0.5,0.1692
2024-12-13 23:15:00+00:00,2024-12-14 00:15:00+00:00,LONG,101195.02,101405.05,0.5,0.0683
2024-12-14 00:50:00+00:00,2024-12-14 01:50:00+00:00,LONG,101181.1,102256.57,0.5,0.4965
2024-12-14 02:05:00+00:00,2024-12-14 03:05:00+00:00,LONG,101909.8,102129.29,0.5,0.1213
2024-12-14 03:55:00+00:00,2024-12-14 04:55:00+00:00,LONG,102088.0,101681.81,0.5,-0.1795
2024-12-14 10:10:00+00:00,2024-12-14 11:10:00+00:00,LONG,101364.39,101513.7,0.5,0.06
2024-12-14 13:15:00+00:00,2024-12-14 14:15:00+00:00,LONG,101151.99,101453.8,0.5,0.1329
2024-12-14 14:30:00+00:00,2024-12-14 15:30:00+00:00,LONG,101335.15,101692.53,0.5,0.1194
2024-12-14 16:15:00+00:00,2024-12-14 17:15:00+00:00,LONG,101535.99,101409.1,0.5,0.0335
2024-12-14 18:00:00+00:00,2024-12-14 19:00:00+00:00,LONG,101053.53,100999.99,0.5,-0.078
2024-12-14 19:10:00+00:00,2024-12-14 20:10:00+00:00,LONG,100978.89,101269.31,0.5,0.1736
2024-12-14 20:50:00+00:00,2024-12-14 21:50:00+00:00,LONG,100705.88,101072.12,0.5,0.2134
2024-12-14 22:15:00+00:00,2024-12-14 23:15:00+00:00,LONG,100954.3,101294.12,0.5,0.134
2024-12-15 01:10:00+00:00,2024-12-15 02:10:00+00:00,LONG,101509.44,101954.54,0.5,0.2269
2024-12-15 04:10:00+00:00,2024-12-15 05:10:00+00:00,LONG,102175.69,102262.68,0.5,0.0749
2024-12-15 07:35:00+00:00,2024-12-15 08:35:00+00:00,LONG,101594.29,101896.22,0.5,0.1135
2024-12-15 08:40:00+00:00,2024-12-15 09:40:00+00:00,LONG,101919.32,102155.99,0.5,0.0688
2024-12-15 09:45:00+00:00,2024-12-15 10:45:00+00:00,LONG,102210.71,102240.01,0.5,0.0162
2024-12-15 10:50:00+00:00,2024-12-15 11:50:00+00:00,LONG,102326.24,102565.95,0.5,0.1102
2024-12-15 11:55:00+00:00,2024-12-15 12:55:00+00:00,LONG,102671.44,102946.54,0.5,0.1436
2024-12-15 13:05:00+00:00,2024-12-15 14:05:00+00:00,LONG,102747.89,102935.12,0.5,-0.0233
2024-12-15 14:40:00+00:00,2024-12-15 15:40:00+00:00,LONG,102828.45,102836.0,0.5,0.0263
2024-12-15 16:10:00+00:00,2024-12-15 17:10:00+00:00,LONG,102939.96,103155.22,0.5,0.068
2024-12-15 18:15:00+00:00,2024-12-15 19:15:00+00:00,LONG,102984.58,103400.0,0.5,0.155
2024-12-15 20:10:00+00:00,2024-12-15 21:10:00+00:00,LONG,103201.77,103014.38,0.5,-0.0474
2024-12-15 21:15:00+00:00,2024-12-15 22:15:00+00:00,LONG,102883.71,103153.35,0.5,0.0389
2024-12-15 22:20:00+00:00,2024-12-15 23:20:00+00:00,LONG,103355.99,104636.0,0.5,0.3087
2024-12-16 01:10:00+00:00,2024-12-16 02:10:00+00:00,LONG,105257.08,105108.09,0.5,0.0033
2024-12-16 03:45:00+00:00,2024-12-16 04:45:00+00:00,LONG,104492.67,104612.0,0.5,0.0418
2024-12-16 04:50:00+00:00,2024-12-16 05:50:00+00:00,LONG,104676.73,105035.45,0.5,0.1711
2024-12-16 08:00:00+00:00,2024-12-16 09:00:00+00:00,LONG,104896.0,104523.46,0.5,-0.1722
2024-12-16 12:00:00+00:00,2024-12-16 13:00:00+00:00,LONG,103870.61,103574.06,0.5,-0.1034
2024-12-16 13:05:00+00:00,2024-12-16 14:05:00+00:00,LONG,103935.74,104156.25,0.5,0.0578
2024-12-16 14:10:00+00:00,2024-12-16 15:10:00+00:00,LONG,104198.85,106044.0,0.5,0.8023
2024-12-16 15:15:00+00:00,2024-12-16 16:15:00+00:00,LONG,106296.0,106746.68,0.5,0.1422
2024-12-16 16:50:00+00:00,2024-12-16 17:50:00+00:00,LONG,106975.0,106812.52,0.5,-0.0008
2024-12-16 17:55:00+00:00,2024-12-16 18:55:00+00:00,LONG,107078.55,107078.6,0.5,0.0579
2024-12-16 19:00:00+00:00,2024-12-16 20:00:00+00:00,LONG,106396.0,106240.54,0.5,0.0879
2024-12-16 20:05:00+00:00,2024-12-16 21:05:00+00:00,LONG,106365.46,105688.94,0.5,-0.2533
2024-12-16 21:10:00+00:00,2024-12-16 22:10:00+00:00,LONG,105896.52,106285.13,0.5,0.0934
2024-12-16 22:55:00+00:00,2024-12-16 23:55:00+00:00,LONG,105815.99,106058.66,0.5,0.0914
2024-12-17 00:50:00+00:00,2024-12-17 01:50:00+00:00,LONG,106113.36,106383.14,0.5,0.1021
2024-12-17 01:55:00+00:00,2024-12-17 02:55:00+00:00,LONG,106376.0,106269.14,0.5,-0.0445
2024-12-17 03:00:00+00:00,2024-12-17 04:00:00+00:00,LONG,106384.91,106844.8,0.5,0.2258
2024-12-17 05:10:00+00:00,2024-12-17 06:10:00+00:00,LONG,106505.69,106724.99,0.5,0.1376
2024-12-17 08:10:00+00:00,2024-12-17 09:10:00+00:00,LONG,107039.13,107273.16,0.5,0.1483
2024-12-17 10:20:00+00:00,2024-12-17 11:20:00+00:00,LONG,107044.0,107208.57,0.5,0.0753
2024-12-17 12:10:00+00:00,2024-12-17 13:10:00+00:00,LONG,106583.38,107023.99,0.5,0.1977
2024-12-17 14:10:00+00:00,2024-12-17 15:10:00+00:00,LONG,107518.18,106954.28,0.5,0.116
2024-12-17 15:25:00+00:00,2024-12-17 16:25:00+00:00,LONG,106042.22,106639.99,0.5,0.2998
2024-12-17 16:30:00+00:00,2024-12-17 17:30:00+00:00,LONG,106594.18,107483.94,0.5,0.4404
2024-12-17 18:55:00+00:00,2024-12-17 19:55:00+00:00,LONG,106551.89,106475.89,0.5,-0.0264
2024-12-17 20:10:00+00:00,2024-12-17 21:10:00+00:00,LONG,106229.6,106686.14,0.5,0.1431
2024-12-17 21:40:00+00:00,2024-12-17 22:40:00+00:00,LONG,106311.02,105527.35,0.5,-0.2674
2024-12-17 22:45:00+00:00,2024-12-17 23:45:00+00:00,LONG,105760.83,106133.62,0.5,0.2386
2024-12-17 23:50:00+00:00,2024-12-18 00:50:00+00:00,LONG,106043.94,106122.94,0.5,-0.0306
2024-12-18 03:10:00+00:00,2024-12-18 04:10:00+00:00,LONG,104839.06,104296.0,0.5,-0.1696
2024-12-18 04:25:00+00:00,2024-12-18 05:25:00+00:00,LONG,104040.01,104043.99,0.5,-0.0014
2024-12-18 05:55:00+00:00,2024-12-18 06:55:00+00:00,LONG,103572.17,103794.65,0.5,0.079
2024-12-18 07:00:00+00:00,2024-12-18 08:00:00+00:00,LONG,103900.0,104251.99,0.5,0.1685
2024-12-18 08:20:00+00:00,2024-12-18 09:20:00+00:00,LONG,103963.53,104389.55,0.5,0.1388
2024-12-18 09:40:00+00:00,2024-12-18 10:40:00+00:00,LONG,104153.78,104500.0,0.5,0.0821
2024-12-18 10:45:00+00:00,2024-12-18 11:45:00+00:00,LONG,104627.62,104811.29,0.5,0.1271
2024-12-18 11:50:00+00:00,2024-12-18 12:50:00+00:00,LONG,104926.73,104731.7,0.5,-0.028
2024-12-18 15:00:00+00:00,2024-12-18 16:00:00+00:00,LONG,103708.34,104326.23,0.5,0.346
2024-12-18 16:05:00+00:00,2024-12-18 17:05:00+00:00,LONG,104235.18,104021.59,0.5,-0.0928
2024-12-18 18:40:00+00:00,2024-12-18 19:40:00+00:00,LONG,104190.07,103636.37,0.5,-0.2832
2024-12-18 21:10:00+00:00,2024-12-18 22:10:00+00:00,LONG,101376.38,100827.15,0.5,-0.3352
2024-12-18 22:45:00+00:00,2024-12-18 23:45:00+00:00,LONG,101010.0,100189.31,0.5,-0.2034
2024-12-19 00:10:00+00:00,2024-12-19 01:10:00+00:00,LONG,100791.97,100565.93,0.5,-0.1689
2024-12-19 01:15:00+00:00,2024-12-19 02:15:00+00:00,LONG,100728.65,99814.41,0.5,-0.7929
2024-12-19 02:20:00+00:00,2024-12-19 03:20:00+00:00,LONG,99386.02,100777.68,0.5,0.8439
2024-12-19 03:25:00+00:00,2024-12-19 04:25:00+00:00,LONG,100896.0,101041.49,0.5,0.0065
2024-12-19 04:45:00+00:00,2024-12-19 05:45:00+00:00,LONG,100891.8,101393.94,0.5,0.2207
2024-12-19 06:20:00+00:00,2024-12-19 07:20:00+00:00,LONG,101031.78,101434.24,0.5,0.1303
2024-12-19 07:35:00+00:00,2024-12-19 08:35:00+00:00,LONG,101581.5,101596.83,0.5,0.0882
2024-12-19 08:40:00+00:00,2024-12-19 09:40:00+00:00,LONG,101615.83,101749.43,0.5,0.0636
2024-12-19 09:45:00+00:00,2024-12-19 10:45:00+00:00,LONG,101792.0,102595.44,0.5,0.3385
2024-12-19 11:10:00+00:00,2024-12-19 12:10:00+00:00,LONG,102287.34,102467.49,0.5,0.0918
2024-12-19 15:10:00+00:00,2024-12-19 16:10:00+00:00,LONG,100850.01,100057.83,0.5,-0.3688
2025-01-02 16:10:00+00:00,2025-01-02 17:10:00+00:00,LONG,96652.57,97546.33,0.5,0.2918
2025-01-02 17:30:00+00:00,2025-01-02 18:30:00+00:00,LONG,96806.44,96652.03,0.5,0.0498
2025-01-02 18:35:00+00:00,2025-01-02 19:35:00+00:00,LONG,96906.07,97297.29,0.5,0.2162
2025-01-02 19:40:00+00:00,2025-01-02 20:40:00+00:00,LONG,97415.65,97462.0,0.5,-0.0067
2025-01-02 22:25:00+00:00,2025-01-02 23:25:00+00:00,LONG,96882.8,96973.53,0.5,-0.0007
2025-01-03 01:10:00+00:00,2025-01-03 02:10:00+00:00,LONG,96730.0,97100.0,0.5,0.135
2025-01-03 03:20:00+00:00,2025-01-03 04:20:00+00:00,LONG,96936.47,96923.07,0.5,0.0328
2025-01-03 08:35:00+00:00,2025-01-03 09:35:00+00:00,LONG,96220.0,96664.24,0.5,0.1971
2025-01-03 10:05:00+00:00,2025-01-03 11:05:00+00:00,LONG,96445.3,96509.2,0.5,0.0456
2025-01-03 11:10:00+00:00,2025-01-03 12:10:00+00:00,LONG,96510.04,96859.67,0.5,0.1748
2025-01-03 12:40:00+00:00,2025-01-03 13:40:00+00:00,LONG,96713.39,96621.69,0.5,-0.0813
2025-01-03 13:45:00+00:00,2025-01-03 14:45:00+00:00,LONG,96595.71,96939.17,0.5,0.3386
2025-01-03 14:55:00+00:00,2025-01-03 15:55:00+00:00,LONG,97016.01,97521.35,0.5,0.2304
2025-01-03 16:00:00+00:00,2025-01-03 17:00:00+00:00,LONG,97632.49,97992.68,0.5,0.1206
2025-01-03 17:05:00+00:00,2025-01-03 18:05:00+00:00,LONG,97963.59,98102.09,0.5,0.1104
2025-01-03 18:10:00+00:00,2025-01-03 19:10:00+00:00,LONG,98323.86,98900.0,0.5,0.201
2025-01-03 19:40:00+00:00,2025-01-03 20:40:00+00:00,LONG,98698.23,98453.89,0.5,-0.1234
2025-01-04 01:10:00+00:00,2025-01-04 02:10:00+00:00,LONG,97888.78,97922.75,0.5,-0.0038
2025-01-04 02:15:00+00:00,2025-01-04 03:15:00+00:00,LONG,97913.84,98111.36,0.5,0.13
2025-01-04 10:10:00+00:00,2025-01-04 11:10:00+00:00,LONG,97708.93,97771.74,0.5,0.0128
2025-01-04 16:35:00+00:00,2025-01-04 17:35:00+00:00,LONG,97687.84,97874.03,0.5,0.1038
2025-01-04 17:40:00+00:00,2025-01-04 18:40:00+00:00,LONG,97877.01,98046.4,0.5,0.0956
2025-01-05 12:10:00+00:00,2025-01-05 13:10:00+00:00,LONG,97737.64,97861.46,0.5,0.0737
2025-01-05 13:55:00+00:00,2025-01-05 14:55:00+00:00,LONG,97689.96,97855.06,0.5,0.0686
2025-01-05 15:15:00+00:00,2025-01-05 16:15:00+00:00,LONG,97771.28,98074.87,0.5,0.2165
2025-01-05 18:10:00+00:00,2025-01-05 19:10:00+00:00,LONG,97700.81,98037.38,0.5,0.1529
2025-01-05 20:10:00+00:00,2025-01-05 21:10:00+00:00,LONG,98128.61,98396.93,0.5,0.1012
2025-01-05 21:30:00+00:00,2025-01-05 22:30:00+00:00,LONG,98356.02,98543.4,0.5,0.0986
2025-01-06 00:20:00+00:00,2025-01-06 01:20:00+00:00,LONG,98610.84,98047.64,0.5,-0.3124
2025-01-06 01:25:00+00:00,2025-01-06 02:25:00+00:00,LONG,98121.23,98757.01,0.5,0.3421
2025-01-06 02:30:00+00:00,2025-01-06 03:30:00+00:00,LONG,98950.85,99092.0,0.5,0.0748
2025-01-06 03:50:00+00:00,2025-01-06 04:50:00+00:00,LONG,99019.2,99425.59,0.5,0.1351
2025-01-06 07:05:00+00:00,2025-01-06 08:05:00+00:00,LONG,99396.47,99492.52,0.5,0.04
2025-01-06 08:45:00+00:00,2025-01-06 09:45:00+00:00,LONG,99039.34,99057.24,0.5,0.0078
2025-01-06 10:10:00+00:00,2025-01-06 11:10:00+00:00,LONG,98882.01,99013.62,0.5,0.0333
2025-01-06 11:15:00+00:00,2025-01-06 12:15:00+00:00,LONG,99029.95,99416.01,0.5,0.2295
2025-01-06 12:35:00+00:00,2025-01-06 13:35:00+00:00,LONG,99511.98,99149.79,0.5,-0.1347
2025-01-06 13:40:00+00:00,2025-01-06 14:40:00+00:00,LONG,99282.82,99527.81,0.5,-0.0841
2025-01-06 14:45:00+00:00,2025-01-06 15:45:00+00:00,LONG,100489.99,101962.89,0.5,0.7308
2025-01-06 15:50:00+00:00,2025-01-06 16:50:00+00:00,LONG,102357.2,102270.0,0.5,-0.2318
2025-01-06 17:05:00+00:00,2025-01-06 18:05:00+00:00,LONG,102027.54,101914.1,0.5,-0.1181
2025-01-06 20:40:00+00:00,2025-01-06 21:40:00+00:00,LONG,102018.52,101769.08,0.5,-0.103
2025-01-06 21:45:00+00:00,2025-01-06 22:45:00+00:00,LONG,101862.6,102056.23,0.5,0.0554
2025-01-06 22:55:00+00:00,2025-01-06 23:55:00+00:00,LONG,102011.98,102235.6,0.5,0.0837
2025-01-07 05:25:00+00:00,2025-01-07 06:25:00+00:00,LONG,101718.53,101832.89,0.5,0.0786
2025-01-07 08:15:00+00:00,2025-01-07 09:15:00+00:00,LONG,101654.08,101810.39,0.5,0.0963
2025-01-07 11:40:00+00:00,2025-01-07 12:40:00+00:00,LONG,100666.66,100854.5,0.5,0.0676
2025-01-07 16:20:00+00:00,2025-01-07 17:20:00+00:00,LONG,97985.13,97372.57,0.5,-0.2612
2025-01-07 17:35:00+00:00,2025-01-07 18:35:00+00:00,LONG,97411.75,96888.75,0.5,-0.1805
2025-01-07 19:40:00+00:00,2025-01-07 20:40:00+00:00,LONG,96687.64,96245.62,0.5,-0.0993
2025-01-07 20:45:00+00:00,2025-01-07 21:45:00+00:00,LONG,96550.58,96648.6,0.5,0.0562
2025-01-07 21:50:00+00:00,2025-01-07 22:50:00+00:00,LONG,96723.41,97069.25,0.5,0.1548
2025-01-07 22:55:00+00:00,2025-01-07 23:55:00+00:00,LONG,97164.0,96954.61,0.5,-0.1274
2025-01-08 00:05:00+00:00,2025-01-08 01:05:00+00:00,LONG,96945.86,97076.83,0.5,0.0394
2025-01-08 03:05:00+00:00,2025-01-08 04:05:00+00:00,LONG,96584.28,96539.95,0.5,-0.0938
2025-01-08 05:10:00+00:00,2025-01-08 06:10:00+00:00,LONG,96327.05,96537.61,0.5,0.1144
2025-01-08 06:55:00+00:00,2025-01-08 07:55:00+00:00,LONG,95284.31,95657.09,0.5,0.2643
2025-01-08 08:00:00+00:00,2025-01-08 09:00:00+00:00,LONG,95595.46,96046.19,0.5,0.183
2025-01-08 10:10:00+00:00,2025-01-08 11:10:00+00:00,LONG,95556.42,95741.26,0.5,0.2018
2025-01-08 11:35:00+00:00,2025-01-08 12:35:00+00:00,LONG,94641.45,95223.6,0.5,0.1616
2025-01-14 20:10:00+00:00,2025-01-14 21:10:00+00:00,LONG,96449.99,96561.88,0.5,0.0881
2025-01-14 21:35:00+00:00,2025-01-14 22:35:00+00:00,LONG,96404.39,96669.67,0.5,0.0899
2025-01-15 00:10:00+00:00,2025-01-15 01:10:00+00:00,LONG,96853.45,97006.89,0.5,0.1297
2025-01-15 01:15:00+00:00,2025-01-15 02:15:00+00:00,LONG,96873.42,96989.66,0.5,0.1455
2025-01-15 02:25:00+00:00,2025-01-15 03:25:00+00:00,LONG,96948.84,96926.65,0.5,-0.0334
2025-01-15 03:30:00+00:00,2025-01-15 04:30:00+00:00,LONG,97026.24,97309.99,0.5,0.1208
2025-01-15 05:10:00+00:00,2025-01-15 06:10:00+00:00,LONG,96861.77,96902.31,0.5,0.0545
2025-01-15 06:15:00+00:00,2025-01-15 07:15:00+00:00,LONG,96960.82,97329.63,0.5,0.1031
2025-01-15 11:25:00+00:00,2025-01-15 12:25:00+00:00,LONG,96641.12,96591.96,0.5,-0.016
2025-01-15 12:30:00+00:00,2025-01-15 13:30:00+00:00,LONG,96628.64,98561.7,0.5,0.3393
2025-01-15 13:35:00+00:00,2025-01-15 14:35:00+00:00,LONG,98484.0,98956.0,0.5,0.225
2025-01-15 14:40:00+00:00,2025-01-15 15:40:00+00:00,LONG,98993.11,99270.83,0.5,0.1977
2025-01-15 16:00:00+00:00,2025-01-15 17:00:00+00:00,LONG,99315.41,99177.88,0.5,-0.1613
2025-01-15 17:05:00+00:00,2025-01-15 18:05:00+00:00,LONG,99220.0,98882.48,0.5,-0.202
2025-01-15 18:10:00+00:00,2025-01-15 19:10:00+00:00,LONG,98903.98,99377.62,0.5,0.2474
2025-01-15 19:15:00+00:00,2025-01-15 20:15:00+00:00,LONG,99377.71,100495.94,0.5,0.4348
2025-01-15 20:40:00+00:00,2025-01-15 21:40:00+00:00,LONG,99755.3,99589.35,0.5,-0.0328
2025-01-15 21:45:00+00:00,2025-01-15 22:45:00+00:00,LONG,99730.49,99768.17,0.5,0.0262
2025-01-15 22:50:00+00:00,2025-01-15 23:50:00+00:00,LONG,99704.12,100280.0,0.5,0.2253
2025-01-15 23:55:00+00:00,2025-01-16 00:55:00+00:00,LONG,100497.35,99869.26,0.5,-0.3821
2025-01-16 06:10:00+00:00,2025-01-16 07:10:00+00:00,LONG,99472.07,99767.44,0.5,0.138
2025-01-16 08:50:00+00:00,2025-01-16 09:50:00+00:00,LONG,98716.53,99199.15,0.5,0.2829
2025-01-16 11:20:00+00:00,2025-01-16 12:20:00+00:00,LONG,98896.55,99413.8,0.5,0.1731
2025-01-16 12:30:00+00:00,2025-01-16 13:30:00+00:00,LONG,99327.7,98955.45,0.5,-0.2508
2025-01-16 13:35:00+00:00,2025-01-16 14:35:00+00:00,LONG,99145.05,98892.84,0.5,-0.0486
2025-01-16 14:50:00+00:00,2025-01-16 15:50:00+00:00,LONG,97764.66,98785.99,0.5,0.3717
2025-01-16 15:55:00+00:00,2025-01-16 16:55:00+00:00,LONG,99296.17,99346.39,0.5,0.0193
2025-01-16 17:00:00+00:00,2025-01-16 18:00:00+00:00,LONG,99471.0,99996.96,0.5,0.1844
2025-01-16 18:05:00+00:00,2025-01-16 19:05:00+00:00,LONG,99884.65,99645.27,0.5,-0.1553
2025-01-16 19:10:00+00:00,2025-01-16 20:10:00+00:00,LONG,99738.52,100413.92,0.5,0.3305
2025-01-16 21:25:00+00:00,2025-01-16 22:25:00+00:00,LONG,99880.09,99596.8,0.5,-0.1177
2025-01-16 22:30:00+00:00,2025-01-16 23:30:00+00:00,LONG,99392.0,99895.99,0.5,0.2505
2025-01-17 00:25:00+00:00,2025-01-17 01:25:00+00:00,LONG,100156.0,100215.07,0.5,-0.0509
2025-01-17 01:30:00+00:00,2025-01-17 02:30:00+00:00,LONG,100539.27,101821.19,0.5,0.6516
2025-01-17 02:55:00+00:00,2025-01-17 03:55:00+00:00,LONG,101100.0,101051.73,0.5,-0.0109
2025-01-17 04:10:00+00:00,2025-01-17 05:10:00+00:00,LONG,101000.81,101668.51,0.5,0.281
2025-01-17 07:55:00+00:00,2025-01-17 08:55:00+00:00,LONG,101440.5,102136.01,0.5,0.2985
2025-01-17 09:00:00+00:00,2025-01-17 10:00:00+00:00,LONG,102202.58,101886.92,0.5,-0.1673
2025-01-17 10:05:00+00:00,2025-01-17 11:05:00+00:00,LONG,101978.27,102197.01,0.5,0.0936
2025-01-17 11:50:00+00:00,2025-01-17 12:50:00+00:00,LONG,102250.9,102804.99,0.5,0.3164
2025-01-17 12:55:00+00:00,2025-01-17 13:55:00+00:00,LONG,102745.69,102474.14,0.5,-0.1259
2025-01-17 14:00:00+00:00,2025-01-17 15:00:00+00:00,LONG,102640.68,103600.0,0.5,0.3584
2025-01-17 15:05:00+00:00,2025-01-17 16:05:00+00:00,LONG,104152.46,103910.15,0.5,-0.0645
2025-01-17 16:10:00+00:00,2025-01-17 17:10:00+00:00,LONG,104450.63,104753.34,0.5,0.1925
2025-01-17 17:40:00+00:00,2025-01-17 18:40:00+00:00,LONG,104257.52,104723.21,0.5,0.2359
2025-01-17 18:45:00+00:00,2025-01-17 19:45:00+00:00,LONG,104892.03,105699.99,0.5,0.3526
2025-01-17 19:50:00+00:00,2025-01-17 20:50:00+00:00,LONG,105752.0,104955.94,0.5,-0.3976
2025-01-18 00:10:00+00:00,2025-01-18 01:10:00+00:00,LONG,104359.99,104438.6,0.5,0.0376
2025-01-18 03:40:00+00:00,2025-01-18 04:40:00+00:00,LONG,103290.8,103460.81,0.5,0.0782
2025-01-18 06:00:00+00:00,2025-01-18 07:00:00+00:00,LONG,103089.78,103400.01,0.5,0.1698
2025-01-18 08:05:00+00:00,2025-01-18 09:05:00+00:00,LONG,102361.06,103199.99,0.5,0.4529
2025-01-18 09:40:00+00:00,2025-01-18 10:40:00+00:00,LONG,103121.23,102979.58,0.5,-0.0803
2025-01-18 10:45:00+00:00,2025-01-18 11:45:00+00:00,LONG,103069.67,103717.55,0.5,0.3007
2025-01-18 12:00:00+00:00,2025-01-18 13:00:00+00:00,LONG,103557.6,103436.13,0.5,-0.0484
2025-01-18 13:05:00+00:00,2025-01-18 14:05:00+00:00,LONG,103126.0,104177.07,0.5,0.5705
2025-01-18 14:40:00+00:00,2025-01-18 15:40:00+00:00,LONG,103885.13,104668.54,0.5,0.3811
2025-01-18 16:45:00+00:00,2025-01-18 17:45:00+00:00,LONG,103329.88,104089.45,0.5,0.3681
2025-01-18 17:55:00+00:00,2025-01-18 18:55:00+00:00,LONG,103826.16,104084.74,0.5,0.1339
2025-01-18 19:00:00+00:00,2025-01-18 20:00:00+00:00,LONG,104151.32,104415.5,0.5,0.1106
2025-01-18 20:50:00+00:00,2025-01-18 21:50:00+00:00,LONG,103869.09,103998.0,0.5,0.0795
2025-01-18 22:10:00+00:00,2025-01-18 23:10:00+00:00,LONG,104072.18,104585.57,0.5,0.2224
2025-01-19 01:00:00+00:00,2025-01-19 02:00:00+00:00,LONG,104264.72,104663.14,0.5,0.1064
2025-01-19 03:10:00+00:00,2025-01-19 04:10:00+00:00,LONG,104665.94,105170.06,0.5,0.1593
2025-01-19 04:20:00+00:00,2025-01-19 05:20:00+00:00,LONG,105095.98,104669.22,0.5,-0.3398
2025-01-19 05:25:00+00:00,2025-01-19 06:25:00+00:00,LONG,104739.13,105308.37,0.5,0.1854
2025-01-19 09:10:00+00:00,2025-01-19 10:10:00+00:00,LONG,104121.85,104863.21,0.5,0.2938
2025-01-19 12:10:00+00:00,2025-01-19 13:10:00+00:00,LONG,104781.71,105202.43,0.5,0.2188
2025-01-19 13:35:00+00:00,2025-01-19 14:35:00+00:00,LONG,104992.92,105224.01,0.5,0.1771
2025-01-19 14:45:00+00:00,2025-01-19 15:45:00+00:00,LONG,105168.18,104960.0,0.5,-0.0264
2025-01-19 15:50:00+00:00,2025-01-19 16:50:00+00:00,LONG,104695.66,104916.45,0.5,0.1332
2025-01-19 16:55:00+00:00,2025-01-19 17:55:00+00:00,LONG,104963.11,105115.8,0.5,0.0448
2025-01-19 18:00:00+00:00,2025-01-19 19:00:00+00:00,LONG,105115.59,105071.98,0.5,-0.0346
2025-01-19 19:05:00+00:00,2025-01-19 20:05:00+00:00,LONG,105128.85,106146.01,0.5,0.581
2025-01-19 22:50:00+00:00,2025-01-19 23:50:00+00:00,LONG,102983.98,101414.41,0.5,-0.5882
2025-01-20 00:45:00+00:00,2025-01-20 01:45:00+00:00,LONG,99721.95,100373.09,0.5,0.1803
2025-01-20 01:50:00+00:00,2025-01-20 02:50:00+00:00,LONG,100177.08,101793.79,0.5,0.7971
2025-01-20 03:15:00+00:00,2025-01-20 04:15:00+00:00,LONG,101990.79,101707.33,0.5,-0.0989
2025-01-20 04:20:00+00:00,2025-01-20 05:20:00+00:00,LONG,101796.84,102723.59,0.5,0.393
2025-01-20 05:30:00+00:00,2025-01-20 06:30:00+00:00,LONG,102372.01,102700.35,0.5,0.1307
2025-01-20 06:35:00+00:00,2025-01-20 07:35:00+00:00,LONG,103476.53,108373.01,0.5,2.278
2025-01-20 08:00:00+00:00,2025-01-20 09:00:00+00:00,LONG,107473.49,108461.53,0.5,0.3923
2025-01-20 09:05:00+00:00,2025-01-20 10:05:00+00:00,LONG,108984.96,107986.63,0.5,-0.4295
2025-01-20 10:10:00+00:00,2025-01-20 11:10:00+00:00,LONG,108078.72,108095.79,0.5,-0.0471
2025-01-20 11:15:00+00:00,2025-01-20 12:15:00+00:00,LONG,108268.72,106060.2,0.5,-0.4153
2025-01-20 16:10:00+00:00,2025-01-20 17:10:00+00:00,LONG,104513.09,104231.73,0.5,0.3227
2025-01-20 17:40:00+00:00,2025-01-20 18:40:00+00:00,LONG,100786.25,103972.33,0.5,1.5139
2025-01-20 18:45:00+00:00,2025-01-20 19:45:00+00:00,LONG,104132.69,103518.81,0.5,-0.416
2025-01-20 21:55:00+00:00,2025-01-20 22:55:00+00:00,LONG,102596.0,103608.0,0.5,0.5058
2025-01-20 23:55:00+00:00,2025-01-21 00:55:00+00:00,LONG,102260.01,101187.75,0.5,-0.4409
2025-01-21 01:00:00+00:00,2025-01-21 02:00:00+00:00,LONG,101926.0,101360.44,0.5,-0.2103
2025-01-21 02:05:00+00:00,2025-01-21 03:05:00+00:00,LONG,101762.31,102666.31,0.5,0.3855
2025-01-21 03:10:00+00:00,2025-01-21 04:10:00+00:00,LONG,102699.27,102676.2,0.5,-0.0963
2025-01-21 05:35:00+00:00,2025-01-21 06:35:00+00:00,LONG,101563.95,101587.79,0.5,0.1723
2025-01-21 06:40:00+00:00,2025-01-21 07:40:00+00:00,LONG,101504.0,102161.24,0.5,0.3612
2025-01-21 08:10:00+00:00,2025-01-21 09:10:00+00:00,LONG,102380.67,102543.37,0.5,0.2267
2025-01-21 09:15:00+00:00,2025-01-21 10:15:00+00:00,LONG,102380.2,102808.8,0.5,0.155
2025-01-21 10:20:00+00:00,2025-01-21 11:20:00+00:00,LONG,102853.02,103625.07,0.5,0.347
2025-01-21 11:30:00+00:00,2025-01-21 12:30:00+00:00,LONG,103512.63,104459.66,0.5,0.453
2025-01-21 13:10:00+00:00,2025-01-21 14:10:00+00:00,LONG,104628.01,104524.61,0.5,-0.0889
2025-01-21 14:40:00+00:00,2025-01-21 15:40:00+00:00,LONG,103758.61,103814.25,0.5,-0.0275
2025-01-21 15:45:00+00:00,2025-01-21 16:45:00+00:00,LONG,103585.63,105621.79,0.5,0.7278
2025-01-21 16:50:00+00:00,2025-01-21 17:50:00+00:00,LONG,105289.4,105972.13,0.5,0.4692
2025-01-21 17:55:00+00:00,2025-01-21 18:55:00+00:00,LONG,106173.26,106861.18,0.5,0.3575
2025-01-21 19:00:00+00:00,2025-01-21 20:00:00+00:00,LONG,106795.71,106863.04,0.5,0.1102
2025-01-21 20:05:00+00:00,2025-01-21 21:05:00+00:00,LONG,106952.61,106141.58,0.5,-0.3369
2025-01-21 21:10:00+00:00,2025-01-21 22:10:00+00:00,LONG,106018.4,106463.73,0.5,0.2625
2025-01-21 23:05:00+00:00,2025-01-22 00:05:00+00:00,LONG,105935.31,106020.0,0.5,0.0336
2025-01-22 01:45:00+00:00,2025-01-22 02:45:00+00:00,LONG,105791.72,105816.0,0.5,0.0375
2025-01-22 08:10:00+00:00,2025-01-22 09:10:00+00:00,LONG,105019.99,105000.42,0.5,-0.0119
2025-01-22 10:05:00+00:00,2025-01-22 11:05:00+00:00,LONG,104784.26,105123.37,0.5,0.1412
2025-01-22 11:25:00+00:00,2025-01-22 12:25:00+00:00,LONG,104795.34,105365.55,0.5,0.3045
2025-01-22 13:55:00+00:00,2025-01-22 14:55:00+00:00,LONG,104073.94,104393.66,0.5,0.0641
2025-01-22 16:05:00+00:00,2025-01-22 17:05:00+00:00,LONG,103885.46,104150.21,0.5,0.0924
2025-01-22 17:10:00+00:00,2025-01-22 18:10:00+00:00,LONG,104124.0,104516.0,0.5,0.192
2025-01-22 18:25:00+00:00,2025-01-22 19:25:00+00:00,LONG,104310.0,104490.0,0.5,0.1059
2025-01-22 19:30:00+00:00,2025-01-22 20:30:00+00:00,LONG,104713.05,104496.63,0.5,-0.1226
2025-01-23 01:55:00+00:00,2025-01-23 02:55:00+00:00,LONG,102931.94,102655.34,0.5,-0.1565
2025-01-23 04:10:00+00:00,2025-01-23 05:10:00+00:00,LONG,102256.35,102212.0,0.5,-0.0296
2025-01-23 05:15:00+00:00,2025-01-23 06:15:00+00:00,LONG,102133.91,102723.62,0.5,0.3688
2025-01-23 06:50:00+00:00,2025-01-23 07:50:00+00:00,LONG,102281.0,102648.48,0.5,0.1774
2025-01-23 09:55:00+00:00,2025-01-23 10:55:00+00:00,LONG,101672.01,101683.61,0.5,-0.032
2025-01-23 11:00:00+00:00,2025-01-23 12:00:00+00:00,LONG,101956.02,101908.01,0.5,-0.0057
2025-01-23 12:15:00+00:00,2025-01-23 13:15:00+00:00,LONG,101561.62,101457.29,0.5,0.0781
2025-01-23 13:20:00+00:00,2025-01-23 14:20:00+00:00,LONG,101474.14,102356.05,0.5,0.2956
2025-01-23 14:25:00+00:00,2025-01-23 15:25:00+00:00,LONG,102442.48,104214.49,0.5,0.8244
2025-01-23 15:30:00+00:00,2025-01-23 16:30:00+00:00,LONG,104723.99,105980.0,0.5,0.5892
2025-01-23 17:10:00+00:00,2025-01-23 18:10:00+00:00,LONG,104741.33,105217.31,0.5,0.4038
2025-01-23 19:55:00+00:00,2025-01-23 20:55:00+00:00,LONG,103770.04,103284.48,0.5,-0.2977
2025-01-23 21:00:00+00:00,2025-01-23 22:00:00+00:00,LONG,103102.85,103270.18,0.5,-0.0115
2025-01-23 22:10:00+00:00,2025-01-23 23:10:00+00:00,LONG,103658.15,104142.76,0.5,0.2835
2025-01-24 01:45:00+00:00,2025-01-24 02:45:00+00:00,LONG,103222.44,103047.39,0.5,0.0301
2025-01-24 02:50:00+00:00,2025-01-24 03:50:00+00:00,LONG,103057.32,104000.95,0.5,0.4386
2025-01-24 04:10:00+00:00,2025-01-24 05:10:00+00:00,LONG,104002.29,104861.72,0.5,0.382
2025-01-24 06:40:00+00:00,2025-01-24 07:40:00+00:00,LONG,104860.22,104818.19,0.5,-0.0429
2025-01-24 07:45:00+00:00,2025-01-24 08:45:00+00:00,LONG,104965.78,105351.96,0.5,0.1794
2025-01-24 09:55:00+00:00,2025-01-24 10:55:00+00:00,LONG,105146.67,105416.75,0.5,0.0454
2025-01-24 11:35:00+00:00,2025-01-24 12:35:00+00:00,LONG,105223.98,105311.44,0.5,0.0855
2025-01-24 12:40:00+00:00,2025-01-24 13:40:00+00:00,LONG,105384.79,105064.81,0.5,-0.1104
2025-01-24 13:45:00+00:00,2025-01-24 14:45:00+00:00,LONG,105111.53,105797.85,0.5,0.5255
2025-01-24 14:55:00+00:00,2025-01-24 15:55:00+00:00,LONG,105758.0,105859.98,0.5,0.0728
2025-01-24 16:05:00+00:00,2025-01-24 17:05:00+00:00,LONG,105984.62,105842.06,0.5,-0.1303
2025-01-24 17:10:00+00:00,2025-01-24 18:10:00+00:00,LONG,105963.97,106644.0,0.5,0.4169
2025-01-24 19:45:00+00:00,2025-01-24 20:45:00+00:00,LONG,105816.32,104869.87,0.5,-0.3711
2025-01-24 20:50:00+00:00,2025-01-24 21:50:00+00:00,LONG,105214.02,105155.0,0.5,0.0084
2025-01-24 23:00:00+00:00,2025-01-25 00:00:00+00:00,LONG,104523.44,104746.57,0.5,0.1657
2025-01-25 00:10:00+00:00,2025-01-25 01:10:00+00:00,LONG,104527.83,104549.07,0.5,0.0412
2025-01-25 01:15:00+00:00,2025-01-25 02:15:00+00:00,LONG,104658.28,104707.24,0.5,0.0197
2025-01-25 02:45:00+00:00,2025-01-25 03:45:00+00:00,LONG,104558.38,104982.95,0.5,0.1474
2025-01-25 03:50:00+00:00,2025-01-25 04:50:00+00:00,LONG,105016.03,104735.8,0.5,-0.0712
2025-01-25 08:25:00+00:00,2025-01-25 09:25:00+00:00,LONG,104340.04,104300.0,0.5,0.0153
2025-01-25 09:30:00+00:00,2025-01-25 10:30:00+00:00,LONG,104439.39,104387.99,0.5,-0.0799
2025-01-25 10:35:00+00:00,2025-01-25 11:35:00+00:00,LONG,104411.52,104505.1,0.5,0.0471
2025-01-25 12:10:00+00:00,2025-01-25 13:10:00+00:00,LONG,104574.18,104819.99,0.5,0.125
2025-01-25 14:15:00+00:00,2025-01-25 15:15:00+00:00,LONG,104607.98,104921.11,0.5,0.1504
2025-01-25 17:10:00+00:00,2025-01-25 18:10:00+00:00,LONG,104610.53,104871.99,0.5,0.2067
2025-01-26 00:10:00+00:00,2025-01-26 01:10:00+00:00,LONG,104741.62,104602.75,0.5,-0.0821
2025-01-26 02:10:00+00:00,2025-01-26 03:10:00+00:00,LONG,104599.06,104781.11,0.5,0.0714
2025-01-26 03:25:00+00:00,2025-01-26 04:25:00+00:00,LONG,104786.64,105380.0,0.5,0.2069
2025-01-26 10:20:00+00:00,2025-01-26 11:20:00+00:00,LONG,104574.0,104728.39,0.5,0.1256
2025-01-26 23:55:00+00:00,2025-01-27 00:55:00+00:00,LONG,102620.0,101728.0,0.5,-0.3324
2025-01-27 01:00:00+00:00,2025-01-27 02:00:00+00:00,LONG,101972.1,101356.02,0.5,-0.3266
2025-01-27 03:55:00+00:00,2025-01-27 04:55:00+00:00,LONG,101395.64,100410.04,0.5,-0.5059
2025-01-30 00:10:00+00:00,2025-01-30 01:10:00+00:00,LONG,103576.45,104162.15,0.5,0.2496
2025-01-30 01:15:00+00:00,2025-01-30 02:15:00+00:00,LONG,104311.5,104063.15,0.5,-0.0909
2025-01-30 02:20:00+00:00,2025-01-30 03:20:00+00:00,LONG,104180.0,104550.39,0.5,0.2331
2025-01-30 03:25:00+00:00,2025-01-30 04:25:00+00:00,LONG,104683.55,105069.61,0.5,0.2199
2025-01-30 07:15:00+00:00,2025-01-30 08:15:00+00:00,LONG,105000.0,105024.64,0.5,0.0053
2025-01-30 09:10:00+00:00,2025-01-30 10:10:00+00:00,LONG,105187.55,105213.94,0.5,0.0074
2025-01-30 12:30:00+00:00,2025-01-30 13:30:00+00:00,LONG,105025.41,105065.0,0.5,0.1112
2025-01-30 13:50:00+00:00,2025-01-30 14:50:00+00:00,LONG,104977.4,106034.83,0.5,0.3811
2025-01-30 16:50:00+00:00,2025-01-30 17:50:00+00:00,LONG,105695.12,105130.85,0.5,-0.2653
2025-01-30 17:55:00+00:00,2025-01-30 18:55:00+00:00,LONG,105300.01,105578.95,0.5,0.0512
2025-01-30 19:15:00+00:00,2025-01-30 20:15:00+00:00,LONG,105362.79,105791.21,0.5,0.194
2025-01-31 00:10:00+00:00,2025-01-31 01:10:00+00:00,LONG,104564.92,104759.6,0.5,0.102
2025-01-31 01:25:00+00:00,2025-01-31 02:25:00+00:00,LONG,104499.17,104368.72,0.5,-0.0324
2025-01-31 03:05:00+00:00,2025-01-31 04:05:00+00:00,LONG,104111.12,104336.71,0.5,0.0825
2025-01-31 08:10:00+00:00,2025-01-31 09:10:00+00:00,LONG,104116.04,103950.23,0.5,-0.0157
2025-01-31 09:15:00+00:00,2025-01-31 10:15:00+00:00,LONG,103994.35,104171.5,0.5,0.1228
2025-01-31 10:20:00+00:00,2025-01-31 11:20:00+00:00,LONG,104105.23,104748.76,0.5,0.267
2025-01-31 11:55:00+00:00,2025-01-31 12:55:00+00:00,LONG,104736.0,104704.68,0.5,-0.0341
2025-01-31 13:00:00+00:00,2025-01-31 14:00:00+00:00,LONG,104833.11,104651.78,0.5,-0.0807
2025-01-31 14:05:00+00:00,2025-01-31 15:05:00+00:00,LONG,104588.0,104695.94,0.5,0.0459
2025-01-31 15:10:00+00:00,2025-01-31 16:10:00+00:00,LONG,104869.49,105240.0,0.5,0.2328
2025-01-31 19:10:00+00:00,2025-01-31 20:10:00+00:00,LONG,102670.0,102118.09,0.5,-0.24
2025-01-31 20:15:00+00:00,2025-01-31 21:15:00+00:00,LONG,102070.91,101720.48,0.5,-0.2042
2025-01-31 21:20:00+00:00,2025-01-31 22:20:00+00:00,LONG,101733.27,102186.88,0.5,0.1558
2025-01-31 22:55:00+00:00,2025-01-31 23:55:00+00:00,LONG,102261.3,102429.56,0.5,0.0678
2025-02-16 14:20:00+00:00,2025-02-16 15:20:00+00:00,LONG,96812.78,97051.99,0.5,0.0811
2025-02-20 16:10:00+00:00,2025-02-20 17:10:00+00:00,LONG,97413.51,97757.9,0.5,0.0981
2025-02-20 17:15:00+00:00,2025-02-20 18:15:00+00:00,LONG,97934.35,98244.57,0.5,0.1411
2025-02-20 18:20:00+00:00,2025-02-20 19:20:00+00:00,LONG,98423.28,98479.6,0.5,0.0035
2025-02-20 19:25:00+00:00,2025-02-20 20:25:00+00:00,LONG,98466.79,98585.7,0.5,0.1142
2025-02-20 21:55:00+00:00,2025-02-20 22:55:00+00:00,LONG,98089.46,98134.95,0.5,0.0133
2025-02-21 05:10:00+00:00,2025-02-21 06:10:00+00:00,LONG,98260.69,98365.63,0.5,0.0441
2025-02-21 08:10:00+00:00,2025-02-21 09:10:00+00:00,LONG,98248.71,98352.01,0.5,0.0039
2025-02-21 09:30:00+00:00,2025-02-21 10:30:00+00:00,LONG,98286.08,98480.8,0.5,0.0701
2025-02-21 10:35:00+00:00,2025-02-21 11:35:00+00:00,LONG,98520.66,98707.99,0.5,0.1103
2025-02-21 12:10:00+00:00,2025-02-21 13:10:00+00:00,LONG,98628.68,99316.83,0.5,0.3602
2025-02-21 14:05:00+00:00,2025-02-21 15:05:00+00:00,LONG,99153.0,99056.61,0.5,-0.0054
2025-02-21 15:25:00+00:00,2025-02-21 16:25:00+00:00,LONG,98216.01,98301.89,0.5,0.1586
2025-02-21 20:10:00+00:00,2025-02-21 21:10:00+00:00,LONG,95287.99,95377.68,0.5,-0.0804
2025-02-21 21:15:00+00:00,2025-02-21 22:15:00+00:00,LONG,95160.75,95531.49,0.5,0.2056
2025-02-21 22:20:00+00:00,2025-02-21 23:20:00+00:00,LONG,95619.74,95944.94,0.5,0.1168
2025-02-22 00:05:00+00:00,2025-02-22 01:05:00+00:00,LONG,96007.41,96204.8,0.5,0.069
2025-02-22 08:10:00+00:00,2025-02-22 09:10:00+00:00,LONG,96163.46,96369.68,0.5,0.094
2025-02-22 09:15:00+00:00,2025-02-22 10:15:00+00:00,LONG,96391.46,96511.28,0.5,0.0563
2025-02-22 12:25:00+00:00,2025-02-22 13:25:00+00:00,LONG,96608.67,96768.45,0.5,0.1113
2025-03-03 01:00:00+00:00,2025-03-03 02:00:00+00:00,LONG,93212.26,92928.0,0.5,-0.0685
2025-03-03 02:10:00+00:00,2025-03-03 03:10:00+00:00,LONG,92944.53,92883.99,0.5,0.0911
2025-03-03 03:25:00+00:00,2025-03-03 04:25:00+00:00,LONG,92718.0,92700.0,0.5,0.0754
2025-03-03 04:30:00+00:00,2025-03-03 05:30:00+00:00,LONG,92707.0,93052.56,0.5,0.1481
2025-03-03 06:40:00+00:00,2025-03-03 07:40:00+00:00,LONG,91993.99,92148.01,0.5,0.1227
2025-03-03 07:45:00+00:00,2025-03-03 08:45:00+00:00,LONG,92281.99,91593.99,0.5,-0.156
2025-03-03 08:50:00+00:00,2025-03-03 09:50:00+00:00,LONG,91271.77,91971.84,0.5,0.2831
2025-03-03 09:55:00+00:00,2025-03-03 10:55:00+00:00,LONG,91847.76,92546.77,0.5,0.2946
2025-03-03 11:05:00+00:00,2025-03-03 12:05:00+00:00,LONG,92849.04,93138.18,0.5,0.1886
2025-03-03 15:10:00+00:00,2025-03-03 16:10:00+00:00,LONG,90436.46,90015.43,0.5,-0.2508
2025-03-05 20:15:00+00:00,2025-03-05 21:15:00+00:00,LONG,89834.28,90213.26,0.5,0.2642
2025-03-05 21:25:00+00:00,2025-03-05 22:25:00+00:00,LONG,90279.61,90041.06,0.5,-0.0892
2025-03-05 22:30:00+00:00,2025-03-05 23:30:00+00:00,LONG,90177.72,90672.89,0.5,0.2022
2025-03-06 00:00:00+00:00,2025-03-06 01:00:00+00:00,LONG,90693.17,90144.57,0.5,-0.3579
2025-03-06 01:05:00+00:00,2025-03-06 02:05:00+00:00,LONG,90248.01,91457.78,0.5,0.6945
2025-03-06 02:20:00+00:00,2025-03-06 03:20:00+00:00,LONG,91160.01,91619.6,0.5,0.3226
2025-03-06 03:50:00+00:00,2025-03-06 04:50:00+00:00,LONG,91436.88,92420.37,0.5,0.4129
2025-03-06 06:05:00+00:00,2025-03-06 07:05:00+00:00,LONG,92393.35,91638.13,0.5,-0.2775
2025-03-06 07:40:00+00:00,2025-03-06 08:40:00+00:00,LONG,91547.88,91406.01,0.5,-0.063
2025-03-06 08:50:00+00:00,2025-03-06 09:50:00+00:00,LONG,91336.18,90744.39,0.5,-0.3107
2025-03-06 09:55:00+00:00,2025-03-06 10:55:00+00:00,LONG,90752.14,91290.88,0.5,0.2812
2025-03-06 11:05:00+00:00,2025-03-06 12:05:00+00:00,LONG,91083.03,91066.95,0.5,0.039
2025-03-06 12:40:00+00:00,2025-03-06 13:40:00+00:00,LONG,90394.77,90062.88,0.5,-0.1141
2025-03-06 13:55:00+00:00,2025-03-06 14:55:00+00:00,LONG,89569.13,89803.99,0.5,0.2075
2025-03-06 15:00:00+00:00,2025-03-06 16:00:00+00:00,LONG,90289.08,90903.86,0.5,0.2935
2025-03-06 17:15:00+00:00,2025-03-06 18:15:00+00:00,LONG,88644.51,88845.9,0.5,0.0025
2025-03-06 18:40:00+00:00,2025-03-06 19:40:00+00:00,LONG,88326.01,88494.98,0.5,-0.0481
2025-03-06 20:10:00+00:00,2025-03-06 21:10:00+00:00,LONG,89216.53,89688.77,0.5,0.0345
2025-03-06 21:15:00+00:00,2025-03-06 22:15:00+00:00,LONG,89556.08,90067.99,0.5,0.4896
2025-03-06 22:25:00+00:00,2025-03-06 23:25:00+00:00,LONG,89824.51,90356.29,0.5,0.3852
2025-03-06 23:50:00+00:00,2025-03-07 00:50:00+00:00,LONG,90050.34,85117.36,0.5,-2.5784
2025-03-07 01:10:00+00:00,2025-03-07 02:10:00+00:00,LONG,86505.07,88019.51,0.5,0.9089
2025-03-07 04:10:00+00:00,2025-03-07 05:10:00+00:00,LONG,87213.23,87856.18,0.5,0.4559
2025-03-07 05:15:00+00:00,2025-03-07 06:15:00+00:00,LONG,88035.27,88180.88,0.5,0.0324
2025-03-07 06:20:00+00:00,2025-03-07 07:20:00+00:00,LONG,88023.9,88435.91,0.5,0.255
2025-03-07 07:25:00+00:00,2025-03-07 08:25:00+00:00,LONG,88453.39,88139.78,0.5,-0.2065
2025-03-07 08:30:00+00:00,2025-03-07 09:30:00+00:00,LONG,88056.13,89450.7,0.5,0.6866
2025-03-07 10:10:00+00:00,2025-03-07 11:10:00+00:00,LONG,88943.74,89150.93,0.5,0.1438
2025-03-07 12:40:00+00:00,2025-03-07 13:40:00+00:00,LONG,88455.99,90103.76,0.5,0.9574
2025-03-07 14:10:00+00:00,2025-03-07 15:10:00+00:00,LONG,89404.17,90022.06,0.5,0.6573
2025-03-07 15:55:00+00:00,2025-03-07 16:55:00+00:00,LONG,88457.99,87237.37,0.5,-0.8783
2025-03-07 17:00:00+00:00,2025-03-07 18:00:00+00:00,LONG,87264.0,88177.74,0.5,0.2412
2025-03-07 18:10:00+00:00,2025-03-07 19:10:00+00:00,LONG,88251.08,88433.19,0.5,-0.0391
2025-03-07 19:50:00+00:00,2025-03-07 20:50:00+00:00,LONG,87603.41,88107.54,0.5,-0.0314
2025-03-16 02:10:00+00:00,2025-03-16 03:10:00+00:00,LONG,83808.85,84019.99,0.5,0.1292
2025-03-16 03:15:00+00:00,2025-03-16 04:15:00+00:00,LONG,84092.51,84376.72,0.5,0.1548
2025-03-16 07:10:00+00:00,2025-03-16 08:10:00+00:00,LONG,84045.51,84275.31,0.5,0.1183
2025-03-19 16:15:00+00:00,2025-03-19 17:15:00+00:00,LONG,84612.95,84611.32,0.5,-0.0473
2025-03-19 17:20:00+00:00,2025-03-19 18:20:00+00:00,LONG,84600.86,84390.84,0.5,-0.0592
2025-03-19 18:25:00+00:00,2025-03-19 19:25:00+00:00,LONG,84267.98,85007.04,0.5,0.5615
2025-03-19 19:30:00+00:00,2025-03-19 20:30:00+00:00,LONG,85192.47,85580.22,0.5,0.2893
2025-03-19 20:35:00+00:00,2025-03-19 21:35:00+00:00,LONG,85417.13,85728.26,0.5,0.2226
2025-03-19 21:40:00+00:00,2025-03-19 22:40:00+00:00,LONG,85584.91,86351.91,0.5,0.2227
2025-03-19 23:15:00+00:00,2025-03-20 00:15:00+00:00,LONG,86269.18,87127.81,0.5,0.5773
2025-03-20 02:10:00+00:00,2025-03-20 03:10:00+00:00,LONG,85741.16,85978.27,0.5,0.2188
2025-03-20 04:35:00+00:00,2025-03-20 05:35:00+00:00,LONG,85599.09,85599.99,0.5,-0.029
2025-03-20 05:40:00+00:00,2025-03-20 06:40:00+00:00,LONG,85609.89,85717.37,0.5,0.0742
2025-03-20 08:10:00+00:00,2025-03-20 09:10:00+00:00,LONG,85764.26,86145.69,0.5,0.2421
2025-03-20 10:20:00+00:00,2025-03-20 11:20:00+00:00,LONG,85277.25,85236.36,0.5,0.026
2025-03-20 11:25:00+00:00,2025-03-20 12:25:00+00:00,LONG,85303.04,85371.82,0.5,0.1158
2025-03-20 13:10:00+00:00,2025-03-20 14:10:00+00:00,LONG,85308.6,86000.0,0.5,0.4407
2025-03-20 16:00:00+00:00,2025-03-20 17:00:00+00:00,LONG,84788.32,84053.13,0.5,-0.585
2025-03-20 17:25:00+00:00,2025-03-20 18:25:00+00:00,LONG,83805.07,83978.26,0.5,0.214
2025-03-20 18:30:00+00:00,2025-03-20 19:30:00+00:00,LONG,84037.37,84179.05,0.5,0.0099
2025-03-20 22:30:00+00:00,2025-03-20 23:30:00+00:00,LONG,84080.7,84101.35,0.5,-0.0227
2025-03-20 23:35:00+00:00,2025-03-21 00:35:00+00:00,LONG,84190.0,84450.01,0.5,0.1219
2025-03-21 01:20:00+00:00,2025-03-21 02:20:00+00:00,LONG,84434.76,84547.56,0.5,0.0827
2025-03-21 07:40:00+00:00,2025-03-21 08:40:00+00:00,LONG,83794.17,83867.22,0.5,0.0607
2025-03-21 08:45:00+00:00,2025-03-21 09:45:00+00:00,LONG,83847.83,84173.45,0.5,0.2198
2025-03-21 10:25:00+00:00,2025-03-21 11:25:00+00:00,LONG,84040.1,83961.01,0.5,-0.0169
2025-03-21 13:00:00+00:00,2025-03-21 14:00:00+00:00,LONG,83519.87,83867.3,0.5,0.2483
2025-03-21 14:10:00+00:00,2025-03-21 15:10:00+00:00,LONG,83762.42,83820.62,0.5,0.1675
2025-03-21 16:10:00+00:00,2025-03-21 17:10:00+00:00,LONG,83815.1,83899.23,0.5,0.0774
2025-03-21 17:15:00+00:00,2025-03-21 18:15:00+00:00,LONG,83867.55,84035.01,0.5,0.0479
2025-03-21 19:05:00+00:00,2025-03-21 20:05:00+00:00,LONG,83986.9,83839.63,0.5,-0.0376
2025-03-21 20:10:00+00:00,2025-03-21 21:10:00+00:00,LONG,83906.93,84341.53,0.5,0.2048
2025-03-22 00:15:00+00:00,2025-03-22 01:15:00+00:00,LONG,84158.78,84245.22,0.5,0.0857
2025-03-23 02:10:00+00:00,2025-03-23 03:10:00+00:00,LONG,84022.62,84171.8,0.5,0.0716
2025-03-23 08:55:00+00:00,2025-03-23 09:55:00+00:00,LONG,84347.12,84325.66,0.5,-0.0019
2025-03-23 10:10:00+00:00,2025-03-23 11:10:00+00:00,LONG,84314.36,84695.64,0.5,0.263
2025-03-23 12:20:00+00:00,2025-03-23 13:20:00+00:00,LONG,84638.1,84940.22,0.5,0.1184
2025-03-23 13:40:00+00:00,2025-03-23 14:40:00+00:00,LONG,84862.89,84988.01,0.5,0.1094
2025-03-23 15:10:00+00:00,2025-03-23 16:10:00+00:00,LONG,85041.87,85307.52,0.5,0.0657
2025-03-23 18:25:00+00:00,2025-03-23 19:25:00+00:00,LONG,84800.01,84984.61,0.5,0.1152
2025-03-23 20:55:00+00:00,2025-03-23 21:55:00+00:00,LONG,85102.62,85179.99,0.5,0.0247
2025-03-23 22:00:00+00:00,2025-03-23 23:00:00+00:00,LONG,85241.13,85484.58,0.5,0.0704
2025-03-23 23:05:00+00:00,2025-03-24 00:05:00+00:00,LONG,85475.66,85879.8,0.5,0.2893
2025-03-24 01:00:00+00:00,2025-03-24 02:00:00+00:00,LONG,85800.01,85662.79,0.5,-0.1383
2025-03-24 02:05:00+00:00,2025-03-24 03:05:00+00:00,LONG,85693.47,86099.99,0.5,0.1902
2025-03-24 03:10:00+00:00,2025-03-24 04:10:00+00:00,LONG,86213.87,86718.5,0.5,0.2451
2025-03-24 04:30:00+00:00,2025-03-24 05:30:00+00:00,LONG,86748.01,86836.42,0.5,0.0683
2025-03-24 06:25:00+00:00,2025-03-24 07:25:00+00:00,LONG,87020.48,86921.7,0.5,-0.0405
2025-03-24 07:40:00+00:00,2025-03-24 08:40:00+00:00,LONG,86808.62,87351.94,0.5,0.3321
2025-03-24 08:45:00+00:00,2025-03-24 09:45:00+00:00,LONG,87498.99,87206.31,0.5,-0.1376
2025-03-24 09:50:00+00:00,2025-03-24 10:50:00+00:00,LONG,87189.99,87837.56,0.5,0.2945
2025-03-24 11:05:00+00:00,2025-03-24 12:05:00+00:00,LONG,87685.72,87575.83,0.5,-0.1202
2025-03-24 12:10:00+00:00,2025-03-24 13:10:00+00:00,LONG,87635.38,87198.58,0.5,-0.2328
2025-03-24 13:15:00+00:00,2025-03-24 14:15:00+00:00,LONG,87218.87,88613.23,0.5,0.6468
2025-03-24 14:35:00+00:00,2025-03-24 15:35:00+00:00,LONG,88104.43,88046.25,0.5,-0.0707
2025-03-24 15:40:00+00:00,2025-03-24 16:40:00+00:00,LONG,88119.95,88004.7,0.5,-0.0071
2025-03-24 16:55:00+00:00,2025-03-24 17:55:00+00:00,LONG,88057.54,88461.88,0.5,0.191
2025-03-24 18:10:00+00:00,2025-03-24 19:10:00+00:00,LONG,88434.44,88482.9,0.5,-0.0447
2025-03-24 19:40:00+00:00,2025-03-24 20:40:00+00:00,LONG,88024.52,87923.92,0.5,0.0401
2025-03-24 23:10:00+00:00,2025-03-25 00:10:00+00:00,LONG,87292.03,87336.96,0.5,0.0543
2025-03-25 04:10:00+00:00,2025-03-25 05:10:00+00:00,LONG,86617.31,86418.51,0.5,-0.0817
2025-03-25 05:15:00+00:00,2025-03-25 06:15:00+00:00,LONG,86503.15,86719.99,0.5,0.1552
2025-03-25 07:35:00+00:00,2025-03-25 08:35:00+00:00,LONG,86350.0,86720.05,0.5,0.1786
2025-03-25 08:40:00+00:00,2025-03-25 09:40:00+00:00,LONG,86677.66,87103.8,0.5,0.2853
2025-03-25 10:20:00+00:00,2025-03-25 11:20:00+00:00,LONG,86994.27,87332.01,0.5,0.1737
2025-03-25 12:25:00+00:00,2025-03-25 13:25:00+00:00,LONG,87220.25,87689.13,0.5,0.2006
2025-03-25 13:40:00+00:00,2025-03-25 14:40:00+00:00,LONG,87276.62,88152.47,0.5,0.3752
2025-03-25 15:35:00+00:00,2025-03-25 16:35:00+00:00,LONG,87857.51,87649.88,0.5,-0.068
2025-03-25 16:40:00+00:00,2025-03-25 17:40:00+00:00,LONG,87769.74,88043.84,0.5,0.1384
2025-03-25 17:55:00+00:00,2025-03-25 18:55:00+00:00,LONG,87937.27,87822.0,0.5,-0.0975
2025-03-25 19:00:00+00:00,2025-03-25 20:00:00+00:00,LONG,87927.26,88097.96,0.5,0.1073
2025-03-25 20:05:00+00:00,2025-03-25 21:05:00+00:00,LONG,88447.45,88134.01,0.5,-0.2547
2025-03-25 22:30:00+00:00,2025-03-25 23:30:00+00:00,LONG,87417.74,87389.41,0.5,-0.0195
2025-03-26 00:10:00+00:00,2025-03-26 01:10:00+00:00,LONG,87304.34,87719.51,0.5,0.1591
2025-03-26 03:40:00+00:00,2025-03-26 04:40:00+00:00,LONG,87120.15,87410.01,0.5,0.1743
2025-03-26 04:45:00+00:00,2025-03-26 05:45:00+00:00,LONG,87236.28,87490.03,0.5,0.203
2025-03-26 05:50:00+00:00,2025-03-26 06:50:00+00:00,LONG,87470.51,87849.16,0.5,0.153
2025-03-26 07:10:00+00:00,2025-03-26 08:10:00+00:00,LONG,87841.12,88053.83,0.5,0.1284
2025-03-26 14:20:00+00:00,2025-03-26 15:20:00+00:00,LONG,86502.01,86774.0,0.5,0.1696
2025-03-26 17:00:00+00:00,2025-03-26 18:00:00+00:00,LONG,86660.61,86650.01,0.5,-0.0523
2025-03-26 19:00:00+00:00,2025-03-26 20:00:00+00:00,LONG,86220.32,86670.41,0.5,0.2007
2025-03-26 21:40:00+00:00,2025-03-26 22:40:00+00:00,LONG,87076.98,86892.36,0.5,-0.0817
2025-03-26 23:10:00+00:00,2025-03-27 00:10:00+00:00,LONG,86694.09,86901.33,0.5,0.1336
2025-03-27 00:15:00+00:00,2025-03-27 01:15:00+00:00,LONG,86822.01,87233.0,0.5,0.2675
2025-03-27 01:35:00+00:00,2025-03-27 02:35:00+00:00,LONG,87204.85,87540.99,0.5,0.2163
2025-03-27 03:00:00+00:00,2025-03-27 04:00:00+00:00,LONG,87530.7,87515.56,0.5,0.0796
2025-03-27 04:05:00+00:00,2025-03-27 05:05:00+00:00,LONG,87473.98,87462.3,0.5,-0.0215
2025-03-27 12:55:00+00:00,2025-03-27 13:55:00+00:00,LONG,86761.05,86383.83,0.5,-0.2763
2025-03-27 14:00:00+00:00,2025-03-27 15:00:00+00:00,LONG,86550.0,87287.99,0.5,0.4299
2025-03-27 18:25:00+00:00,2025-03-27 19:25:00+00:00,LONG,87047.9,87364.0,0.5,0.1969
2025-03-27 20:10:00+00:00,2025-03-27 21:10:00+00:00,LONG,86957.74,87299.99,0.5,0.173
2025-03-28 00:10:00+00:00,2025-03-28 01:10:00+00:00,LONG,87064.73,87163.84,0.5,0.1077
2025-03-28 08:15:00+00:00,2025-03-28 09:15:00+00:00,LONG,85226.0,85131.15,0.5,-0.0969
2025-03-28 09:20:00+00:00,2025-03-28 10:20:00+00:00,LONG,85189.31,85209.86,0.5,-0.0201
2025-03-28 10:55:00+00:00,2025-03-28 11:55:00+00:00,LONG,84941.49,85255.26,0.5,0.1664
2025-03-28 12:05:00+00:00,2025-03-28 13:05:00+00:00,LONG,85191.24,85232.77,0.5,-0.0806
2025-04-02 12:10:00+00:00,2025-04-02 13:10:00+00:00,LONG,84759.34,84850.63,0.5,0.0858
2025-04-02 13:15:00+00:00,2025-04-02 14:15:00+00:00,LONG,84834.31,85643.02,0.5,0.3534
2025-04-02 14:20:00+00:00,2025-04-02 15:20:00+00:00,LONG,85697.37,86443.0,0.5,0.388
2025-04-02 15:25:00+00:00,2025-04-02 16:25:00+00:00,LONG,86556.16,87012.56,0.5,0.2239
2025-04-02 16:35:00+00:00,2025-04-02 17:35:00+00:00,LONG,86968.0,86551.37,0.5,-0.1978
2025-04-02 17:40:00+00:00,2025-04-02 18:40:00+00:00,LONG,86579.99,86580.56,0.5,-0.0308
2025-04-02 19:00:00+00:00,2025-04-02 20:00:00+00:00,LONG,86400.5,86723.8,0.5,0.2882
2025-04-02 20:05:00+00:00,2025-04-02 21:05:00+00:00,LONG,86637.69,84727.92,0.5,-0.771
2025-04-03 00:10:00+00:00,2025-04-03 01:10:00+00:00,LONG,82761.36,83355.64,0.5,0.2944
2025-04-03 01:15:00+00:00,2025-04-03 02:15:00+00:00,LONG,83356.96,83391.18,0.5,0.2145
2025-04-03 02:20:00+00:00,2025-04-03 03:20:00+00:00,LONG,83496.21,83604.23,0.5,0.0325
2025-04-03 03:40:00+00:00,2025-04-03 04:40:00+00:00,LONG,83408.98,83704.47,0.5,0.0644
2025-04-11 16:10:00+00:00,2025-04-11 17:10:00+00:00,LONG,82281.91,82961.99,0.5,0.3633
2025-04-11 17:15:00+00:00,2025-04-11 18:15:00+00:00,LONG,82789.99,83728.75,0.5,0.7219
2025-04-11 18:55:00+00:00,2025-04-11 19:55:00+00:00,LONG,83607.99,83858.28,0.5,0.1719
2025-04-11 20:00:00+00:00,2025-04-11 21:00:00+00:00,LONG,83872.01,83973.06,0.5,-0.0143
2025-04-11 23:10:00+00:00,2025-04-12 00:10:00+00:00,LONG,83273.45,83276.12,0.5,0.0517
2025-04-12 04:10:00+00:00,2025-04-12 05:10:00+00:00,LONG,82940.0,83328.0,0.5,0.212
2025-04-12 05:50:00+00:00,2025-04-12 06:50:00+00:00,LONG,83317.17,83591.54,0.5,0.1693
2025-04-12 12:10:00+00:00,2025-04-12 13:10:00+00:00,LONG,83668.0,84002.77,0.5,0.2074
2025-04-12 13:15:00+00:00,2025-04-12 14:15:00+00:00,LONG,83832.0,84369.7,0.5,0.395
2025-04-12 14:20:00+00:00,2025-04-12 15:20:00+00:00,LONG,84894.9,85037.73,0.5,0.0529
2025-04-12 15:50:00+00:00,2025-04-12 16:50:00+00:00,LONG,85074.04,84670.88,0.5,-0.264
2025-04-12 17:10:00+00:00,2025-04-12 18:10:00+00:00,LONG,84428.03,84842.85,0.5,0.2352
2025-04-12 18:35:00+00:00,2025-04-12 19:35:00+00:00,LONG,84940.62,84947.25,0.5,0.0308
2025-04-12 20:10:00+00:00,2025-04-12 21:10:00+00:00,LONG,85150.01,85311.09,0.5,0.0896
2025-04-12 22:55:00+00:00,2025-04-12 23:55:00+00:00,LONG,85336.01,85276.9,0.5,-0.0279
2025-04-13 00:00:00+00:00,2025-04-13 01:00:00+00:00,LONG,85285.16,85452.05,0.5,0.1233
2025-04-13 01:55:00+00:00,2025-04-13 02:55:00+00:00,LONG,85259.77,85302.22,0.5,-0.0351
2025-04-13 03:00:00+00:00,2025-04-13 04:00:00+00:00,LONG,85322.52,85314.44,0.5,0.0643
2025-04-13 04:05:00+00:00,2025-04-13 05:05:00+00:00,LONG,85148.07,84582.76,0.5,-0.2826
2025-04-13 05:15:00+00:00,2025-04-13 06:15:00+00:00,LONG,84528.84,84566.04,0.5,0.061
2025-04-13 08:10:00+00:00,2025-04-13 09:10:00+00:00,LONG,84304.09,84582.31,0.5,0.1803
2025-04-13 09:15:00+00:00,2025-04-13 10:15:00+00:00,LONG,84523.42,84692.45,0.5,0.1756
2025-04-13 11:20:00+00:00,2025-04-13 12:20:00+00:00,LONG,84457.54,84338.86,0.5,0.0929
2025-04-13 12:30:00+00:00,2025-04-13 13:30:00+00:00,LONG,84348.02,84161.29,0.5,-0.1531
2025-04-13 13:45:00+00:00,2025-04-13 14:45:00+00:00,LONG,83835.32,83967.63,0.5,0.1196
2025-04-13 15:05:00+00:00,2025-04-13 16:05:00+00:00,LONG,83748.34,84125.43,0.5,0.2772
2025-04-13 18:20:00+00:00,2025-04-13 19:20:00+00:00,LONG,84540.82,84440.45,0.5,-0.0371
2025-04-13 19:40:00+00:00,2025-04-13 20:40:00+00:00,LONG,83530.86,83414.92,0.5,-0.0539
2025-04-13 20:45:00+00:00,2025-04-13 21:45:00+00:00,LONG,83478.27,83322.44,0.5,-0.1213
2025-04-13 21:50:00+00:00,2025-04-13 22:50:00+00:00,LONG,83585.99,83426.44,0.5,-0.163
2025-04-13 23:00:00+00:00,2025-04-14 00:00:00+00:00,LONG,83240.38,83774.19,0.5,0.3111
2025-04-14 00:55:00+00:00,2025-04-14 01:55:00+00:00,LONG,84325.74,84228.0,0.5,-0.0746
2025-04-14 02:00:00+00:00,2025-04-14 03:00:00+00:00,LONG,84116.66,84946.59,0.5,0.605
2025-04-14 03:05:00+00:00,2025-04-14 04:05:00+00:00,LONG,84990.01,84543.98,0.5,-0.1779
2025-04-14 04:10:00+00:00,2025-04-14 05:10:00+00:00,LONG,84448.67,84646.82,0.5,0.1614
2025-04-14 05:40:00+00:00,2025-04-14 06:40:00+00:00,LONG,84371.12,84541.74,0.5,0.0933
2025-04-14 07:15:00+00:00,2025-04-14 08:15:00+00:00,LONG,84473.21,84519.13,0.5,0.0334
2025-04-14 08:20:00+00:00,2025-04-14 09:20:00+00:00,LONG,84477.67,84625.01,0.5,0.1869
2025-04-14 09:30:00+00:00,2025-04-14 10:30:00+00:00,LONG,84473.2,84664.99,0.5,0.0921
2025-04-14 10:40:00+00:00,2025-04-14 11:40:00+00:00,LONG,84792.68,84826.09,0.5,0.041
2025-04-14 11:45:00+00:00,2025-04-14 12:45:00+00:00,LONG,84867.88,85175.99,0.5,0.164
2025-04-14 14:10:00+00:00,2025-04-14 15:10:00+00:00,LONG,84518.86,84560.55,0.5,0.1892
2025-04-14 15:40:00+00:00,2025-04-14 16:40:00+00:00,LONG,84248.96,84663.81,0.5,0.1239
2025-04-14 16:50:00+00:00,2025-04-14 17:50:00+00:00,LONG,84502.95,84868.42,0.5,0.0373
2025-04-14 17:55:00+00:00,2025-04-14 18:55:00+00:00,LONG,84859.73,84988.04,0.5,0.037
2025-04-14 19:05:00+00:00,2025-04-14 20:05:00+00:00,LONG,85172.66,84811.56,0.5,-0.1637
2025-04-15 00:10:00+00:00,2025-04-15 01:10:00+00:00,LONG,84459.11,84671.01,0.5,0.0841
2025-04-15 01:15:00+00:00,2025-04-15 02:15:00+00:00,LONG,84759.28,85015.82,0.5,0.2335
2025-04-15 02:20:00+00:00,2025-04-15 03:20:00+00:00,LONG,84929.57,85240.99,0.5,0.1265
2025-04-15 03:45:00+00:00,2025-04-15 04:45:00+00:00,LONG,85274.02,85375.06,0.5,0.0308
2025-04-15 06:55:00+00:00,2025-04-15 07:55:00+00:00,LONG,85391.35,85716.77,0.5,0.1637
2025-04-15 09:30:00+00:00,2025-04-15 10:30:00+00:00,LONG,85692.05,85683.26,0.5,0.044
2025-04-15 11:10:00+00:00,2025-04-15 12:10:00+00:00,LONG,85485.79,85698.12,0.5,0.1251
2025-04-15 12:25:00+00:00,2025-04-15 13:25:00+00:00,LONG,85494.23,85841.97,0.5,0.064
2025-04-15 14:25:00+00:00,2025-04-15 15:25:00+00:00,LONG,84958.55,85212.0,0.5,0.2498
2025-04-15 15:40:00+00:00,2025-04-15 16:40:00+00:00,LONG,84866.93,84984.27,0.5,0.0173
2025-04-15 19:15:00+00:00,2025-04-15 20:15:00+00:00,LONG,84189.63,84177.21,0.5,-0.0127
2025-04-15 20:50:00+00:00,2025-04-15 21:50:00+00:00,LONG,83834.64,84067.6,0.5,0.2021
2025-04-15 23:10:00+00:00,2025-04-16 00:10:00+00:00,LONG,83737.38,83314.39,0.5,-0.1668
2025-04-16 00:15:00+00:00,2025-04-16 01:15:00+00:00,LONG,83270.0,83406.01,0.5,0.0144
2025-04-16 01:20:00+00:00,2025-04-16 02:20:00+00:00,LONG,83537.81,83760.0,0.5,0.1015
2025-04-16 06:10:00+00:00,2025-04-16 07:10:00+00:00,LONG,83495.85,83564.26,0.5,0.0218
2025-04-16 08:10:00+00:00,2025-04-16 09:10:00+00:00,LONG,83170.7,83843.84,0.5,0.3904
2025-04-16 09:40:00+00:00,2025-04-16 10:40:00+00:00,LONG,83733.92,83884.85,0.5,0.0825
2025-04-16 10:45:00+00:00,2025-04-16 11:45:00+00:00,LONG,83930.24,84118.44,0.5,0.0344
2025-04-16 11:50:00+00:00,2025-04-16 12:50:00+00:00,LONG,84048.75,83801.14,0.5,-0.1402
2025-04-16 12:55:00+00:00,2025-04-16 13:55:00+00:00,LONG,83757.72,83736.37,0.5,-0.0382
2025-04-16 14:00:00+00:00,2025-04-16 15:00:00+00:00,LONG,83982.87,84668.13,0.5,0.3692
2025-04-16 15:55:00+00:00,2025-04-16 16:55:00+00:00,LONG,84846.58,85048.55,0.5,0.1447
2025-04-16 17:55:00+00:00,2025-04-16 18:55:00+00:00,LONG,83281.21,84029.97,0.5,0.4245
2025-04-16 19:00:00+00:00,2025-04-16 20:00:00+00:00,LONG,84042.0,84428.22,0.5,0.1734
2025-04-17 00:10:00+00:00,2025-04-17 01:10:00+00:00,LONG,83970.65,84295.73,0.5,0.1499
2025-04-17 02:15:00+00:00,2025-04-17 03:15:00+00:00,LONG,84080.48,84022.0,0.5,0.0419
2025-04-17 04:10:00+00:00,2025-04-17 05:10:00+00:00,LONG,83903.14,84225.99,0.5,0.1766
2025-04-17 05:15:00+00:00,2025-04-17 06:15:00+00:00,LONG,84318.84,84388.0,0.5,0.0633
2025-04-17 06:20:00+00:00,2025-04-17 07:20:00+00:00,LONG,84473.07,84754.9,0.5,0.1749
2025-04-17 10:15:00+00:00,2025-04-17 11:15:00+00:00,LONG,84231.16,84362.88,0.5,0.043
2025-04-17 14:10:00+00:00,2025-04-17 15:10:00+00:00,LONG,84161.98,84589.2,0.5,0.134
2025-04-17 15:15:00+00:00,2025-04-17 16:15:00+00:00,LONG,84613.2,84759.73,0.5,-0.0066
2025-04-17 16:20:00+00:00,2025-04-17 17:20:00+00:00,LONG,84906.02,84953.08,0.5,-0.0035
2025-04-17 19:20:00+00:00,2025-04-17 20:20:00+00:00,LONG,84788.14,85010.35,0.5,0.0964
2025-04-19 01:45:00+00:00,2025-04-19 02:45:00+00:00,LONG,84488.86,84716.81,0.5,0.1024
2025-04-19 06:55:00+00:00,2025-04-19 07:55:00+00:00,LONG,84921.98,85217.39,0.5,0.1589
2025-04-19 13:10:00+00:00,2025-04-19 14:10:00+00:00,LONG,85339.5,85407.19,0.5,0.0798
2025-04-19 17:10:00+00:00,2025-04-19 18:10:00+00:00,LONG,84960.0,85256.5,0.5,0.1736
2025-04-20 16:10:00+00:00,2025-04-20 17:10:00+00:00,LONG,84438.87,84500.01,0.5,0.0519
2025-04-20 17:25:00+00:00,2025-04-20 18:25:00+00:00,LONG,84482.65,84569.97,0.5,0.0451
2025-04-20 20:10:00+00:00,2025-04-20 21:10:00+00:00,LONG,84943.4,84969.55,0.5,0.0245
2025-04-20 22:05:00+00:00,2025-04-20 23:05:00+00:00,LONG,84838.32,85048.25,0.5,0.1081
2025-04-20 23:35:00+00:00,2025-04-21 00:35:00+00:00,LONG,85028.95,86347.61,0.5,1.0167
2025-04-21 00:40:00+00:00,2025-04-21 01:40:00+00:00,LONG,86680.09,87275.46,0.5,0.3416
2025-04-21 01:45:00+00:00,2025-04-21 02:45:00+00:00,LONG,87391.49,87262.01,0.5,-0.1293
2025-04-21 02:50:00+00:00,2025-04-21 03:50:00+00:00,LONG,87335.84,87210.62,0.5,-0.0343
2025-04-21 03:55:00+00:00,2025-04-21 04:55:00+00:00,LONG,87205.56,87351.14,0.5,0.0445
2025-04-21 05:15:00+00:00,2025-04-21 06:15:00+00:00,LONG,87447.2,87546.45,0.5,0.0285
2025-04-21 06:40:00+00:00,2025-04-21 07:40:00+00:00,LONG,87418.19,87540.72,0.5,0.0535
2025-04-21 11:20:00+00:00,2025-04-21 12:20:00+00:00,LONG,86700.0,87381.0,0.5,0.3457
2025-04-21 12:35:00+00:00,2025-04-21 13:35:00+00:00,LONG,87274.01,87516.48,0.5,0.0433
2025-04-21 13:55:00+00:00,2025-04-21 14:55:00+00:00,LONG,87028.09,88208.37,0.5,0.5982
2025-04-21 15:00:00+00:00,2025-04-21 16:00:00+00:00,LONG,88198.24,88014.97,0.5,-0.0871
2025-04-21 16:05:00+00:00,2025-04-21 17:05:00+00:00,LONG,88149.99,86667.64,0.5,-0.8662
2025-04-21 17:10:00+00:00,2025-04-21 18:10:00+00:00,LONG,86860.01,86922.92,0.5,0.0178
2025-04-21 18:20:00+00:00,2025-04-21 19:20:00+00:00,LONG,86861.52,87235.1,0.5,0.192
2025-04-21 19:25:00+00:00,2025-04-21 20:25:00+00:00,LONG,87282.45,87160.68,0.5,-0.0638
2025-04-21 20:30:00+00:00,2025-04-21 21:30:00+00:00,LONG,87209.61,87169.65,0.5,-0.0128
2025-04-21 21:35:00+00:00,2025-04-21 22:35:00+00:00,LONG,87237.48,87061.11,0.5,-0.1076
2025-04-21 22:40:00+00:00,2025-04-21 23:40:00+00:00,LONG,87075.47,87281.16,0.5,0.1144
2025-04-21 23:45:00+00:00,2025-04-22 00:45:00+00:00,LONG,87412.73,87415.12,0.5,-0.0089
2025-04-22 00:50:00+00:00,2025-04-22 01:50:00+00:00,LONG,87554.66,88458.12,0.5,0.4814
2025-04-22 02:30:00+00:00,2025-04-22 03:30:00+00:00,LONG,88179.28,88200.01,0.5,-0.0222
2025-04-22 03:55:00+00:00,2025-04-22 04:55:00+00:00,LONG,88157.55,88056.79,0.5,0.0116
2025-04-22 05:00:00+00:00,2025-04-22 06:00:00+00:00,LONG,88110.77,88391.04,0.5,0.1589
2025-04-22 06:25:00+00:00,2025-04-22 07:25:00+00:00,LONG,88092.98,88285.85,0.5,0.1291
2025-04-22 07:30:00+00:00,2025-04-22 08:30:00+00:00,LONG,88446.11,88431.57,0.5,-0.0239
2025-04-22 09:10:00+00:00,2025-04-22 10:10:00+00:00,LONG,88344.6,88590.06,0.5,0.1182
2025-04-22 10:25:00+00:00,2025-04-22 11:25:00+00:00,LONG,88330.33,88632.81,0.5,0.1633
2025-04-22 11:45:00+00:00,2025-04-22 12:45:00+00:00,LONG,88669.71,88748.43,0.5,0.0209
2025-04-22 12:50:00+00:00,2025-04-22 13:50:00+00:00,LONG,88855.79,90223.58,0.5,0.7827
2025-04-22 13:55:00+00:00,2025-04-22 14:55:00+00:00,LONG,90236.16,90797.73,0.5,0.2564
2025-04-22 15:00:00+00:00,2025-04-22 16:00:00+00:00,LONG,91179.19,90766.26,0.5,-0.1343
2025-04-22 16:05:00+00:00,2025-04-22 17:05:00+00:00,LONG,90856.69,90937.86,0.5,0.0206
2025-04-22 17:10:00+00:00,2025-04-22 18:10:00+00:00,LONG,90829.55,91206.66,0.5,0.3432
2025-04-22 18:15:00+00:00,2025-04-22 19:15:00+00:00,LONG,91186.45,91553.36,0.5,0.1961
2025-04-22 19:40:00+00:00,2025-04-22 20:40:00+00:00,LONG,91209.09,91199.89,0.5,-0.021
2025-04-22 20:45:00+00:00,2025-04-22 21:45:00+00:00,LONG,91156.97,93417.73,0.5,0.2642
2025-04-22 21:50:00+00:00,2025-04-22 22:50:00+00:00,LONG,93102.94,92826.08,0.5,-0.2333
2025-04-22 23:00:00+00:00,2025-04-23 00:00:00+00:00,LONG,92844.69,93632.36,0.5,0.3212
2025-04-23 00:55:00+00:00,2025-04-23 01:55:00+00:00,LONG,92896.99,92640.0,0.5,-0.1169
2025-04-23 02:00:00+00:00,2025-04-23 03:00:00+00:00,LONG,92795.5,92827.34,0.5,0.0395
2025-04-23 03:05:00+00:00,2025-04-23 04:05:00+00:00,LONG,92796.93,93125.18,0.5,0.1794
2025-04-23 04:10:00+00:00,2025-04-23 05:10:00+00:00,LONG,93157.61,93452.45,0.5,0.2194
2025-04-23 05:40:00+00:00,2025-04-23 06:40:00+00:00,LONG,93329.51,93631.52,0.5,0.1661
2025-04-23 06:45:00+00:00,2025-04-23 07:45:00+00:00,LONG,93691.86,93784.98,0.5,0.0061
2025-04-23 07:50:00+00:00,2025-04-23 08:50:00+00:00,LONG,93897.38,94307.7,0.5,0.2512
2025-04-23 10:15:00+00:00,2025-04-23 11:15:00+00:00,LONG,93514.32,93663.71,0.5,0.0637
2025-04-23 12:10:00+00:00,2025-04-23 13:10:00+00:00,LONG,93782.61,93968.55,0.5,0.0463
2025-04-23 14:00:00+00:00,2025-04-23 15:00:00+00:00,LONG,93635.33,92764.35,0.5,-0.3727
2025-04-23 15:05:00+00:00,2025-04-23 16:05:00+00:00,LONG,92737.52,93090.11,0.5,0.2573
2025-04-23 16:10:00+00:00,2025-04-23 17:10:00+00:00,LONG,93152.0,93863.63,0.5,0.3983
2025-04-23 17:35:00+00:00,2025-04-23 18:35:00+00:00,LONG,93685.93,93849.55,0.5,0.1188
2025-04-23 19:10:00+00:00,2025-04-23 20:10:00+00:00,LONG,93280.8,93644.06,0.5,0.1677
2025-04-23 20:50:00+00:00,2025-04-23 21:50:00+00:00,LONG,93706.01,93539.29,0.5,-0.0964
2025-04-23 21:55:00+00:00,2025-04-23 22:55:00+00:00,LONG,93485.5,93790.19,0.5,0.1327
2025-04-23 23:40:00+00:00,2025-04-24 00:40:00+00:00,LONG,93577.07,93625.67,0.5,-0.0482
2025-04-24 01:15:00+00:00,2025-04-24 02:15:00+00:00,LONG,93205.29,93482.3,0.5,0.2063
2025-04-24 04:10:00+00:00,2025-04-24 05:10:00+00:00,LONG,92666.66,92869.56,0.5,0.0804
2025-04-24 07:50:00+00:00,2025-04-24 08:50:00+00:00,LONG,92145.71,91881.88,0.5,-0.212
2025-04-24 08:55:00+00:00,2025-04-24 09:55:00+00:00,LONG,92017.75,92476.9,0.5,0.1453
2025-04-24 10:00:00+00:00,2025-04-24 11:00:00+00:00,LONG,92513.98,92504.81,0.5,0.0199
2025-04-24 11:10:00+00:00,2025-04-24 12:10:00+00:00,LONG,92356.0,92607.75,0.5,0.0484
2025-04-24 12:15:00+00:00,2025-04-24 13:15:00+00:00,LONG,92692.47,92752.43,0.5,0.0252
2025-04-24 13:20:00+00:00,2025-04-24 14:20:00+00:00,LONG,92759.73,92731.64,0.5,0.0013
2025-04-24 14:25:00+00:00,2025-04-24 15:25:00+00:00,LONG,92823.8,93136.25,0.5,0.2164
2025-04-24 17:05:00+00:00,2025-04-24 18:05:00+00:00,LONG,93151.65,93168.99,0.5,-0.0437
2025-04-24 18:10:00+00:00,2025-04-24 19:10:00+00:00,LONG,93315.39,93232.06,0.5,0.001
2025-04-24 19:15:00+00:00,2025-04-24 20:15:00+00:00,LONG,93299.97,93383.17,0.5,0.0793
2025-04-24 20:35:00+00:00,2025-04-24 21:35:00+00:00,LONG,93320.34,93250.15,0.5,-0.0608
2025-04-24 21:40:00+00:00,2025-04-24 22:40:00+00:00,LONG,93216.73,93446.65,0.5,0.1525
2025-04-24 22:45:00+00:00,2025-04-24 23:45:00+00:00,LONG,93391.38,93918.17,0.5,0.2631
2025-04-25 00:05:00+00:00,2025-04-25 01:05:00+00:00,LONG,93740.07,94195.5,0.5,0.1151
2025-04-25 02:55:00+00:00,2025-04-25 03:55:00+00:00,LONG,92992.33,93311.83,0.5,0.1862
2025-04-25 04:35:00+00:00,2025-04-25 05:35:00+00:00,LONG,93167.25,93299.02,0.5,0.0799
2025-04-25 05:40:00+00:00,2025-04-25 06:40:00+00:00,LONG,93269.88,93545.64,0.5,0.15
2025-04-25 07:15:00+00:00,2025-04-25 08:15:00+00:00,LONG,93622.48,93695.38,0.5,0.0095
2025-04-25 08:45:00+00:00,2025-04-25 09:45:00+00:00,LONG,93672.91,93687.56,0.5,0.0138
2025-04-25 09:50:00+00:00,2025-04-25 10:50:00+00:00,LONG,93778.73,93622.66,0.5,-0.0889
2025-04-25 10:55:00+00:00,2025-04-25 11:55:00+00:00,LONG,93634.02,94635.67,0.5,0.3918
2025-04-25 12:55:00+00:00,2025-04-25 13:55:00+00:00,LONG,94417.29,94400.01,0.5,-0.0197
2025-04-25 14:00:00+00:00,2025-04-25 15:00:00+00:00,LONG,94539.04,95552.73,0.5,0.4365
2025-04-25 15:40:00+00:00,2025-04-25 16:40:00+00:00,LONG,94964.33,95363.97,0.5,0.1535
2025-04-25 17:40:00+00:00,2025-04-25 18:40:00+00:00,LONG,94846.94,95194.95,0.5,0.1337
2025-04-25 18:55:00+00:00,2025-04-25 19:55:00+00:00,LONG,94970.15,95291.0,0.5,0.1377
2025-04-25 20:00:00+00:00,2025-04-25 21:00:00+00:00,LONG,95243.17,94930.63,0.5,-0.1965
2025-04-26 00:10:00+00:00,2025-04-26 01:10:00+00:00,LONG,94795.91,94882.6,0.5,0.0807
2025-04-26 13:25:00+00:00,2025-04-26 14:25:00+00:00,LONG,94066.26,94111.0,0.5,0.0073
2025-04-26 14:30:00+00:00,2025-04-26 15:30:00+00:00,LONG,94124.57,94304.54,0.5,0.136
2025-04-26 15:45:00+00:00,2025-04-26 16:45:00+00:00,LONG,94339.99,94296.07,0.5,-0.1055
2025-04-26 21:10:00+00:00,2025-04-26 22:10:00+00:00,LONG,94260.86,94583.42,0.5,0.1597
2025-04-27 02:00:00+00:00,2025-04-27 03:00:00+00:00,LONG,94128.86,94368.0,0.5,0.1151
2025-04-27 05:25:00+00:00,2025-04-27 06:25:00+00:00,LONG,93794.12,94012.27,0.5,0.1628
2025-04-27 06:35:00+00:00,2025-04-27 07:35:00+00:00,LONG,93967.57,94052.64,0.5,0.0507
2025-04-27 12:30:00+00:00,2025-04-27 13:30:00+00:00,LONG,93722.32,93913.77,0.5,0.0482
2025-04-27 13:35:00+00:00,2025-04-27 14:35:00+00:00,LONG,93996.0,94077.53,0.5,0.0248
2025-04-27 16:10:00+00:00,2025-04-27 17:10:00+00:00,LONG,93911.13,94098.22,0.5,0.0238
2025-04-27 17:30:00+00:00,2025-04-27 18:30:00+00:00,LONG,94043.47,94233.08,0.5,0.0656
2025-04-28 00:10:00+00:00,2025-04-28 01:10:00+00:00,LONG,93420.73,93339.99,0.5,-0.0432
2025-04-28 01:25:00+00:00,2025-04-28 02:25:00+00:00,LONG,93043.48,93378.42,0.5,0.173
2025-04-28 02:30:00+00:00,2025-04-28 03:30:00+00:00,LONG,93496.25,93834.0,0.5,0.1256
2025-04-28 05:05:00+00:00,2025-04-28 06:05:00+00:00,LONG,94087.03,94355.7,0.5,0.137
2025-04-28 07:15:00+00:00,2025-04-28 08:15:00+00:00,LONG,94565.23,94770.56,0.5,0.0829
2025-04-28 08:45:00+00:00,2025-04-28 09:45:00+00:00,LONG,94632.71,94797.16,0.5,0.1052
2025-04-28 10:05:00+00:00,2025-04-28 11:05:00+00:00,LONG,94767.62,95452.58,0.5,0.2008
2025-04-28 11:55:00+00:00,2025-04-28 12:55:00+00:00,LONG,95319.99,95350.69,0.5,0.0318
2025-04-28 16:10:00+00:00,2025-04-28 17:10:00+00:00,LONG,93565.22,93647.66,0.5,0.1181
2025-04-28 17:15:00+00:00,2025-04-28 18:15:00+00:00,LONG,93695.66,93839.95,0.5,0.0609
2025-04-28 18:20:00+00:00,2025-04-28 19:20:00+00:00,LONG,93926.25,94703.44,0.5,0.3949
2025-04-28 20:05:00+00:00,2025-04-28 21:05:00+00:00,LONG,94635.92,94466.11,0.5,-0.0507
2025-04-28 21:10:00+00:00,2025-04-28 22:10:00+00:00,LONG,94367.09,94640.92,0.5,0.1438
2025-04-28 22:30:00+00:00,2025-04-28 23:30:00+00:00,LONG,94604.86,95116.0,0.5,0.2366
2025-04-29 03:15:00+00:00,2025-04-29 04:15:00+00:00,LONG,94524.51,94752.3,0.5,0.1134
2025-04-29 04:45:00+00:00,2025-04-29 05:45:00+00:00,LONG,94434.92,94232.05,0.5,-0.1095
2025-04-29 05:50:00+00:00,2025-04-29 06:50:00+00:00,LONG,94291.12,94780.0,0.5,0.1783
2025-04-29 07:05:00+00:00,2025-04-29 08:05:00+00:00,LONG,94715.02,94989.48,0.5,0.1016
2025-04-29 08:40:00+00:00,2025-04-29 09:40:00+00:00,LONG,94860.63,94901.47,0.5,0.0395
2025-04-29 11:00:00+00:00,2025-04-29 12:00:00+00:00,LONG,94898.02,95072.0,0.5,0.1219
2025-04-29 12:05:00+00:00,2025-04-29 13:05:00+00:00,LONG,95137.54,94846.79,0.5,-0.1969
2025-04-29 13:20:00+00:00,2025-04-29 14:20:00+00:00,LONG,94840.0,94740.68,0.5,-0.0373
2025-04-29 14:25:00+00:00,2025-04-29 15:25:00+00:00,LONG,94737.97,94866.02,0.5,0.0163
2025-04-29 16:15:00+00:00,2025-04-29 17:15:00+00:00,LONG,94916.0,95102.04,0.5,0.0685
2025-04-29 17:20:00+00:00,2025-04-29 18:20:00+00:00,LONG,95149.15,95386.79,0.5,0.0975
2025-04-29 19:05:00+00:00,2025-04-29 20:05:00+00:00,LONG,95393.5,95215.96,0.5,-0.0418
2025-04-29 21:20:00+00:00,2025-04-29 22:20:00+00:00,LONG,94432.46,94094.0,0.5,-0.1194
2025-04-29 22:25:00+00:00,2025-04-29 23:25:00+00:00,LONG,94198.01,93903.72,0.5,-0.1478
2025-04-29 23:30:00+00:00,2025-04-30 00:30:00+00:00,LONG,94005.36,94547.44,0.5,0.2095
2025-04-30 00:50:00+00:00,2025-04-30 01:50:00+00:00,LONG,94395.96,94452.99,0.5,-0.0568
2025-04-30 01:55:00+00:00,2025-04-30 02:55:00+00:00,LONG,94527.73,94641.99,0.5,0.0604
2025-04-30 03:00:00+00:00,2025-04-30 04:00:00+00:00,LONG,94579.16,94953.77,0.5,0.2393
2025-04-30 08:10:00+00:00,2025-04-30 09:10:00+00:00,LONG,94725.1,94705.63,0.5,0.0303
2025-04-30 09:15:00+00:00,2025-04-30 10:15:00+00:00,LONG,94705.63,94875.53,0.5,0.1229
2025-04-30 11:10:00+00:00,2025-04-30 12:10:00+00:00,LONG,94985.55,95146.46,0.5,0.0583
2025-04-30 14:10:00+00:00,2025-04-30 15:10:00+00:00,LONG,93443.61,93971.49,0.5,0.2888
2025-04-30 15:20:00+00:00,2025-04-30 16:20:00+00:00,LONG,93821.74,93686.46,0.5,-0.0851
2025-04-30 16:25:00+00:00,2025-04-30 17:25:00+00:00,LONG,93730.0,94036.62,0.5,0.0782
2025-04-30 18:45:00+00:00,2025-04-30 19:45:00+00:00,LONG,94167.7,94041.31,0.5,-0.1175
2025-04-30 19:50:00+00:00,2025-04-30 20:50:00+00:00,LONG,94058.65,94650.0,0.5,0.2758
2025-04-30 23:45:00+00:00,2025-05-01 00:45:00+00:00,LONG,94231.79,94382.28,0.5,0.0294
2025-05-01 00:50:00+00:00,2025-05-01 01:50:00+00:00,LONG,94387.23,94646.02,0.5,0.1103
2025-05-01 01:55:00+00:00,2025-05-01 02:55:00+00:00,LONG,94636.51,94867.46,0.5,0.09
2025-05-01 05:20:00+00:00,2025-05-01 06:20:00+00:00,LONG,94920.4,95017.99,0.5,0.0585
2025-05-01 07:00:00+00:00,2025-05-01 08:00:00+00:00,LONG,94868.22,94961.79,0.5,0.083
2025-05-01 08:10:00+00:00,2025-05-01 09:10:00+00:00,LONG,95017.31,95175.99,0.5,0.0795
2025-05-01 09:15:00+00:00,2025-05-01 10:15:00+00:00,LONG,95215.0,96214.0,0.5,0.2711
2025-05-01 10:20:00+00:00,2025-05-01 11:20:00+00:00,LONG,96227.34,95940.85,0.5,-0.0745
2025-05-01 11:25:00+00:00,2025-05-01 12:25:00+00:00,LONG,95927.49,96197.61,0.5,0.2322
2025-05-01 12:30:00+00:00,2025-05-01 13:30:00+00:00,LONG,96243.48,96296.08,0.5,0.2066
2025-05-01 13:40:00+00:00,2025-05-01 14:40:00+00:00,LONG,96163.07,96368.0,0.5,0.1997
2025-05-01 14:45:00+00:00,2025-05-01 15:45:00+00:00,LONG,96510.0,96938.68,0.5,0.2586
2025-05-01 15:50:00+00:00,2025-05-01 16:50:00+00:00,LONG,96912.36,97096.33,0.5,0.1608
2025-05-01 18:15:00+00:00,2025-05-01 19:15:00+00:00,LONG,96650.01,96602.0,0.5,-0.08
2025-05-01 23:10:00+00:00,2025-05-02 00:10:00+00:00,LONG,96303.11,96619.04,0.5,0.1285
2025-05-02 00:15:00+00:00,2025-05-02 01:15:00+00:00,LONG,96599.99,97103.51,0.5,0.2085
2025-05-02 01:45:00+00:00,2025-05-02 02:45:00+00:00,LONG,96857.59,96998.94,0.5,0.044
2025-05-02 04:00:00+00:00,2025-05-02 05:00:00+00:00,LONG,97252.0,96976.45,0.5,-0.1607
2025-05-02 08:10:00+00:00,2025-05-02 09:10:00+00:00,LONG,96567.54,96783.01,0.5,0.0967
2025-05-02 09:40:00+00:00,2025-05-02 10:40:00+00:00,LONG,96594.54,96889.01,0.5,0.1198
2025-05-02 10:55:00+00:00,2025-05-02 11:55:00+00:00,LONG,96888.0,96928.97,0.5,0.0405
2025-05-02 12:10:00+00:00,2025-05-02 13:10:00+00:00,LONG,96792.46,96769.85,0.5,0.0793
2025-05-02 13:15:00+00:00,2025-05-02 14:15:00+00:00,LONG,96882.36,96978.23,0.5,-0.0235
2025-05-02 14:20:00+00:00,2025-05-02 15:20:00+00:00,LONG,97094.99,97443.39,0.5,0.2569
2025-05-02 15:30:00+00:00,2025-05-02 16:30:00+00:00,LONG,97354.73,97641.51,0.5,0.1326
2025-05-02 17:10:00+00:00,2025-05-02 18:10:00+00:00,LONG,97130.51,97523.99,0.5,0.1664
2025-05-02 21:50:00+00:00,2025-05-02 22:50:00+00:00,LONG,96651.0,96646.47,0.5,0.0102
2025-05-02 23:10:00+00:00,2025-05-03 00:10:00+00:00,LONG,96715.65,96806.19,0.5,0.067
2025-05-03 07:25:00+00:00,2025-05-03 08:25:00+00:00,LONG,96212.0,96353.38,0.5,-0.0051
2025-05-03 12:10:00+00:00,2025-05-03 13:10:00+00:00,LONG,95925.74,96190.0,0.5,0.1396
2025-05-03 13:40:00+00:00,2025-05-03 14:40:00+00:00,LONG,96253.19,96383.01,0.5,0.0401
2025-05-03 17:10:00+00:00,2025-05-03 18:10:00+00:00,LONG,96036.47,96211.49,0.5,0.0834
2025-05-04 01:20:00+00:00,2025-05-04 02:20:00+00:00,LONG,95914.0,96283.34,0.5,0.1555
2025-05-04 05:10:00+00:00,2025-05-04 06:10:00+00:00,LONG,95895.2,96029.58,0.5,0.078
2025-05-04 13:20:00+00:00,2025-05-04 14:20:00+00:00,LONG,95320.0,95517.09,0.5,0.0969
2025-05-04 23:30:00+00:00,2025-05-05 00:30:00+00:00,LONG,94433.85,94682.97,0.5,0.1608
2025-05-05 01:05:00+00:00,2025-05-05 02:05:00+00:00,LONG,94470.7,93646.2,0.5,-0.3147
2025-05-05 02:10:00+00:00,2025-05-05 03:10:00+00:00,LONG,94059.43,94141.9,0.5,0.03
2025-05-05 03:30:00+00:00,2025-05-05 04:30:00+00:00,LONG,94140.75,94373.11,0.5,0.0982
2025-05-05 04:35:00+00:00,2025-05-05 05:35:00+00:00,LONG,94365.18,94510.25,0.5,0.0242
2025-05-05 05:40:00+00:00,2025-05-05 06:40:00+00:00,LONG,94504.59,94707.17,0.5,0.1082
2025-05-05 06:45:00+00:00,2025-05-05 07:45:00+00:00,LONG,94662.01,94704.77,0.5,0.0201
2025-05-05 07:50:00+00:00,2025-05-05 08:50:00+00:00,LONG,94746.49,94515.9,0.5,-0.0941
2025-05-05 12:10:00+00:00,2025-05-05 13:10:00+00:00,LONG,94197.64,94199.99,0.5,0.0086
2025-05-05 13:15:00+00:00,2025-05-05 14:15:00+00:00,LONG,94318.92,94092.42,0.5,-0.1668
2025-05-05 14:35:00+00:00,2025-05-05 15:35:00+00:00,LONG,94023.0,93801.58,0.5,-0.1136
2025-05-05 15:40:00+00:00,2025-05-05 16:40:00+00:00,LONG,93731.67,94227.47,0.5,0.2312
2025-05-06 20:10:00+00:00,2025-05-06 21:10:00+00:00,LONG,94980.25,94608.99,0.5,-0.1155
2025-05-06 21:15:00+00:00,2025-05-06 22:15:00+00:00,LONG,94653.66,95452.17,0.5,0.2688
2025-05-06 22:20:00+00:00,2025-05-06 23:20:00+00:00,LONG,95498.41,96737.99,0.5,0.4468
2025-05-06 23:25:00+00:00,2025-05-07 00:25:00+00:00,LONG,96628.25,97248.27,0.5,0.3895
2025-05-07 03:10:00+00:00,2025-05-07 04:10:00+00:00,LONG,96409.99,96711.64,0.5,0.1107
2025-05-07 04:30:00+00:00,2025-05-07 05:30:00+00:00,LONG,96496.47,96420.0,0.5,-0.0376
2025-05-07 05:35:00+00:00,2025-05-07 06:35:00+00:00,LONG,96334.99,96484.0,0.5,0.1193
2025-05-07 06:40:00+00:00,2025-05-07 07:40:00+00:00,LONG,96531.22,96869.89,0.5,0.1287
2025-05-07 07:45:00+00:00,2025-05-07 08:45:00+00:00,LONG,96915.83,97023.81,0.5,0.0537
2025-05-07 13:25:00+00:00,2025-05-07 14:25:00+00:00,LONG,96725.14,97447.29,0.5,0.3321
2025-05-07 15:15:00+00:00,2025-05-07 16:15:00+00:00,LONG,96970.15,96765.46,0.5,-0.0909
2025-05-07 16:25:00+00:00,2025-05-07 17:25:00+00:00,LONG,96525.46,96635.4,0.5,0.0977
2025-05-07 18:10:00+00:00,2025-05-07 19:10:00+00:00,LONG,96229.23,96396.0,0.5,0.1336
2025-05-07 19:30:00+00:00,2025-05-07 20:30:00+00:00,LONG,95800.02,96342.38,0.5,0.259
2025-05-07 20:35:00+00:00,2025-05-07 21:35:00+00:00,LONG,96347.21,96992.06,0.5,0.4035
2025-05-07 22:20:00+00:00,2025-05-07 23:20:00+00:00,LONG,97080.0,97213.94,0.5,0.0843
2025-05-07 23:55:00+00:00,2025-05-08 00:55:00+00:00,LONG,97030.5,97770.01,0.5,0.077
2025-05-08 01:00:00+00:00,2025-05-08 02:00:00+00:00,LONG,97976.41,97899.99,0.5,-0.0818
2025-05-08 02:05:00+00:00,2025-05-08 03:05:00+00:00,LONG,97927.96,98793.99,0.5,0.3737
2025-05-08 03:10:00+00:00,2025-05-08 04:10:00+00:00,LONG,98776.32,99205.36,0.5,0.2206
2025-05-08 06:10:00+00:00,2025-05-08 07:10:00+00:00,LONG,98896.83,99133.44,0.5,0.1378
2025-05-08 08:25:00+00:00,2025-05-08 09:25:00+00:00,LONG,99534.61,99650.79,0.5,0.067
2025-05-08 09:35:00+00:00,2025-05-08 10:35:00+00:00,LONG,99559.42,99750.97,0.5,0.0989
2025-05-08 12:10:00+00:00,2025-05-08 13:10:00+00:00,LONG,99383.82,99260.83,0.5,-0.061
2025-05-08 13:15:00+00:00,2025-05-08 14:15:00+00:00,LONG,99333.64,99393.43,0.5,-0.0801
2025-05-08 14:20:00+00:00,2025-05-08 15:20:00+00:00,LONG,99447.85,100470.59,0.5,0.1617
2025-05-08 15:25:00+00:00,2025-05-08 16:25:00+00:00,LONG,100634.94,100864.89,0.5,0.1478
2025-05-08 16:30:00+00:00,2025-05-08 17:30:00+00:00,LONG,100965.74,101413.89,0.5,0.2761
2025-05-08 17:45:00+00:00,2025-05-08 18:45:00+00:00,LONG,100873.02,101391.99,0.5,0.2198
2025-05-08 18:50:00+00:00,2025-05-08 19:50:00+00:00,LONG,101349.21,101153.55,0.5,-0.0065
2025-05-08 19:55:00+00:00,2025-05-08 20:55:00+00:00,LONG,101299.99,102607.8,0.5,0.554
2025-05-08 21:00:00+00:00,2025-05-08 22:00:00+00:00,LONG,102332.46,102595.4,0.5,0.2416
2025-05-08 22:05:00+00:00,2025-05-08 23:05:00+00:00,LONG,102501.58,102976.28,0.5,0.1809
2025-05-08 23:10:00+00:00,2025-05-09 00:10:00+00:00,LONG,102996.96,103054.24,0.5,0.0446
2025-05-09 01:25:00+00:00,2025-05-09 02:25:00+00:00,LONG,102767.87,102720.01,0.5,-0.018
2025-05-09 04:10:00+00:00,2025-05-09 05:10:00+00:00,LONG,102660.01,102749.5,0.5,0.0955
2025-05-09 05:15:00+00:00,2025-05-09 06:15:00+00:00,LONG,102698.42,103023.92,0.5,0.117
2025-05-09 06:20:00+00:00,2025-05-09 07:20:00+00:00,LONG,103087.71,103727.86,0.5,0.2641
2025-05-09 07:35:00+00:00,2025-05-09 08:35:00+00:00,LONG,103799.76,103285.72,0.5,0.0052
2025-05-09 09:10:00+00:00,2025-05-09 10:10:00+00:00,LONG,102638.22,103039.73,0.5,0.1824
2025-05-09 12:10:00+00:00,2025-05-09 13:10:00+00:00,LONG,102950.9,103149.99,0.5,0.0242
2025-05-09 13:15:00+00:00,2025-05-09 14:15:00+00:00,LONG,103060.61,103344.96,0.5,0.2394
2025-05-09 14:25:00+00:00,2025-05-09 15:25:00+00:00,LONG,102658.94,102878.99,0.5,0.0803
2025-05-09 15:30:00+00:00,2025-05-09 16:30:00+00:00,LONG,102857.15,102799.99,0.5,-0.0518
2025-05-09 16:50:00+00:00,2025-05-09 17:50:00+00:00,LONG,102659.23,103164.54,0.5,0.2747
2025-05-09 19:25:00+00:00,2025-05-09 20:25:00+00:00,LONG,103000.0,103318.08,0.5,0.1626
2025-05-09 23:10:00+00:00,2025-05-10 00:10:00+00:00,LONG,102870.0,102999.99,0.5,0.1007
2025-05-10 02:20:00+00:00,2025-05-10 03:20:00+00:00,LONG,103031.07,103033.63,0.5,0.0011
2025-05-10 03:25:00+00:00,2025-05-10 04:25:00+00:00,LONG,103023.33,103126.99,0.5,0.0811
2025-05-10 05:10:00+00:00,2025-05-10 06:10:00+00:00,LONG,103148.5,103389.87,0.5,0.1586
2025-05-10 06:15:00+00:00,2025-05-10 07:15:00+00:00,LONG,103507.94,103850.0,0.5,0.1399
2025-05-10 09:10:00+00:00,2025-05-10 10:10:00+00:00,LONG,103471.35,103817.92,0.5,0.1605
2025-05-10 16:10:00+00:00,2025-05-10 17:10:00+00:00,LONG,103253.19,103390.75,0.5,0.1012
2025-05-10 18:10:00+00:00,2025-05-10 19:10:00+00:00,LONG,103314.29,103085.53,0.5,-0.1026
2025-05-10 19:15:00+00:00,2025-05-10 20:15:00+00:00,LONG,103205.57,103256.46,0.5,0.0042
2025-05-10 20:20:00+00:00,2025-05-10 21:20:00+00:00,LONG,103228.04,103244.0,0.5,0.0116
2025-05-10 21:25:00+00:00,2025-05-10 22:25:00+00:00,LONG,103229.6,103620.06,0.5,0.2061
2025-05-10 22:45:00+00:00,2025-05-10 23:45:00+00:00,LONG,103666.66,104596.11,0.5,0.3452
2025-05-10 23:50:00+00:00,2025-05-11 00:50:00+00:00,LONG,104739.23,104420.0,0.5,-0.0737
2025-05-11 02:55:00+00:00,2025-05-11 03:55:00+00:00,LONG,103781.06,104007.03,0.5,0.1229
2025-05-11 06:50:00+00:00,2025-05-11 07:50:00+00:00,LONG,103750.49,103424.9,0.5,-0.0998
2025-05-11 08:10:00+00:00,2025-05-11 09:10:00+00:00,LONG,103799.99,104250.0,0.5,0.1093
2025-05-11 09:20:00+00:00,2025-05-11 10:20:00+00:00,LONG,104160.74,104460.32,0.5,0.0338
2025-05-11 10:40:00+00:00,2025-05-11 11:40:00+00:00,LONG,104366.3,104512.46,0.5,0.0219
2025-05-11 11:45:00+00:00,2025-05-11 12:45:00+00:00,LONG,104444.49,104718.77,0.5,0.0602
2025-05-11 14:10:00+00:00,2025-05-11 15:10:00+00:00,LONG,103949.99,104497.69,0.5,0.211
2025-05-11 16:10:00+00:00,2025-05-11 17:10:00+00:00,LONG,104038.28,104039.44,0.5,-0.0377
2025-05-11 17:15:00+00:00,2025-05-11 18:15:00+00:00,LONG,104127.12,104002.52,0.5,-0.0989
2025-05-11 18:20:00+00:00,2025-05-11 19:20:00+00:00,LONG,104002.49,104463.53,0.5,0.2445
2025-05-11 21:10:00+00:00,2025-05-11 22:10:00+00:00,LONG,104012.83,104103.86,0.5,-0.0156
2025-05-11 22:30:00+00:00,2025-05-11 23:30:00+00:00,LONG,103891.44,103914.76,0.5,0.0432
2025-05-11 23:35:00+00:00,2025-05-12 00:35:00+00:00,LONG,103837.97,104476.19,0.5,0.3406
2025-05-12 02:50:00+00:00,2025-05-12 03:50:00+00:00,LONG,103829.56,104040.33,0.5,0.0897
2025-05-12 04:10:00+00:00,2025-05-12 05:10:00+00:00,LONG,104056.0,103920.23,0.5,-0.0493
2025-05-12 05:15:00+00:00,2025-05-12 06:15:00+00:00,LONG,103904.77,103919.96,0.5,0.0166
2025-05-12 06:20:00+00:00,2025-05-12 07:20:00+00:00,LONG,104070.22,105532.27,0.5,0.6055
2025-05-12 08:00:00+00:00,2025-05-12 09:00:00+00:00,LONG,104322.71,104516.85,0.5,0.1394
2025-05-12 10:10:00+00:00,2025-05-12 11:10:00+00:00,LONG,104275.49,104482.1,0.5,0.1431
2025-05-12 13:45:00+00:00,2025-05-12 14:45:00+00:00,LONG,104053.91,103114.34,0.5,-0.2915
2025-05-12 15:45:00+00:00,2025-05-12 16:45:00+00:00,LONG,102397.01,103035.8,0.5,0.2465
2025-05-12 18:10:00+00:00,2025-05-12 19:10:00+00:00,LONG,101965.65,101859.35,0.5,-0.0101
2025-05-12 19:25:00+00:00,2025-05-12 20:25:00+00:00,LONG,101670.42,102249.99,0.5,0.2372
2025-05-12 20:30:00+00:00,2025-05-12 21:30:00+00:00,LONG,102387.3,102468.72,0.5,-0.0162
2025-05-12 21:35:00+00:00,2025-05-12 22:35:00+00:00,LONG,102571.42,102829.32,0.5,0.1183
2025-05-12 23:55:00+00:00,2025-05-13 00:55:00+00:00,LONG,102791.32,102260.01,0.5,-0.2324
2025-05-13 01:40:00+00:00,2025-05-13 02:40:00+00:00,LONG,102249.99,101919.11,0.5,-0.1215
2025-05-13 03:30:00+00:00,2025-05-13 04:30:00+00:00,LONG,101606.15,102555.73,0.5,0.3763
2025-05-13 04:35:00+00:00,2025-05-13 05:35:00+00:00,LONG,102648.79,102336.5,0.5,-0.1434
2025-05-13 05:40:00+00:00,2025-05-13 06:40:00+00:00,LONG,102284.33,102574.71,0.5,0.1282
2025-05-13 06:45:00+00:00,2025-05-13 07:45:00+00:00,LONG,102503.41,102658.54,0.5,0.0789
2025-05-13 07:50:00+00:00,2025-05-13 08:50:00+00:00,LONG,102670.32,102734.36,0.5,0.0128
2025-05-13 08:55:00+00:00,2025-05-13 09:55:00+00:00,LONG,102722.0,103457.03,0.5,0.3751
2025-05-13 10:20:00+00:00,2025-05-13 11:20:00+00:00,LONG,103410.0,103592.8,0.5,0.0625
2025-05-13 11:25:00+00:00,2025-05-13 12:25:00+00:00,LONG,103608.62,103555.1,0.5,-0.0568
2025-05-13 13:05:00+00:00,2025-05-13 14:05:00+00:00,LONG,103560.47,103286.05,0.5,-0.0447
2025-05-13 14:10:00+00:00,2025-05-13 15:10:00+00:00,LONG,103082.14,103740.43,0.5,0.1886
2025-05-13 15:55:00+00:00,2025-05-13 16:55:00+00:00,LONG,103682.55,103725.85,0.5,0.0827
2025-05-13 17:00:00+00:00,2025-05-13 18:00:00+00:00,LONG,103829.97,104309.99,0.5,0.2106
2025-05-13 18:05:00+00:00,2025-05-13 19:05:00+00:00,LONG,104291.7,104170.21,0.5,-0.0019
2025-05-13 19:10:00+00:00,2025-05-13 20:10:00+00:00,LONG,104271.47,104582.08,0.5,0.1095
2025-05-14 04:10:00+00:00,2025-05-14 05:10:00+00:00,LONG,103549.19,103751.67,0.5,0.1256
2025-05-14 07:25:00+00:00,2025-05-14 08:25:00+00:00,LONG,103489.64,103644.83,0.5,0.0827
2025-05-14 09:00:00+00:00,2025-05-14 10:00:00+00:00,LONG,102993.77,103511.0,0.5,0.2383
2025-05-14 10:05:00+00:00,2025-05-14 11:05:00+00:00,LONG,103589.38,103900.02,0.5,0.155
2025-05-14 13:45:00+00:00,2025-05-14 14:45:00+00:00,LONG,103619.04,103327.36,0.5,-0.1608
2025-05-14 15:00:00+00:00,2025-05-14 16:00:00+00:00,LONG,102899.99,103483.56,0.5,0.2976
2025-05-14 17:10:00+00:00,2025-05-14 18:10:00+00:00,LONG,103136.93,103130.84,0.5,0.0183
2025-05-14 18:15:00+00:00,2025-05-14 19:15:00+00:00,LONG,103408.79,103694.87,0.5,0.0675
2025-05-14 20:10:00+00:00,2025-05-14 21:10:00+00:00,LONG,103320.18,103467.05,0.5,0.0985
2025-05-15 08:10:00+00:00,2025-05-15 09:10:00+00:00,LONG,101976.37,102007.5,0.5,0.0448
2025-05-15 09:25:00+00:00,2025-05-15 10:25:00+00:00,LONG,101977.19,101906.34,0.5,-0.0229
2025-05-15 10:35:00+00:00,2025-05-15 11:35:00+00:00,LONG,101710.45,102226.56,0.5,0.2762
2025-05-15 12:10:00+00:00,2025-05-15 13:10:00+00:00,LONG,102300.92,102766.11,0.5,0.1784
2025-05-15 13:35:00+00:00,2025-05-15 14:35:00+00:00,LONG,102172.0,101642.85,0.5,-0.1608
2025-05-15 14:40:00+00:00,2025-05-15 15:40:00+00:00,LONG,101680.01,103000.0,0.5,0.5216
2025-05-15 15:45:00+00:00,2025-05-15 16:45:00+00:00,LONG,103105.85,103714.28,0.5,0.2372
2025-05-15 19:00:00+00:00,2025-05-15 20:00:00+00:00,LONG,102931.01,103378.2,0.5,0.1098
2025-05-15 20:05:00+00:00,2025-05-15 21:05:00+00:00,LONG,103135.88,103142.85,0.5,0.0432
2025-05-15 21:10:00+00:00,2025-05-15 22:10:00+00:00,LONG,103202.91,103777.78,0.5,0.2171
2025-05-15 23:05:00+00:00,2025-05-16 00:05:00+00:00,LONG,103576.05,103760.17,0.5,0.1211
2025-05-16 01:05:00+00:00,2025-05-16 02:05:00+00:00,LONG,103655.54,104205.11,0.5,0.3272
2025-05-16 08:20:00+00:00,2025-05-16 09:20:00+00:00,LONG,103118.77,103698.42,0.5,0.2395
2025-05-16 09:30:00+00:00,2025-05-16 10:30:00+00:00,LONG,103706.03,103805.39,0.5,0.0027
2025-05-16 12:40:00+00:00,2025-05-16 13:40:00+00:00,LONG,103599.71,103739.99,0.5,0.1351
2025-05-16 13:45:00+00:00,2025-05-16 14:45:00+00:00,LONG,103847.6,103564.32,0.5,-0.2428
2025-05-16 14:50:00+00:00,2025-05-16 15:50:00+00:00,LONG,103557.06,103969.01,0.5,0.1816
2025-05-16 19:10:00+00:00,2025-05-16 20:10:00+00:00,LONG,103726.05,103911.41,0.5,0.1054
2025-05-17 00:30:00+00:00,2025-05-17 01:30:00+00:00,LONG,103284.16,102841.27,0.5,-0.1452
2025-05-17 01:35:00+00:00,2025-05-17 02:35:00+00:00,LONG,102873.99,103281.07,0.5,0.1849
2025-05-17 02:40:00+00:00,2025-05-17 03:40:00+00:00,LONG,103260.72,103475.95,0.5,0.0558
2025-05-17 11:10:00+00:00,2025-05-17 12:10:00+00:00,LONG,102767.25,102916.64,0.5,0.092
2025-05-17 16:35:00+00:00,2025-05-17 17:35:00+00:00,LONG,102773.93,103260.86,0.5,0.2262
2025-05-17 19:10:00+00:00,2025-05-17 20:10:00+00:00,LONG,103086.95,103098.04,0.5,0.0271
2025-05-18 00:10:00+00:00,2025-05-18 01:10:00+00:00,LONG,103217.39,103279.05,0.5,0.04
2025-05-18 07:10:00+00:00,2025-05-18 08:10:00+00:00,LONG,103529.19,103902.07,0.5,0.2442
2025-05-18 12:10:00+00:00,2025-05-18 13:10:00+00:00,LONG,103754.32,103913.04,0.5,0.0702
2025-05-18 13:15:00+00:00,2025-05-18 14:15:00+00:00,LONG,103902.01,104606.6,0.5,0.3139
2025-05-18 14:20:00+00:00,2025-05-18 15:20:00+00:00,LONG,104885.41,105311.07,0.5,0.2899
2025-05-18 15:25:00+00:00,2025-05-18 16:25:00+00:00,LONG,105336.09,105466.57,0.5,-0.0585
2025-05-18 18:10:00+00:00,2025-05-18 19:10:00+00:00,LONG,104317.41,104654.71,0.5,0.1588
2025-05-18 20:10:00+00:00,2025-05-18 21:10:00+00:00,LONG,103668.26,104221.83,0.5,0.2781
2025-05-18 21:15:00+00:00,2025-05-18 22:15:00+00:00,LONG,104292.01,104221.23,0.5,-0.0974
2025-05-18 22:20:00+00:00,2025-05-18 23:20:00+00:00,LONG,104702.02,105693.19,0.5,0.4149
2025-05-18 23:25:00+00:00,2025-05-19 00:25:00+00:00,LONG,105879.99,106109.5,0.5,0.1586
2025-05-19 04:10:00+00:00,2025-05-19 05:10:00+00:00,LONG,103670.11,102986.79,0.5,-0.3437
2025-05-19 05:15:00+00:00,2025-05-19 06:15:00+00:00,LONG,102940.63,102842.86,0.5,0.0826
2025-05-19 06:35:00+00:00,2025-05-19 07:35:00+00:00,LONG,102403.19,102957.15,0.5,0.2524
2025-05-19 07:40:00+00:00,2025-05-19 08:40:00+00:00,LONG,103164.9,102980.55,0.5,-0.0128
2025-05-19 12:10:00+00:00,2025-05-19 13:10:00+00:00,LONG,102662.61,102345.36,0.5,-0.0863
2025-05-19 13:15:00+00:00,2025-05-19 14:15:00+00:00,LONG,102428.58,103699.93,0.5,0.5098
2025-05-19 14:20:00+00:00,2025-05-19 15:20:00+00:00,LONG,103531.13,104506.68,0.5,0.4351
2025-05-19 15:25:00+00:00,2025-05-19 16:25:00+00:00,LONG,104457.87,105108.01,0.5,0.2342
2025-05-19 16:30:00+00:00,2025-05-19 17:30:00+00:00,LONG,104869.34,105194.29,0.5,0.1733
2025-05-19 17:40:00+00:00,2025-05-19 18:40:00+00:00,LONG,105281.42,104956.52,0.5,-0.1399
2025-05-19 18:45:00+00:00,2025-05-19 19:45:00+00:00,LONG,104865.12,105497.07,0.5,0.2825
2025-05-19 19:50:00+00:00,2025-05-19 20:50:00+00:00,LONG,105545.46,105383.88,0.5,-0.0459
2025-05-19 21:10:00+00:00,2025-05-19 22:10:00+00:00,LONG,105426.39,105447.53,0.5,0.0534
2025-05-19 22:25:00+00:00,2025-05-19 23:25:00+00:00,LONG,105207.67,105466.14,0.5,0.1603
2025-05-20 01:10:00+00:00,2025-05-20 02:10:00+00:00,LONG,105815.19,106649.89,0.5,0.4024
2025-05-20 03:40:00+00:00,2025-05-20 04:40:00+00:00,LONG,105723.14,105719.38,0.5,0.0117
2025-05-20 07:50:00+00:00,2025-05-20 08:50:00+00:00,LONG,105061.78,105133.25,0.5,0.073
2025-05-20 10:35:00+00:00,2025-05-20 11:35:00+00:00,LONG,105081.0,105329.0,0.5,0.0881
2025-05-20 12:05:00+00:00,2025-05-20 13:05:00+00:00,LONG,105082.49,104660.03,0.5,-0.1371
2025-05-20 13:10:00+00:00,2025-05-20 14:10:00+00:00,LONG,104588.81,104500.0,0.5,-0.0185
2025-05-20 14:55:00+00:00,2025-05-20 15:55:00+00:00,LONG,104519.84,105333.68,0.5,0.334
2025-05-20 16:10:00+00:00,2025-05-20 17:10:00+00:00,LONG,105151.48,106103.86,0.5,0.2816
2025-05-20 17:15:00+00:00,2025-05-20 18:15:00+00:00,LONG,105970.54,106202.42,0.5,0.1429
2025-05-20 18:30:00+00:00,2025-05-20 19:30:00+00:00,LONG,105899.54,106492.48,0.5,0.1932
2025-05-20 19:35:00+00:00,2025-05-20 20:35:00+00:00,LONG,106468.41,106590.9,0.5,0.0951
2025-05-20 20:40:00+00:00,2025-05-20 21:40:00+00:00,LONG,106730.61,106485.71,0.5,-0.1417
2025-05-20 22:10:00+00:00,2025-05-20 23:10:00+00:00,LONG,106326.7,106887.37,0.5,0.2385
2025-05-21 00:30:00+00:00,2025-05-21 01:30:00+00:00,LONG,106624.47,106836.78,0.5,0.0761
2025-05-21 02:05:00+00:00,2025-05-21 03:05:00+00:00,LONG,106205.72,106919.22,0.5,0.2945
2025-05-21 04:10:00+00:00,2025-05-21 05:10:00+00:00,LONG,106866.08,107430.13,0.5,0.2698
2025-05-21 06:10:00+00:00,2025-05-21 07:10:00+00:00,LONG,107410.0,107440.97,0.5,0.1413
2025-05-21 07:40:00+00:00,2025-05-21 08:40:00+00:00,LONG,106656.45,106400.7,0.5,-0.0988
2025-05-21 08:45:00+00:00,2025-05-21 09:45:00+00:00,LONG,106451.95,106103.64,0.5,-0.1479
2025-05-21 09:50:00+00:00,2025-05-21 10:50:00+00:00,LONG,106184.78,106355.13,0.5,0.0461
2025-05-21 11:00:00+00:00,2025-05-21 12:00:00+00:00,LONG,106379.48,106459.55,0.5,0.0784
2025-05-21 12:10:00+00:00,2025-05-21 13:10:00+00:00,LONG,106524.19,106421.49,0.5,-0.033
2025-05-21 13:15:00+00:00,2025-05-21 14:15:00+00:00,LONG,106392.84,107659.05,0.5,0.4835
2025-05-21 14:20:00+00:00,2025-05-21 15:20:00+00:00,LONG,107598.01,109225.61,0.5,0.654
2025-05-21 15:25:00+00:00,2025-05-21 16:25:00+00:00,LONG,108915.0,109117.0,0.5,0.0597
2025-05-21 17:30:00+00:00,2025-05-21 18:30:00+00:00,LONG,107529.4,106908.23,0.5,-0.4066
2025-05-21 18:35:00+00:00,2025-05-21 19:35:00+00:00,LONG,106975.43,108346.01,0.5,0.3031
2025-05-21 19:40:00+00:00,2025-05-21 20:40:00+00:00,LONG,108114.22,107968.58,0.5,-0.0336
2025-05-21 20:45:00+00:00,2025-05-21 21:45:00+00:00,LONG,107980.96,108517.03,0.5,0.2004
2025-05-21 21:50:00+00:00,2025-05-21 22:50:00+00:00,LONG,108343.57,108924.79,0.5,0.2352
2025-05-21 22:55:00+00:00,2025-05-21 23:55:00+00:00,LONG,108739.36,109643.99,0.5,0.4084
2025-05-22 00:10:00+00:00,2025-05-22 01:10:00+00:00,LONG,109967.68,110111.05,0.5,0.1187
2025-05-22 01:20:00+00:00,2025-05-22 02:20:00+00:00,LONG,109893.46,110466.16,0.5,0.1169
2025-05-22 02:25:00+00:00,2025-05-22 03:25:00+00:00,LONG,110440.41,110771.15,0.5,0.1456
2025-05-22 03:30:00+00:00,2025-05-22 04:30:00+00:00,LONG,110877.47,111404.01,0.5,0.2749
2025-05-22 07:00:00+00:00,2025-05-22 08:00:00+00:00,LONG,110641.76,110968.5,0.5,0.1821
2025-05-22 08:35:00+00:00,2025-05-22 09:35:00+00:00,LONG,110594.24,110740.81,0.5,0.0116
2025-05-22 09:40:00+00:00,2025-05-22 10:40:00+00:00,LONG,110645.99,110913.05,0.5,0.0897
2025-05-22 10:55:00+00:00,2025-05-22 11:55:00+00:00,LONG,110805.22,110981.97,0.5,0.1338
2025-05-22 12:10:00+00:00,2025-05-22 13:10:00+00:00,LONG,110820.93,111268.01,0.5,0.2356
2025-05-22 14:00:00+00:00,2025-05-22 15:00:00+00:00,LONG,110921.44,110940.01,0.5,-0.0106
2025-05-22 15:05:00+00:00,2025-05-22 16:05:00+00:00,LONG,110944.35,111391.3,0.5,0.2062
2025-05-22 20:10:00+00:00,2025-05-22 21:10:00+00:00,LONG,111284.55,111003.48,0.5,-0.1522
2025-05-22 21:15:00+00:00,2025-05-22 22:15:00+00:00,LONG,111055.05,111150.52,0.5,0.0085
2025-05-22 22:25:00+00:00,2025-05-22 23:25:00+00:00,LONG,111056.9,111253.22,0.5,0.0356
2025-05-22 23:30:00+00:00,2025-05-23 00:30:00+00:00,LONG,111423.74,111415.86,0.5,0.0245
2025-05-23 04:40:00+00:00,2025-05-23 05:40:00+00:00,LONG,110634.9,110782.0,0.5,0.0808
2025-05-23 12:00:00+00:00,2025-05-23 13:00:00+00:00,LONG,108642.3,108050.0,0.5,-0.1057
2025-05-23 13:05:00+00:00,2025-05-23 14:05:00+00:00,LONG,108220.57,109709.14,0.5,0.8121
2025-05-23 14:30:00+00:00,2025-05-23 15:30:00+00:00,LONG,109750.0,109739.13,0.5,-0.1634
2025-05-23 16:10:00+00:00,2025-05-23 17:10:00+00:00,LONG,108663.39,109499.99,0.5,0.2932
2025-05-23 18:05:00+00:00,2025-05-23 19:05:00+00:00,LONG,109288.68,109006.56,0.5,-0.2565
2025-05-23 19:55:00+00:00,2025-05-23 20:55:00+00:00,LONG,108716.07,108236.53,0.5,-0.195
2025-05-23 21:10:00+00:00,2025-05-23 22:10:00+00:00,LONG,108318.19,108492.3,0.5,0.014
2025-05-23 22:55:00+00:00,2025-05-23 23:55:00+00:00,LONG,107797.37,107318.3,0.5,-0.2883
2025-05-24 00:00:00+00:00,2025-05-24 01:00:00+00:00,LONG,106913.88,107486.99,0.5,0.2113
2025-05-24 01:05:00+00:00,2025-05-24 02:05:00+00:00,LONG,107726.0,107609.91,0.5,-0.0957
2025-05-24 02:10:00+00:00,2025-05-24 03:10:00+00:00,LONG,107615.54,108048.74,0.5,0.1644
2025-05-24 03:15:00+00:00,2025-05-24 04:15:00+00:00,LONG,108138.46,108470.42,0.5,0.0936
2025-05-24 08:10:00+00:00,2025-05-24 09:10:00+00:00,LONG,107858.55,108203.51,0.5,0.2022
2025-05-24 09:40:00+00:00,2025-05-24 10:40:00+00:00,LONG,108235.72,108959.76,0.5,0.2186
2025-05-24 10:45:00+00:00,2025-05-24 11:45:00+00:00,LONG,109207.53,109299.99,0.5,-0.0149
2025-05-24 11:55:00+00:00,2025-05-24 12:55:00+00:00,LONG,109208.56,108776.63,0.5,-0.1747
2025-05-24 14:30:00+00:00,2025-05-24 15:30:00+00:00,LONG,108859.93,108933.98,0.5,0.0427
2025-05-24 23:10:00+00:00,2025-05-25 00:10:00+00:00,LONG,108065.2,107933.01,0.5,-0.0168
2025-05-25 00:20:00+00:00,2025-05-25 01:20:00+00:00,LONG,107874.99,107762.0,0.5,-0.1099
2025-05-25 01:55:00+00:00,2025-05-25 02:55:00+00:00,LONG,107656.22,107928.8,0.5,0.1483
2025-05-25 04:05:00+00:00,2025-05-25 05:05:00+00:00,LONG,108045.46,108187.76,0.5,0.0886
2025-05-25 08:50:00+00:00,2025-05-25 09:50:00+00:00,LONG,107000.01,107108.96,0.5,0.0091
2025-05-25 09:55:00+00:00,2025-05-25 10:55:00+00:00,LONG,107131.67,106946.4,0.5,-0.03
2025-05-25 11:05:00+00:00,2025-05-25 12:05:00+00:00,LONG,107019.82,107315.46,0.5,0.0913
2025-05-25 15:05:00+00:00,2025-05-25 16:05:00+00:00,LONG,107195.99,106984.0,0.5,-0.1044
2025-05-25 16:10:00+00:00,2025-05-25 17:10:00+00:00,LONG,106901.74,107258.52,0.5,0.152
2025-05-25 17:20:00+00:00,2025-05-25 18:20:00+00:00,LONG,107293.27,107498.06,0.5,0.0456
2025-05-25 19:10:00+00:00,2025-05-25 20:10:00+00:00,LONG,107442.91,107527.28,0.5,0.0599
2025-05-25 20:15:00+00:00,2025-05-25 21:15:00+00:00,LONG,107493.99,107800.01,0.5,0.1732
2025-05-25 21:25:00+00:00,2025-05-25 22:25:00+00:00,LONG,107460.0,108330.87,0.5,0.4734
2025-05-25 22:30:00+00:00,2025-05-25 23:30:00+00:00,LONG,108466.29,108726.01,0.5,0.0812
2025-05-25 23:35:00+00:00,2025-05-26 00:35:00+00:00,LONG,108823.2,109199.98,0.5,0.057
2025-05-26 00:40:00+00:00,2025-05-26 01:40:00+00:00,LONG,109188.0,109635.9,0.5,0.1278
2025-05-26 02:40:00+00:00,2025-05-26 03:40:00+00:00,LONG,109297.12,109663.01,0.5,0.1784
2025-05-26 04:05:00+00:00,2025-05-26 05:05:00+00:00,LONG,109655.7,109474.76,0.5,-0.0637
2025-05-26 05:10:00+00:00,2025-05-26 06:10:00+00:00,LONG,109436.83,109560.88,0.5,0.1119
2025-05-26 06:15:00+00:00,2025-05-26 07:15:00+00:00,LONG,109569.28,110000.0,0.5,0.1217
2025-05-26 07:25:00+00:00,2025-05-26 08:25:00+00:00,LONG,109859.32,109809.38,0.5,-0.0327
2025-05-26 12:50:00+00:00,2025-05-26 13:50:00+00:00,LONG,110010.42,109574.46,0.5,-0.0966
2025-05-26 13:55:00+00:00,2025-05-26 14:55:00+00:00,LONG,109595.65,109652.51,0.5,0.0376
2025-05-26 15:00:00+00:00,2025-05-26 16:00:00+00:00,LONG,109610.09,110102.36,0.5,0.182
2025-05-26 19:40:00+00:00,2025-05-26 20:40:00+00:00,LONG,108999.99,109449.64,0.5,0.2162
2025-05-26 22:55:00+00:00,2025-05-26 23:55:00+00:00,LONG,109190.48,109434.79,0.5,0.1
2025-05-27 00:05:00+00:00,2025-05-27 01:05:00+00:00,LONG,109434.78,108928.4,0.5,-0.2219
2025-05-27 01:15:00+00:00,2025-05-27 02:15:00+00:00,LONG,108150.94,108369.0,0.5,0.0983
2025-05-27 02:55:00+00:00,2025-05-27 03:55:00+00:00,LONG,108272.72,108892.16,0.5,0.2921
2025-05-27 05:00:00+00:00,2025-05-27 06:00:00+00:00,LONG,108881.45,109052.0,0.5,0.0192
2025-05-27 06:05:00+00:00,2025-05-27 07:05:00+00:00,LONG,109031.26,109071.48,0.5,-0.0255
2025-05-27 07:10:00+00:00,2025-05-27 08:10:00+00:00,LONG,109060.9,109653.18,0.5,0.308
2025-05-27 09:20:00+00:00,2025-05-27 10:20:00+00:00,LONG,109496.64,109734.92,0.5,0.1502
2025-05-27 12:15:00+00:00,2025-05-27 13:15:00+00:00,LONG,109641.76,110661.6,0.5,0.3328
2025-05-27 13:45:00+00:00,2025-05-27 14:45:00+00:00,LONG,110135.2,109565.6,0.5,-0.219
2025-05-27 14:50:00+00:00,2025-05-27 15:50:00+00:00,LONG,109457.64,110181.59,0.5,0.2774
2025-05-27 15:55:00+00:00,2025-05-27 16:55:00+00:00,LONG,110140.11,110217.39,0.5,0.095
2025-05-27 17:25:00+00:00,2025-05-27 18:25:00+00:00,LONG,110116.7,110057.44,0.5,0.0019
2025-05-27 19:10:00+00:00,2025-05-27 20:10:00+00:00,LONG,109755.4,109762.64,0.5,0.0234
2025-05-27 22:15:00+00:00,2025-05-27 23:15:00+00:00,LONG,108695.93,109074.18,0.5,0.1647
2025-05-28 00:10:00+00:00,2025-05-28 01:10:00+00:00,LONG,108707.6,108966.01,0.5,0.0981
2025-05-28 02:15:00+00:00,2025-05-28 03:15:00+00:00,LONG,108666.55,108806.44,0.5,0.0793
2025-05-28 03:25:00+00:00,2025-05-28 04:25:00+00:00,LONG,108714.41,108668.02,0.5,-0.0236
2025-05-28 04:30:00+00:00,2025-05-28 05:30:00+00:00,LONG,108737.99,109022.68,0.5,0.0971
2025-05-28 08:10:00+00:00,2025-05-28 09:10:00+00:00,LONG,108737.99,108772.8,0.5,0.0782
2025-05-28 09:30:00+00:00,2025-05-28 10:30:00+00:00,LONG,108607.49,108708.58,0.5,0.0133
2025-05-28 10:45:00+00:00,2025-05-28 11:45:00+00:00,LONG,108793.66,108842.07,0.5,0.0003
2025-05-28 16:10:00+00:00,2025-05-28 17:10:00+00:00,LONG,107283.32,107649.98,0.5,0.2195
2025-05-28 17:35:00+00:00,2025-05-28 18:35:00+00:00,LONG,107419.3,107539.99,0.5,0.0472
2025-05-28 19:55:00+00:00,2025-05-28 20:55:00+00:00,LONG,106946.01,107318.18,0.5,0.1279
2025-05-28 21:00:00+00:00,2025-05-28 22:00:00+00:00,LONG,107230.11,107404.01,0.5,0.1237
2025-05-28 22:05:00+00:00,2025-05-28 23:05:00+00:00,LONG,107313.97,107674.24,0.5,0.1288
2025-05-29 00:05:00+00:00,2025-05-29 01:05:00+00:00,LONG,107526.17,107984.93,0.5,0.2416
2025-05-29 01:30:00+00:00,2025-05-29 02:30:00+00:00,LONG,107883.19,108150.79,0.5,0.0907
2025-05-29 02:40:00+00:00,2025-05-29 03:40:00+00:00,LONG,108126.1,108036.0,0.5,-0.0583
2025-05-29 04:00:00+00:00,2025-05-29 05:00:00+00:00,LONG,108106.93,107597.84,0.5,-0.2515
2025-05-29 05:05:00+00:00,2025-05-29 06:05:00+00:00,LONG,107636.36,107716.92,0.5,0.033
2025-05-29 06:10:00+00:00,2025-05-29 07:10:00+00:00,LONG,107753.94,107993.57,0.5,0.0047
2025-05-29 08:10:00+00:00,2025-05-29 09:10:00+00:00,LONG,107940.01,108523.76,0.5,0.1998
2025-05-29 09:40:00+00:00,2025-05-29 10:40:00+00:00,LONG,108405.17,108526.0,0.5,0.0486
2025-05-29 10:45:00+00:00,2025-05-29 11:45:00+00:00,LONG,108605.01,108761.9,0.5,0.0596
2025-05-29 11:55:00+00:00,2025-05-29 12:55:00+00:00,LONG,108779.84,108434.78,0.5,-0.0991
2025-05-29 14:10:00+00:00,2025-05-29 15:10:00+00:00,LONG,107401.62,107484.99,0.5,0.0589
2025-06-08 09:10:00+00:00,2025-06-08 10:10:00+00:00,LONG,105311.92,105001.01,0.5,-0.1347
2025-06-08 10:15:00+00:00,2025-06-08 11:15:00+00:00,LONG,105089.6,105530.0,0.5,0.1783
2025-06-08 12:40:00+00:00,2025-06-08 13:40:00+00:00,LONG,105582.76,105876.61,0.5,0.1241
2025-06-08 14:25:00+00:00,2025-06-08 15:25:00+00:00,LONG,105740.37,106000.0,0.5,0.1167
2025-06-08 18:10:00+00:00,2025-06-08 19:10:00+00:00,LONG,106215.71,106318.38,0.5,0.0565
2025-06-08 23:10:00+00:00,2025-06-09 00:10:00+00:00,LONG,105660.17,105686.28,0.5,0.0238
2025-06-09 03:10:00+00:00,2025-06-09 04:10:00+00:00,LONG,105443.67,105679.05,0.5,0.1223
2025-06-09 06:10:00+00:00,2025-06-09 07:10:00+00:00,LONG,105397.82,105567.91,0.5,0.076
2025-06-09 08:10:00+00:00,2025-06-09 09:10:00+00:00,LONG,105594.0,105906.98,0.5,0.1156
2025-06-09 09:15:00+00:00,2025-06-09 10:15:00+00:00,LONG,105895.67,107339.91,0.5,0.6011
2025-06-09 10:20:00+00:00,2025-06-09 11:20:00+00:00,LONG,107263.21,107465.95,0.5,0.0587
2025-06-09 11:25:00+00:00,2025-06-09 12:25:00+00:00,LONG,107434.41,107574.86,0.5,0.069
2025-06-09 13:55:00+00:00,2025-06-09 14:55:00+00:00,LONG,107026.47,107610.33,0.5,0.2416
2025-06-09 16:40:00+00:00,2025-06-09 17:40:00+00:00,LONG,107945.93,108298.75,0.5,0.1817
2025-06-09 17:45:00+00:00,2025-06-09 18:45:00+00:00,LONG,108381.34,108340.0,0.5,-0.0006
2025-06-09 18:50:00+00:00,2025-06-09 19:50:00+00:00,LONG,108340.0,108448.0,0.5,0.1104
2025-06-09 19:55:00+00:00,2025-06-09 20:55:00+00:00,LONG,108564.72,108706.74,0.5,0.0632
2025-06-09 21:00:00+00:00,2025-06-09 22:00:00+00:00,LONG,108833.2,110003.87,0.5,0.5213
2025-06-09 22:05:00+00:00,2025-06-09 23:05:00+00:00,LONG,109850.91,110011.89,0.5,0.1245
2025-06-09 23:10:00+00:00,2025-06-10 00:10:00+00:00,LONG,109923.0,109971.01,0.5,0.0477
2025-06-10 06:15:00+00:00,2025-06-10 07:15:00+00:00,LONG,109314.65,109367.91,0.5,0.0364
2025-06-10 08:55:00+00:00,2025-06-10 09:55:00+00:00,LONG,109082.65,109508.78,0.5,0.1474
2025-06-10 10:05:00+00:00,2025-06-10 11:05:00+00:00,LONG,109450.17,109258.58,0.5,-0.0778
2025-06-10 11:10:00+00:00,2025-06-10 12:10:00+00:00,LONG,109439.18,109462.73,0.5,0.0242
2025-06-10 12:15:00+00:00,2025-06-10 13:15:00+00:00,LONG,109573.43,109900.0,0.5,0.095
2025-06-10 13:45:00+00:00,2025-06-10 14:45:00+00:00,LONG,109041.44,108672.86,0.5,-0.2028
2025-06-10 14:50:00+00:00,2025-06-10 15:50:00+00:00,LONG,108661.5,108963.77,0.5,0.0374
2025-06-10 15:55:00+00:00,2025-06-10 16:55:00+00:00,LONG,109015.42,108720.61,0.5,-0.1449
2025-06-10 17:00:00+00:00,2025-06-10 18:00:00+00:00,LONG,108774.04,108630.27,0.5,-0.0288
2025-06-10 18:05:00+00:00,2025-06-10 19:05:00+00:00,LONG,108750.09,109474.19,0.5,0.2829
2025-06-10 20:05:00+00:00,2025-06-10 21:05:00+00:00,LONG,109403.49,109847.63,0.5,0.198
2025-06-10 21:25:00+00:00,2025-06-10 22:25:00+00:00,LONG,109793.23,109955.41,0.5,0.0668
2025-06-10 22:40:00+00:00,2025-06-10 23:40:00+00:00,LONG,109764.75,110169.77,0.5,0.1389
2025-06-11 00:05:00+00:00,2025-06-11 01:05:00+00:00,LONG,110116.62,109666.28,0.5,-0.1452
2025-06-11 12:10:00+00:00,2025-06-11 13:10:00+00:00,LONG,109373.08,109618.26,0.5,0.151
2025-06-11 13:15:00+00:00,2025-06-11 14:15:00+00:00,LONG,109753.87,110270.49,0.5,0.1075
2025-06-11 14:40:00+00:00,2025-06-11 15:40:00+00:00,LONG,110049.16,109740.17,0.5,-0.1087
2025-06-11 15:45:00+00:00,2025-06-11 16:45:00+00:00,LONG,109857.52,109428.79,0.5,-0.1681
2025-06-11 18:20:00+00:00,2025-06-11 19:20:00+00:00,LONG,108709.91,108856.31,0.5,0.0326
2025-06-11 20:10:00+00:00,2025-06-11 21:10:00+00:00,LONG,108849.06,109218.17,0.5,0.0544
2025-06-11 22:00:00+00:00,2025-06-11 23:00:00+00:00,LONG,108498.21,108470.45,0.5,-0.0253
2025-06-11 23:05:00+00:00,2025-06-12 00:05:00+00:00,LONG,108491.39,108643.38,0.5,0.0453
2025-06-12 04:10:00+00:00,2025-06-12 05:10:00+00:00,LONG,107729.4,107710.49,0.5,-0.0523
2025-06-12 05:45:00+00:00,2025-06-12 06:45:00+00:00,LONG,107705.19,107900.0,0.5,0.1213
2025-06-12 12:10:00+00:00,2025-06-12 13:10:00+00:00,LONG,106916.66,107061.6,0.5,0.0839
2025-06-12 13:15:00+00:00,2025-06-12 14:15:00+00:00,LONG,107023.14,107511.3,0.5,0.2126
2025-06-12 16:10:00+00:00,2025-06-12 17:10:00+00:00,LONG,107340.45,107879.7,0.5,0.2414
2025-06-12 19:55:00+00:00,2025-06-12 20:55:00+00:00,LONG,106788.8,105973.62,0.5,-0.4579
2025-06-13 00:05:00+00:00,2025-06-13 01:05:00+00:00,LONG,104629.92,103054.07,0.5,-0.6658
2025-06-13 01:10:00+00:00,2025-06-13 02:10:00+00:00,LONG,102906.36,103732.86,0.5,0.3442
2025-06-13 02:40:00+00:00,2025-06-13 03:40:00+00:00,LONG,103168.2,104157.39,0.5,0.4909
2025-06-16 16:10:00+00:00,2025-06-16 17:10:00+00:00,LONG,107677.31,107745.38,0.5,-0.0108
2025-06-16 17:40:00+00:00,2025-06-16 18:40:00+00:00,LONG,107830.0,108084.62,0.5,0.125
2025-06-16 18:45:00+00:00,2025-06-16 19:45:00+00:00,LONG,108087.3,108599.83,0.5,0.1959
2025-06-16 23:55:00+00:00,2025-06-17 00:55:00+00:00,LONG,106794.53,107238.63,0.5,0.1721
2025-06-17 01:00:00+00:00,2025-06-17 02:00:00+00:00,LONG,107199.22,107100.0,0.5,-0.012
2025-06-17 02:05:00+00:00,2025-06-17 03:05:00+00:00,LONG,107164.09,107568.49,0.5,0.1157
2025-06-17 03:25:00+00:00,2025-06-17 04:25:00+00:00,LONG,107405.38,107489.88,0.5,0.0659
2025-06-24 16:10:00+00:00,2025-06-24 17:10:00+00:00,LONG,105253.94,105940.32,0.5,0.3639
2025-06-24 18:45:00+00:00,2025-06-24 19:45:00+00:00,LONG,105779.76,105378.65,0.5,-0.1555
2025-06-24 19:50:00+00:00,2025-06-24 20:50:00+00:00,LONG,105461.0,106003.91,0.5,0.2673
2025-06-24 21:05:00+00:00,2025-06-24 22:05:00+00:00,LONG,105896.74,105959.99,0.5,-0.0589
2025-06-24 22:15:00+00:00,2025-06-24 23:15:00+00:00,LONG,105876.64,105834.59,0.5,-0.0057
2025-06-24 23:20:00+00:00,2025-06-25 00:20:00+00:00,LONG,105774.9,106136.4,0.5,0.2269
2025-06-25 00:25:00+00:00,2025-06-25 01:25:00+00:00,LONG,106152.91,106145.29,0.5,-0.0426
2025-06-25 01:30:00+00:00,2025-06-25 02:30:00+00:00,LONG,106159.55,106487.43,0.5,0.1792
2025-06-25 04:10:00+00:00,2025-06-25 05:10:00+00:00,LONG,106178.08,106166.39,0.5,-0.0121
2025-06-25 05:20:00+00:00,2025-06-25 06:20:00+00:00,LONG,106056.82,106310.49,0.5,0.062
2025-06-25 07:10:00+00:00,2025-06-25 08:10:00+00:00,LONG,106382.0,106620.99,0.5,0.1017
2025-06-25 08:15:00+00:00,2025-06-25 09:15:00+00:00,LONG,106524.03,106853.5,0.5,0.1408
2025-06-25 09:40:00+00:00,2025-06-25 10:40:00+00:00,LONG,106506.68,106998.12,0.5,0.2218
2025-06-25 10:45:00+00:00,2025-06-25 11:45:00+00:00,LONG,107071.57,107144.79,0.5,0.0538
2025-06-25 12:05:00+00:00,2025-06-25 13:05:00+00:00,LONG,107066.35,107248.73,0.5,0.0773
2025-06-25 13:10:00+00:00,2025-06-25 14:10:00+00:00,LONG,107409.31,107906.0,0.5,0.3108
2025-06-25 14:20:00+00:00,2025-06-25 15:20:00+00:00,LONG,107630.75,107157.74,0.5,-0.2692
2025-06-25 15:35:00+00:00,2025-06-25 16:35:00+00:00,LONG,107050.05,107196.01,0.5,0.0575
2025-06-25 16:40:00+00:00,2025-06-25 17:40:00+00:00,LONG,107175.24,107001.92,0.5,0.0274
2025-06-25 17:45:00+00:00,2025-06-25 18:45:00+00:00,LONG,107116.08,107395.26,0.5,0.149
2025-06-25 18:50:00+00:00,2025-06-25 19:50:00+00:00,LONG,107356.5,107637.94,0.5,0.2054
2025-06-25 19:55:00+00:00,2025-06-25 20:55:00+00:00,LONG,107761.68,107781.2,0.5,0.0349
2025-06-25 23:10:00+00:00,2025-06-26 00:10:00+00:00,LONG,107298.0,107507.84,0.5,0.0683
2025-06-26 00:35:00+00:00,2025-06-26 01:35:00+00:00,LONG,107368.27,107539.43,0.5,0.1451
2025-06-26 01:40:00+00:00,2025-06-26 02:40:00+00:00,LONG,107629.88,107719.11,0.5,0.0604
2025-06-26 02:45:00+00:00,2025-06-26 03:45:00+00:00,LONG,107602.8,107892.66,0.5,0.1136
2025-06-26 13:15:00+00:00,2025-06-26 14:15:00+00:00,LONG,107051.11,106992.02,0.5,-0.0056
2025-06-26 14:20:00+00:00,2025-06-26 15:20:00+00:00,LONG,107063.05,107376.59,0.5,0.1469
2025-06-26 15:30:00+00:00,2025-06-26 16:30:00+00:00,LONG,106723.92,107205.59,0.5,0.2377
2025-06-26 16:40:00+00:00,2025-06-26 17:40:00+00:00,LONG,107169.51,107289.63,0.5,0.0399
2025-06-26 18:30:00+00:00,2025-06-26 19:30:00+00:00,LONG,107275.01,107549.99,0.5,0.0847
2025-06-27 00:45:00+00:00,2025-06-27 01:45:00+00:00,LONG,106840.01,107128.2,0.5,0.1239
2025-06-27 01:50:00+00:00,2025-06-27 02:50:00+00:00,LONG,107166.26,107250.49,0.5,0.0414
2025-06-27 03:10:00+00:00,2025-06-27 04:10:00+00:00,LONG,107168.79,107427.72,0.5,0.1258
2025-06-27 08:10:00+00:00,2025-06-27 09:10:00+00:00,LONG,106889.06,106811.09,0.5,-0.0122
2025-06-27 09:15:00+00:00,2025-06-27 10:15:00+00:00,LONG,106907.06,107035.01,0.5,0.0482
2025-06-27 12:40:00+00:00,2025-06-27 13:40:00+00:00,LONG,106756.03,106855.0,0.5,0.0796
2025-06-27 13:45:00+00:00,2025-06-27 14:45:00+00:00,LONG,106549.61,106602.0,0.5,-0.0031
2025-06-27 14:55:00+00:00,2025-06-27 15:55:00+00:00,LONG,106557.79,107308.25,0.5,0.3928
2025-06-27 18:40:00+00:00,2025-06-27 19:40:00+00:00,LONG,106554.25,106810.18,0.5,0.0934
2025-06-27 20:25:00+00:00,2025-06-27 21:25:00+00:00,LONG,107033.33,107169.59,0.5,0.0118
2025-06-28 01:25:00+00:00,2025-06-28 02:25:00+00:00,LONG,106835.27,107178.15,0.5,0.1519
2025-06-29 08:10:00+00:00,2025-06-29 09:10:00+00:00,LONG,107449.33,107733.48,0.5,0.1075
2025-06-29 09:15:00+00:00,2025-06-29 10:15:00+00:00,LONG,107804.95,108185.6,0.5,0.1616
2025-06-29 10:40:00+00:00,2025-06-29 11:40:00+00:00,LONG,108000.01,108196.0,0.5,0.0897
2025-06-29 11:45:00+00:00,2025-06-29 12:45:00+00:00,LONG,108246.66,108125.77,0.5,-0.0981
2025-06-29 21:00:00+00:00,2025-06-29 22:00:00+00:00,LONG,107301.36,107748.55,0.5,0.1127
2025-06-29 22:05:00+00:00,2025-06-29 23:05:00+00:00,LONG,107777.26,108141.58,0.5,0.2052
2025-06-30 10:10:00+00:00,2025-06-30 11:10:00+00:00,LONG,107460.0,107717.39,0.5,0.111
2025-06-30 14:55:00+00:00,2025-06-30 15:55:00+00:00,LONG,106803.32,107580.46,0.5,0.3158
2025-06-30 16:25:00+00:00,2025-06-30 17:25:00+00:00,LONG,107286.85,107745.03,0.5,0.1783
2025-06-30 19:10:00+00:00,2025-06-30 20:10:00+00:00,LONG,107395.95,107557.75,0.5,0.099
2025-07-01 00:25:00+00:00,2025-07-01 01:25:00+00:00,LONG,107169.7,107407.54,0.5,0.1542
2025-07-01 03:15:00+00:00,2025-07-01 04:15:00+00:00,LONG,107169.7,107092.23,0.5,0.0048
2025-07-01 05:10:00+00:00,2025-07-01 06:10:00+00:00,LONG,106790.11,106788.69,0.5,0.0065
2025-07-01 06:15:00+00:00,2025-07-01 07:15:00+00:00,LONG,106788.39,106682.4,0.5,0.0653
2025-07-01 07:20:00+00:00,2025-07-01 08:20:00+00:00,LONG,106694.12,106950.0,0.5,0.1
2025-07-01 13:10:00+00:00,2025-07-01 14:10:00+00:00,LONG,106469.56,107123.91,0.5,0.2587
2025-07-01 15:10:00+00:00,2025-07-01 16:10:00+00:00,LONG,105659.97,106248.0,0.5,0.1907
2025-07-01 20:10:00+00:00,2025-07-01 21:10:00+00:00,LONG,105452.84,105885.38,0.5,0.169
2025-07-01 21:55:00+00:00,2025-07-01 22:55:00+00:00,LONG,105784.13,105613.22,0.5,-0.0194
2025-07-01 23:00:00+00:00,2025-07-02 00:00:00+00:00,LONG,105471.18,105708.4,0.5,0.0994
2025-07-02 00:05:00+00:00,2025-07-02 01:05:00+00:00,LONG,105628.09,105403.65,0.5,-0.1081
2025-07-02 01:10:00+00:00,2025-07-02 02:10:00+00:00,LONG,105415.53,105583.82,0.5,0.1278
2025-07-02 02:15:00+00:00,2025-07-02 03:15:00+00:00,LONG,105535.49,106012.8,0.5,0.2505
2025-07-02 04:10:00+00:00,2025-07-02 05:10:00+00:00,LONG,106219.61,106310.07,0.5,0.0425
2025-07-02 05:15:00+00:00,2025-07-02 06:15:00+00:00,LONG,106485.7,106802.19,0.5,0.1238
2025-07-02 06:20:00+00:00,2025-07-02 07:20:00+00:00,LONG,106750.64,106905.0,0.5,0.0478
2025-07-02 07:25:00+00:00,2025-07-02 08:25:00+00:00,LONG,106879.6,107630.89,0.5,0.3481
2025-07-02 08:50:00+00:00,2025-07-02 09:50:00+00:00,LONG,107677.35,107633.97,0.5,-0.0081
2025-07-02 10:15:00+00:00,2025-07-02 11:15:00+00:00,LONG,107749.99,107786.5,0.5,0.0261
2025-07-02 11:40:00+00:00,2025-07-02 12:40:00+00:00,LONG,107538.83,107225.25,0.5,-0.1067
2025-07-02 12:45:00+00:00,2025-07-02 13:45:00+00:00,LONG,107308.15,107863.56,0.5,0.2081
2025-07-02 13:50:00+00:00,2025-07-02 14:50:00+00:00,LONG,107717.03,108005.96,0.5,0.1499
2025-07-02 14:55:00+00:00,2025-07-02 15:55:00+00:00,LONG,108139.99,108737.74,0.5,0.187
2025-07-02 16:00:00+00:00,2025-07-02 17:00:00+00:00,LONG,108887.99,109491.68,0.5,0.2405
2025-07-02 17:05:00+00:00,2025-07-02 18:05:00+00:00,LONG,109386.32,109082.19,0.5,-0.0767
2025-07-02 18:10:00+00:00,2025-07-02 19:10:00+00:00,LONG,109119.99,109405.08,0.5,0.1016
2025-07-02 19:15:00+00:00,2025-07-02 20:15:00+00:00,LONG,109428.39,109265.11,0.5,0.0054
2025-07-02 21:10:00+00:00,2025-07-02 22:10:00+00:00,LONG,109227.3,109270.23,0.5,0.0021
2025-07-03 04:10:00+00:00,2025-07-03 05:10:00+00:00,LONG,108816.17,109076.93,0.5,0.1507
2025-07-03 05:15:00+00:00,2025-07-03 06:15:00+00:00,LONG,109108.01,109300.0,0.5,0.0723
2025-07-03 08:55:00+00:00,2025-07-03 09:55:00+00:00,LONG,109377.57,109942.2,0.5,0.2626
2025-07-03 10:30:00+00:00,2025-07-03 11:30:00+00:00,LONG,109736.95,109622.96,0.5,-0.0466
2025-07-03 12:40:00+00:00,2025-07-03 13:40:00+00:00,LONG,108941.86,110076.98,0.5,0.435
2025-07-03 16:10:00+00:00,2025-07-03 17:10:00+00:00,LONG,109330.21,109559.49,0.5,0.0549
2025-07-03 17:25:00+00:00,2025-07-03 18:25:00+00:00,LONG,109455.99,109620.28,0.5,-0.0031
2025-07-03 18:30:00+00:00,2025-07-03 19:30:00+00:00,LONG,109525.13,109706.31,0.5,0.1608
2025-07-03 19:50:00+00:00,2025-07-03 20:50:00+00:00,LONG,109733.03,109899.99,0.5,0.0669
2025-07-04 08:10:00+00:00,2025-07-04 09:10:00+00:00,LONG,108575.19,108900.0,0.5,0.1325
2025-07-04 14:10:00+00:00,2025-07-04 15:10:00+00:00,LONG,107749.01,107752.55,0.5,0.0092
2025-07-04 16:10:00+00:00,2025-07-04 17:10:00+00:00,LONG,107447.98,107731.01,0.5,0.1586
2025-07-04 17:15:00+00:00,2025-07-04 18:15:00+00:00,LONG,107858.44,107720.75,0.5,-0.0303
2025-07-04 19:10:00+00:00,2025-07-04 20:10:00+00:00,LONG,107551.16,107619.47,0.5,0.0044
2025-07-04 21:00:00+00:00,2025-07-04 22:00:00+00:00,LONG,107732.35,107933.62,0.5,0.0829
2025-07-04 22:15:00+00:00,2025-07-04 23:15:00+00:00,LONG,108080.01,108057.36,0.5,0.0164
2025-07-05 00:10:00+00:00,2025-07-05 01:10:00+00:00,LONG,108019.99,108081.4,0.5,0.0623
2025-07-05 02:10:00+00:00,2025-07-05 03:10:00+00:00,LONG,107895.64,108114.53,0.5,0.1214
2025-07-06 12:10:00+00:00,2025-07-06 13:10:00+00:00,LONG,108054.0,108228.17,0.5,0.0766
2025-07-06 13:15:00+00:00,2025-07-06 14:15:00+00:00,LONG,108229.7,108799.0,0.5,0.2687
2025-07-06 14:45:00+00:00,2025-07-06 15:45:00+00:00,LONG,108849.06,108787.06,0.5,-0.0368
2025-07-06 15:50:00+00:00,2025-07-06 16:50:00+00:00,LONG,108806.44,108866.0,0.5,0.0036
2025-07-06 21:00:00+00:00,2025-07-06 22:00:00+00:00,LONG,108715.93,109351.47,0.5,0.2259
2025-07-06 23:10:00+00:00,2025-07-07 00:10:00+00:00,LONG,109227.99,109273.06,0.5,-0.0415
2025-07-07 00:40:00+00:00,2025-07-07 01:40:00+00:00,LONG,108847.16,109026.8,0.5,0.0995
2025-07-07 01:50:00+00:00,2025-07-07 02:50:00+00:00,LONG,109001.0,109398.3,0.5,0.1957
2025-07-07 07:10:00+00:00,2025-07-07 08:10:00+00:00,LONG,108870.18,108910.99,0.5,0.0665
2025-07-07 13:10:00+00:00,2025-07-07 14:10:00+00:00,LONG,108262.99,108155.53,0.5,0.1199
2025-07-07 17:05:00+00:00,2025-07-07 18:05:00+00:00,LONG,107852.76,108090.56,0.5,0.0745
2025-07-07 18:15:00+00:00,2025-07-07 19:15:00+00:00,LONG,107865.57,108299.4,0.5,0.1443
2025-07-07 21:10:00+00:00,2025-07-07 22:10:00+00:00,LONG,107958.53,108047.83,0.5,0.0608
2025-07-08 02:10:00+00:00,2025-07-08 03:10:00+00:00,LONG,107638.47,107773.47,0.5,0.0446
2025-07-08 04:10:00+00:00,2025-07-08 05:10:00+00:00,LONG,107821.18,108009.99,0.5,0.0884
2025-07-08 05:15:00+00:00,2025-07-08 06:15:00+00:00,LONG,108014.88,108206.1,0.5,0.103
2025-07-08 06:25:00+00:00,2025-07-08 07:25:00+00:00,LONG,108186.47,108362.14,0.5,0.0839
2025-07-08 07:30:00+00:00,2025-07-08 08:30:00+00:00,LONG,108385.0,108376.38,0.5,0.0032
2025-07-08 09:10:00+00:00,2025-07-08 10:10:00+00:00,LONG,108339.07,108518.57,0.5,0.0574
2025-07-08 10:15:00+00:00,2025-07-08 11:15:00+00:00,LONG,108537.05,108928.25,0.5,0.1886
2025-07-08 12:15:00+00:00,2025-07-08 13:15:00+00:00,LONG,108701.67,108835.86,0.5,0.0615
2025-07-08 16:10:00+00:00,2025-07-08 17:10:00+00:00,LONG,108152.0,108767.94,0.5,0.2636
2025-07-08 17:15:00+00:00,2025-07-08 18:15:00+00:00,LONG,108723.5,109099.96,0.5,0.1728
2025-07-08 18:25:00+00:00,2025-07-08 19:25:00+00:00,LONG,109044.96,108950.0,0.5,-0.021
2025-07-08 19:30:00+00:00,2025-07-08 20:30:00+00:00,LONG,108825.99,108797.0,0.5,0.0345
2025-07-08 21:20:00+00:00,2025-07-08 22:20:00+00:00,LONG,108624.01,108838.89,0.5,0.1103
2025-07-09 04:10:00+00:00,2025-07-09 05:10:00+00:00,LONG,108352.0,108550.53,0.5,0.1017
2025-07-09 05:15:00+00:00,2025-07-09 06:15:00+00:00,LONG,108572.29,108788.0,0.5,0.0657
2025-07-09 09:10:00+00:00,2025-07-09 10:10:00+00:00,LONG,108553.19,108806.03,0.5,0.1044
2025-07-09 13:00:00+00:00,2025-07-09 14:00:00+00:00,LONG,109455.0,109156.0,0.5,-0.1239
2025-07-09 14:30:00+00:00,2025-07-09 15:30:00+00:00,LONG,108801.66,108969.14,0.5,0.0879
2025-07-09 15:35:00+00:00,2025-07-09 16:35:00+00:00,LONG,108849.76,109269.66,0.5,0.2123
2025-07-09 16:40:00+00:00,2025-07-09 17:40:00+00:00,LONG,109314.2,109154.8,0.5,-0.077
2025-07-09 17:45:00+00:00,2025-07-09 18:45:00+00:00,LONG,109110.0,109485.23,0.5,0.1295
2025-07-09 18:50:00+00:00,2025-07-09 19:50:00+00:00,LONG,109500.01,111888.97,0.5,0.9244
2025-07-09 19:55:00+00:00,2025-07-09 20:55:00+00:00,LONG,111750.0,110714.97,0.5,-0.5082
2025-07-09 22:30:00+00:00,2025-07-09 23:30:00+00:00,LONG,111130.02,111445.09,0.5,0.1232
2025-07-10 01:10:00+00:00,2025-07-10 02:10:00+00:00,LONG,111000.0,111373.23,0.5,0.139
2025-07-10 04:10:00+00:00,2025-07-10 05:10:00+00:00,LONG,110953.23,110986.91,0.5,0.0121
2025-07-10 05:25:00+00:00,2025-07-10 06:25:00+00:00,LONG,110993.61,111278.66,0.5,0.1176
2025-07-10 10:50:00+00:00,2025-07-10 11:50:00+00:00,LONG,111035.67,110988.92,0.5,0.0084
2025-07-10 12:10:00+00:00,2025-07-10 13:10:00+00:00,LONG,110812.87,110899.85,0.5,0.0269
2025-07-10 13:35:00+00:00,2025-07-10 14:35:00+00:00,LONG,110772.21,111129.99,0.5,0.0901
2025-07-10 14:40:00+00:00,2025-07-10 15:40:00+00:00,LONG,111059.98,111178.47,0.5,0.0934
2025-07-10 15:45:00+00:00,2025-07-10 16:45:00+00:00,LONG,111288.84,112517.67,0.5,0.6024
2025-07-10 16:50:00+00:00,2025-07-10 17:50:00+00:00,LONG,112590.12,113752.1,0.5,0.4072
2025-07-10 18:05:00+00:00,2025-07-10 19:05:00+00:00,LONG,113411.28,113612.07,0.5,0.0674
2025-07-10 19:35:00+00:00,2025-07-10 20:35:00+00:00,LONG,113142.42,113448.0,0.5,0.1085
2025-07-10 20:40:00+00:00,2025-07-10 21:40:00+00:00,LONG,113566.3,116300.0,0.5,1.1898
2025-07-10 21:45:00+00:00,2025-07-10 22:45:00+00:00,LONG,116553.9,116103.15,0.5,-0.2542
2025-07-10 22:50:00+00:00,2025-07-10 23:50:00+00:00,LONG,116100.64,116010.0,0.5,-0.1022
2025-07-10 23:55:00+00:00,2025-07-11 00:55:00+00:00,LONG,116010.0,115590.63,0.5,-0.2124
2025-07-11 01:00:00+00:00,2025-07-11 02:00:00+00:00,LONG,115574.02,115869.86,0.5,0.17
2025-07-11 02:05:00+00:00,2025-07-11 03:05:00+00:00,LONG,115709.28,116593.82,0.5,0.3748
2025-07-11 03:10:00+00:00,2025-07-11 04:10:00+00:00,LONG,116487.76,116637.37,0.5,0.0665
2025-07-11 04:15:00+00:00,2025-07-11 05:15:00+00:00,LONG,116619.96,117200.01,0.5,0.2508
2025-07-11 06:50:00+00:00,2025-07-11 07:50:00+00:00,LONG,117725.89,117722.61,0.5,0.057
2025-07-11 08:00:00+00:00,2025-07-11 09:00:00+00:00,LONG,117632.15,117926.29,0.5,0.1412
2025-07-11 09:10:00+00:00,2025-07-11 10:10:00+00:00,LONG,118033.16,118120.39,0.5,0.1156
2025-07-11 11:15:00+00:00,2025-07-11 12:15:00+00:00,LONG,117647.57,118060.21,0.5,0.249
2025-07-11 13:20:00+00:00,2025-07-11 14:20:00+00:00,LONG,117794.44,117892.1,0.5,0.0014
2025-07-11 15:55:00+00:00,2025-07-11 16:55:00+00:00,LONG,116902.59,117393.39,0.5,0.2114
2025-07-11 17:00:00+00:00,2025-07-11 18:00:00+00:00,LONG,117465.51,117634.58,0.5,0.0742
2025-07-11 18:05:00+00:00,2025-07-11 19:05:00+00:00,LONG,117540.21,117612.12,0.5,0.0071
2025-07-11 19:10:00+00:00,2025-07-11 20:10:00+00:00,LONG,117739.5,117956.01,0.5,0.0707
2025-07-11 22:30:00+00:00,2025-07-11 23:30:00+00:00,LONG,117661.76,117536.38,0.5,-0.0153
2025-07-12 00:35:00+00:00,2025-07-12 01:35:00+00:00,LONG,117263.99,117564.57,0.5,0.1637
2025-07-12 02:55:00+00:00,2025-07-12 03:55:00+00:00,LONG,117599.99,117774.42,0.5,0.0323
2025-07-12 05:10:00+00:00,2025-07-12 06:10:00+00:00,LONG,117540.17,117716.26,0.5,0.0764
2025-07-12 16:55:00+00:00,2025-07-12 17:55:00+00:00,LONG,117191.08,117478.4,0.5,0.0953
2025-07-12 18:10:00+00:00,2025-07-12 19:10:00+00:00,LONG,117465.99,117608.52,0.5,0.0613
2025-07-12 21:10:00+00:00,2025-07-12 22:10:00+00:00,LONG,117140.0,117460.04,0.5,0.1374
2025-07-12 23:15:00+00:00,2025-07-13 00:15:00+00:00,LONG,117286.12,117256.02,0.5,0.0144
2025-07-13 01:10:00+00:00,2025-07-13 02:10:00+00:00,LONG,117339.04,117484.0,0.5,0.0748
2025-07-13 12:10:00+00:00,2025-07-13 13:10:00+00:00,LONG,118025.19,118175.01,0.5,0.1325
2025-07-13 13:15:00+00:00,2025-07-13 14:15:00+00:00,LONG,118232.42,119265.87,0.5,0.1715
2025-07-13 14:45:00+00:00,2025-07-13 15:45:00+00:00,LONG,118571.59,118642.31,0.5,0.0052
2025-07-13 15:50:00+00:00,2025-07-13 16:50:00+00:00,LONG,118720.19,118582.01,0.5,0.0129
2025-07-13 17:00:00+00:00,2025-07-13 18:00:00+00:00,LONG,118450.49,118648.01,0.5,0.105
2025-07-13 18:05:00+00:00,2025-07-13 19:05:00+00:00,LONG,118708.76,119095.0,0.5,0.1368
2025-07-13 20:05:00+00:00,2025-07-13 21:05:00+00:00,LONG,118944.18,118917.37,0.5,0.0355
2025-07-13 21:40:00+00:00,2025-07-13 22:40:00+00:00,LONG,118708.51,118763.36,0.5,-0.0077
2025-07-13 22:55:00+00:00,2025-07-13 23:55:00+00:00,LONG,118520.01,119086.64,0.5,0.2709
2025-07-14 00:10:00+00:00,2025-07-14 01:10:00+00:00,LONG,119132.0,118975.38,0.5,-0.0386
2025-07-14 01:15:00+00:00,2025-07-14 02:15:00+00:00,LONG,118980.0,119179.99,0.5,0.08
2025-07-14 02:20:00+00:00,2025-07-14 03:20:00+00:00,LONG,119609.77,119835.35,0.5,0.095
2025-07-14 03:25:00+00:00,2025-07-14 04:25:00+00:00,LONG,119925.49,120957.46,0.5,0.4319
2025-07-14 04:30:00+00:00,2025-07-14 05:30:00+00:00,LONG,121010.72,122349.47,0.5,0.5424
2025-07-14 05:40:00+00:00,2025-07-14 06:40:00+00:00,LONG,122311.07,122140.34,0.5,-0.0876
2025-07-14 07:10:00+00:00,2025-07-14 08:10:00+00:00,LONG,122230.56,122400.0,0.5,0.0909
2025-07-14 15:55:00+00:00,2025-07-14 16:55:00+00:00,LONG,119878.23,120268.87,0.5,0.1448
2025-07-14 19:20:00+00:00,2025-07-14 20:20:00+00:00,LONG,119682.36,119889.07,0.5,0.0602
2025-07-15 02:30:00+00:00,2025-07-15 03:30:00+00:00,LONG,117926.54,117278.0,0.5,-0.1993
2025-07-15 04:10:00+00:00,2025-07-15 05:10:00+00:00,LONG,116984.15,117658.01,0.5,0.3082
2025-07-15 05:35:00+00:00,2025-07-15 06:35:00+00:00,LONG,117036.71,116867.48,0.5,0.0231
2025-07-15 06:40:00+00:00,2025-07-15 07:40:00+00:00,LONG,117015.63,116721.33,0.5,-0.135
2025-07-15 07:45:00+00:00,2025-07-15 08:45:00+00:00,LONG,116541.25,116814.31,0.5,0.1213
2025-07-15 08:50:00+00:00,2025-07-15 09:50:00+00:00,LONG,116759.73,116907.18,0.5,0.0677
2025-07-15 09:55:00+00:00,2025-07-15 10:55:00+00:00,LONG,116779.99,117016.48,0.5,0.1169
2025-07-15 11:10:00+00:00,2025-07-15 12:10:00+00:00,LONG,116780.0,117076.7,0.5,0.1049
2025-07-15 12:30:00+00:00,2025-07-15 13:30:00+00:00,LONG,117411.9,118037.26,0.5,0.1176
2025-07-15 14:55:00+00:00,2025-07-15 15:55:00+00:00,LONG,116008.19,116391.43,0.5,0.2434
2025-07-15 16:00:00+00:00,2025-07-15 17:00:00+00:00,LONG,116680.0,117250.0,0.5,0.2172
2025-07-15 17:10:00+00:00,2025-07-15 18:10:00+00:00,LONG,117263.86,117106.31,0.5,-0.0513
2025-07-15 18:40:00+00:00,2025-07-15 19:40:00+00:00,LONG,116368.81,116489.85,0.5,0.1058
2025-07-15 20:10:00+00:00,2025-07-15 21:10:00+00:00,LONG,116580.38,116955.34,0.5,0.0339
2025-07-15 21:15:00+00:00,2025-07-15 22:15:00+00:00,LONG,117019.36,117513.37,0.5,0.1967
2025-07-15 22:20:00+00:00,2025-07-15 23:20:00+00:00,LONG,117565.87,117597.02,0.5,0.0949
2025-07-15 23:25:00+00:00,2025-07-16 00:25:00+00:00,LONG,117576.54,117584.27,0.5,0.0178
2025-07-16 00:30:00+00:00,2025-07-16 01:30:00+00:00,LONG,117665.61,117703.44,0.5,-0.0009
2025-07-16 02:25:00+00:00,2025-07-16 03:25:00+00:00,LONG,117350.0,117370.58,0.5,0.0318
2025-07-16 04:10:00+00:00,2025-07-16 05:10:00+00:00,LONG,117275.63,117982.28,0.5,0.2618
2025-07-16 05:55:00+00:00,2025-07-16 06:55:00+00:00,LONG,117869.82,118276.3,0.5,0.163
2025-07-16 08:10:00+00:00,2025-07-16 09:10:00+00:00,LONG,118169.65,118997.82,0.5,0.303
2025-07-16 09:45:00+00:00,2025-07-16 10:45:00+00:00,LONG,119053.99,118911.39,0.5,-0.0981
2025-07-16 11:05:00+00:00,2025-07-16 12:05:00+00:00,LONG,118824.94,118883.53,0.5,-0.0206
2025-07-16 13:00:00+00:00,2025-07-16 14:00:00+00:00,LONG,118488.97,118762.01,0.5,0.089
2025-07-16 14:05:00+00:00,2025-07-16 15:05:00+00:00,LONG,118519.74,119665.58,0.5,0.3327
2025-07-16 15:35:00+00:00,2025-07-16 16:35:00+00:00,LONG,118664.24,119181.99,0.5,0.2101
2025-07-16 16:45:00+00:00,2025-07-16 17:45:00+00:00,LONG,119070.34,119367.85,0.5,0.0985
2025-07-16 18:20:00+00:00,2025-07-16 19:20:00+00:00,LONG,119231.93,119289.89,0.5,0.0034
2025-07-16 19:35:00+00:00,2025-07-16 20:35:00+00:00,LONG,118929.1,119764.48,0.5,0.3272
2025-07-16 23:10:00+00:00,2025-07-17 00:10:00+00:00,LONG,118585.37,118776.64,0.5,0.0678
2025-07-17 01:45:00+00:00,2025-07-17 02:45:00+00:00,LONG,117763.99,118141.18,0.5,0.2372
2025-07-17 02:50:00+00:00,2025-07-17 03:50:00+00:00,LONG,118287.64,118077.32,0.5,-0.1074
2025-07-17 04:10:00+00:00,2025-07-17 05:10:00+00:00,LONG,118266.55,118285.81,0.5,-0.0035
2025-07-17 05:15:00+00:00,2025-07-17 06:15:00+00:00,LONG,118346.56,118394.43,0.5,0.0648
2025-07-17 07:10:00+00:00,2025-07-17 08:10:00+00:00,LONG,118066.24,118133.28,0.5,0.0271
2025-07-17 12:10:00+00:00,2025-07-17 13:10:00+00:00,LONG,117817.21,117847.98,0.5,-0.0248
2025-07-17 13:15:00+00:00,2025-07-17 14:15:00+00:00,LONG,117772.87,118368.84,0.5,0.2942
2025-07-17 14:20:00+00:00,2025-07-17 15:20:00+00:00,LONG,118494.01,118600.01,0.5,0.0129
2025-07-17 15:25:00+00:00,2025-07-17 16:25:00+00:00,LONG,118513.83,118559.99,0.5,0.0618
2025-07-17 17:20:00+00:00,2025-07-17 18:20:00+00:00,LONG,118725.33,119561.91,0.5,0.2803
2025-07-17 20:10:00+00:00,2025-07-17 21:10:00+00:00,LONG,118780.0,120065.99,0.5,0.4559
2025-07-18 00:10:00+00:00,2025-07-18 01:10:00+00:00,LONG,119053.53,120272.01,0.5,0.3618
2025-07-18 01:20:00+00:00,2025-07-18 02:20:00+00:00,LONG,120230.16,120050.38,0.5,-0.1033
2025-07-18 02:25:00+00:00,2025-07-18 03:25:00+00:00,LONG,120223.57,120060.15,0.5,-0.0681
2025-07-18 03:30:00+00:00,2025-07-18 04:30:00+00:00,LONG,120037.87,120195.98,0.5,0.0163
2025-07-18 05:45:00+00:00,2025-07-18 06:45:00+00:00,LONG,120418.36,120412.72,0.5,-0.067
2025-07-18 08:10:00+00:00,2025-07-18 09:10:00+00:00,LONG,119221.62,118839.97,0.5,-0.2243
2025-07-18 09:15:00+00:00,2025-07-18 10:15:00+00:00,LONG,118793.77,118602.12,0.5,-0.0513
2025-07-18 10:20:00+00:00,2025-07-18 11:20:00+00:00,LONG,118742.46,118812.43,0.5,0.0905
2025-07-18 11:25:00+00:00,2025-07-18 12:25:00+00:00,LONG,118897.99,119204.0,0.5,0.1678
2025-07-18 14:25:00+00:00,2025-07-18 15:25:00+00:00,LONG,117950.25,117760.0,0.5,-0.1757
2025-07-18 16:35:00+00:00,2025-07-18 17:35:00+00:00,LONG,117772.39,117860.8,0.5,0.0665
2025-07-18 17:55:00+00:00,2025-07-18 18:55:00+00:00,LONG,117600.01,117310.72,0.5,-0.0549
2025-07-18 20:10:00+00:00,2025-07-18 21:10:00+00:00,LONG,117162.91,117841.35,0.5,0.2086
2025-07-18 21:55:00+00:00,2025-07-18 22:55:00+00:00,LONG,117676.82,117683.71,0.5,-0.0144
2025-07-18 23:00:00+00:00,2025-07-19 00:00:00+00:00,LONG,117557.48,117922.01,0.5,0.156
2025-07-19 01:05:00+00:00,2025-07-19 02:05:00+00:00,LONG,117827.75,117981.56,0.5,0.0526
2025-07-19 21:15:00+00:00,2025-07-19 22:15:00+00:00,LONG,117455.63,117783.2,0.5,0.1265
2025-07-20 12:10:00+00:00,2025-07-20 13:10:00+00:00,LONG,117889.21,118127.58,0.5,0.1011
2025-07-20 13:15:00+00:00,2025-07-20 14:15:00+00:00,LONG,118132.2,118643.06,0.5,0.1787
2025-07-20 15:10:00+00:00,2025-07-20 16:10:00+00:00,LONG,118652.8,118621.54,0.5,-0.0054
2025-07-20 22:05:00+00:00,2025-07-20 23:05:00+00:00,LONG,117416.52,117429.36,0.5,-0.046
2025-07-20 23:10:00+00:00,2025-07-21 00:10:00+00:00,LONG,117376.98,116850.0,0.5,-0.1118
2025-07-21 00:15:00+00:00,2025-07-21 01:15:00+00:00,LONG,116636.84,117152.48,0.5,0.2251
2025-07-21 01:20:00+00:00,2025-07-21 02:20:00+00:00,LONG,117131.62,117814.24,0.5,0.2418
2025-07-21 02:25:00+00:00,2025-07-21 03:25:00+00:00,LONG,118039.99,118488.18,0.5,0.1447
2025-07-21 05:10:00+00:00,2025-07-21 06:10:00+00:00,LONG,118376.01,118357.67,0.5,-0.0296
2025-07-21 06:15:00+00:00,2025-07-21 07:15:00+00:00,LONG,118560.01,119436.99,0.5,0.3435
2025-07-21 07:45:00+00:00,2025-07-21 08:45:00+00:00,LONG,119334.31,119077.76,0.5,-0.1406
2025-07-21 12:10:00+00:00,2025-07-21 13:10:00+00:00,LONG,118207.56,117976.2,0.5,-0.076
2025-07-21 13:15:00+00:00,2025-07-21 14:15:00+00:00,LONG,118137.04,118896.77,0.5,0.2219
2025-07-21 14:55:00+00:00,2025-07-21 15:55:00+00:00,LONG,118828.99,118313.16,0.5,-0.1446
2025-07-21 20:10:00+00:00,2025-07-21 21:10:00+00:00,LONG,116929.81,116950.01,0.5,0.1098
2025-07-21 21:15:00+00:00,2025-07-21 22:15:00+00:00,LONG,117132.01,117200.19,0.5,0.0765
2025-07-21 22:20:00+00:00,2025-07-21 23:20:00+00:00,LONG,117309.41,117192.33,0.5,-0.0593
2025-07-21 23:25:00+00:00,2025-07-22 00:25:00+00:00,LONG,117348.62,117511.51,0.5,0.0364
2025-07-22 01:10:00+00:00,2025-07-22 02:10:00+00:00,LONG,116869.17,117504.87,0.5,0.2847
2025-07-22 03:10:00+00:00,2025-07-22 04:10:00+00:00,LONG,117016.74,117133.85,0.5,0.1087
2025-07-22 04:45:00+00:00,2025-07-22 05:45:00+00:00,LONG,116787.99,116930.43,0.5,0.1303
2025-07-22 05:50:00+00:00,2025-07-22 06:50:00+00:00,LONG,117245.98,117754.34,0.5,0.173
2025-07-22 06:55:00+00:00,2025-07-22 07:55:00+00:00,LONG,117847.26,117983.68,0.5,0.0817
2025-07-22 08:00:00+00:00,2025-07-22 09:00:00+00:00,LONG,117778.14,118179.99,0.5,0.2168
2025-07-22 09:05:00+00:00,2025-07-22 10:05:00+00:00,LONG,118034.26,118335.86,0.5,0.2011
2025-07-22 10:10:00+00:00,2025-07-22 11:10:00+00:00,LONG,118436.0,118925.73,0.5,0.1994
2025-07-22 11:15:00+00:00,2025-07-22 12:15:00+00:00,LONG,118998.99,119235.0,0.5,0.0991
2025-07-22 13:55:00+00:00,2025-07-22 14:55:00+00:00,LONG,118147.82,119060.0,0.5,0.2163
2025-07-22 15:00:00+00:00,2025-07-22 16:00:00+00:00,LONG,119131.53,119026.92,0.5,-0.0922
2025-07-22 16:05:00+00:00,2025-07-22 17:05:00+00:00,LONG,119136.48,118666.45,0.5,-0.1473
2025-07-22 17:10:00+00:00,2025-07-22 18:10:00+00:00,LONG,118518.46,119302.6,0.5,0.3538
2025-07-22 18:40:00+00:00,2025-07-22 19:40:00+00:00,LONG,119179.86,119328.93,0.5,0.0796
2025-07-22 19:55:00+00:00,2025-07-22 20:55:00+00:00,LONG,119282.1,119703.28,0.5,0.2431
2025-07-22 21:05:00+00:00,2025-07-22 22:05:00+00:00,LONG,119632.57,119637.81,0.5,0.0247
2025-07-22 22:10:00+00:00,2025-07-22 23:10:00+00:00,LONG,119642.78,120199.99,0.5,0.1491
2025-07-22 23:55:00+00:00,2025-07-23 00:55:00+00:00,LONG,119954.42,119546.56,0.5,-0.1655
2025-07-23 04:10:00+00:00,2025-07-23 05:10:00+00:00,LONG,118706.65,118893.43,0.5,0.061
2025-07-23 08:30:00+00:00,2025-07-23 09:30:00+00:00,LONG,118361.77,118069.97,0.5,-0.1531
2025-07-23 10:10:00+00:00,2025-07-23 11:10:00+00:00,LONG,117844.25,118160.01,0.5,0.204
2025-07-23 11:15:00+00:00,2025-07-23 12:15:00+00:00,LONG,118324.01,118603.79,0.5,0.1397
2025-07-23 13:45:00+00:00,2025-07-23 14:45:00+00:00,LONG,117445.99,117839.99,0.5,0.1982
2025-07-23 14:50:00+00:00,2025-07-23 15:50:00+00:00,LONG,117971.46,118388.19,0.5,0.0888
2025-07-23 16:05:00+00:00,2025-07-23 17:05:00+00:00,LONG,118252.9,117565.63,0.5,-0.1821
2025-07-23 17:10:00+00:00,2025-07-23 18:10:00+00:00,LONG,117561.41,118111.57,0.5,0.2913
2025-07-23 20:30:00+00:00,2025-07-23 21:30:00+00:00,LONG,117672.01,117699.99,0.5,-0.0476
2025-07-23 21:35:00+00:00,2025-07-23 22:35:00+00:00,LONG,117846.18,118545.06,0.5,0.3173
2025-07-23 22:55:00+00:00,2025-07-23 23:55:00+00:00,LONG,118568.99,118755.99,0.5,-0.0214
2025-07-24 00:05:00+00:00,2025-07-24 01:05:00+00:00,LONG,118728.32,118892.41,0.5,0.1176
2025-07-24 04:45:00+00:00,2025-07-24 05:45:00+00:00,LONG,118014.11,117812.46,0.5,-0.0506
2025-07-24 06:45:00+00:00,2025-07-24 07:45:00+00:00,LONG,117462.8,118120.18,0.5,0.3364
2025-07-24 07:50:00+00:00,2025-07-24 08:50:00+00:00,LONG,118304.43,118746.52,0.5,0.1965
2025-07-24 10:20:00+00:00,2025-07-24 11:20:00+00:00,LONG,118128.91,118644.03,0.5,0.2249
2025-07-24 12:10:00+00:00,2025-07-24 13:10:00+00:00,LONG,118572.58,118629.46,0.5,0.0234
2025-07-24 13:55:00+00:00,2025-07-24 14:55:00+00:00,LONG,118227.48,119057.11,0.5,0.2728
2025-07-24 15:25:00+00:00,2025-07-24 16:25:00+00:00,LONG,119000.0,118684.52,0.5,-0.0459
2025-07-24 17:10:00+00:00,2025-07-24 18:10:00+00:00,LONG,118882.16,119304.49,0.5,0.1885
2025-07-27 12:10:00+00:00,2025-07-27 13:10:00+00:00,LONG,118091.89,118179.08,0.5,0.0144
2025-07-27 13:35:00+00:00,2025-07-27 14:35:00+00:00,LONG,118159.92,118290.0,0.5,0.1226
2025-07-27 14:40:00+00:00,2025-07-27 15:40:00+00:00,LONG,118292.24,118450.0,0.5,0.0285
2025-07-27 20:35:00+00:00,2025-07-27 21:35:00+00:00,LONG,118909.2,118996.93,0.5,0.064
2025-07-27 21:40:00+00:00,2025-07-27 22:40:00+00:00,LONG,119082.57,119766.64,0.5,0.2629
2025-07-27 23:10:00+00:00,2025-07-28 00:10:00+00:00,LONG,119227.99,119457.67,0.5,0.0646
2025-07-28 02:10:00+00:00,2025-07-28 03:10:00+00:00,LONG,119210.86,119365.16,0.5,0.0795
2025-07-28 08:15:00+00:00,2025-07-28 09:15:00+00:00,LONG,118932.0,118967.79,0.5,-0.0093
2025-07-28 11:30:00+00:00,2025-07-28 12:30:00+00:00,LONG,118535.0,118932.12,0.5,0.1664
2025-07-28 17:20:00+00:00,2025-07-28 18:20:00+00:00,LONG,117843.23,117600.0,0.5,-0.1458
2025-07-28 18:25:00+00:00,2025-07-28 19:25:00+00:00,LONG,117552.02,118092.85,0.5,0.2576
2025-07-28 19:35:00+00:00,2025-07-28 20:35:00+00:00,LONG,117862.84,117963.65,0.5,-0.0261
2025-07-28 23:10:00+00:00,2025-07-29 00:10:00+00:00,LONG,117950.66,118285.0,0.5,0.1101
2025-07-29 00:35:00+00:00,2025-07-29 01:35:00+00:00,LONG,117860.0,118150.52,0.5,0.143
2025-07-29 01:55:00+00:00,2025-07-29 02:55:00+00:00,LONG,117774.16,118095.6,0.5,0.0514
2025-07-29 03:00:00+00:00,2025-07-29 04:00:00+00:00,LONG,118237.75,118751.86,0.5,0.2224
2025-07-29 11:10:00+00:00,2025-07-29 12:10:00+00:00,LONG,118409.18,118486.58,0.5,0.0468
2025-07-29 16:10:00+00:00,2025-07-29 17:10:00+00:00,LONG,117437.79,117901.9,0.5,0.1697
2025-07-29 20:10:00+00:00,2025-07-29 21:10:00+00:00,LONG,117228.3,117439.03,0.5,0.062
2025-07-29 21:15:00+00:00,2025-07-29 22:15:00+00:00,LONG,117306.74,117524.65,0.5,0.0649
2025-07-29 22:20:00+00:00,2025-07-29 23:20:00+00:00,LONG,117592.82,117914.04,0.5,0.1303
2025-07-30 01:20:00+00:00,2025-07-30 02:20:00+00:00,LONG,117551.08,117969.91,0.5,0.1867
2025-07-30 05:15:00+00:00,2025-07-30 06:15:00+00:00,LONG,117856.06,118188.88,0.5,0.0887
2025-07-30 08:15:00+00:00,2025-07-30 09:15:00+00:00,LONG,118079.77,118244.4,0.5,0.0767
2025-07-31 06:10:00+00:00,2025-07-31 07:10:00+00:00,LONG,118296.0,118736.73,0.5,0.1424
2025-07-31 12:45:00+00:00,2025-07-31 13:45:00+00:00,LONG,118495.99,118388.27,0.5,-0.0701
2025-07-31 15:10:00+00:00,2025-07-31 16:10:00+00:00,LONG,118032.08,118348.22,0.5,0.0908
2025-08-07 16:40:00+00:00,2025-08-07 17:40:00+00:00,LONG,116100.01,116390.27,0.5,0.079
2025-08-07 17:45:00+00:00,2025-08-07 18:45:00+00:00,LONG,116435.2,116299.99,0.5,-0.0691
2025-08-07 18:50:00+00:00,2025-08-07 19:50:00+00:00,LONG,116439.99,117341.6,0.5,0.4252
2025-08-07 19:55:00+00:00,2025-08-07 20:55:00+00:00,LONG,117461.98,117182.19,0.5,-0.1078
2025-08-07 22:10:00+00:00,2025-08-07 23:10:00+00:00,LONG,117462.99,117379.99,0.5,-0.021
2025-08-08 06:10:00+00:00,2025-08-08 07:10:00+00:00,LONG,116564.4,116676.18,0.5,-0.0029
2025-08-08 16:10:00+00:00,2025-08-08 17:10:00+00:00,LONG,116140.0,116427.74,0.5,0.1415
2025-08-08 17:15:00+00:00,2025-08-08 18:15:00+00:00,LONG,116345.43,116879.91,0.5,0.1717
2025-08-08 20:10:00+00:00,2025-08-08 21:10:00+00:00,LONG,116473.0,116828.99,0.5,0.1497
2025-08-09 08:10:00+00:00,2025-08-09 09:10:00+00:00,LONG,116769.24,117417.34,0.5,0.2093
2025-08-09 20:10:00+00:00,2025-08-09 21:10:00+00:00,LONG,116537.99,116700.0,0.5,0.1037
2025-08-10 00:10:00+00:00,2025-08-10 01:10:00+00:00,LONG,116574.0,116611.67,0.5,0.031
2025-08-10 01:20:00+00:00,2025-08-10 02:20:00+00:00,LONG,116617.5,116732.78,0.5,0.0352
2025-08-10 02:25:00+00:00,2025-08-10 03:25:00+00:00,LONG,116794.25,118362.97,0.5,0.6041
2025-08-10 03:30:00+00:00,2025-08-10 04:30:00+00:00,LONG,118361.99,118636.69,0.5,0.1207
2025-08-10 08:10:00+00:00,2025-08-10 09:10:00+00:00,LONG,118002.2,118324.0,0.5,0.117
2025-08-10 09:40:00+00:00,2025-08-10 10:40:00+00:00,LONG,118110.64,118198.0,0.5,-0.0045
2025-08-10 10:55:00+00:00,2025-08-10 11:55:00+00:00,LONG,118020.0,118330.58,0.5,0.2025
2025-08-10 12:00:00+00:00,2025-08-10 13:00:00+00:00,LONG,118358.17,118547.21,0.5,0.0658
2025-08-10 13:05:00+00:00,2025-08-10 14:05:00+00:00,LONG,118617.88,118528.99,0.5,-0.1073
2025-08-10 14:10:00+00:00,2025-08-10 15:10:00+00:00,LONG,118595.44,118883.34,0.5,0.205
2025-08-10 15:25:00+00:00,2025-08-10 16:25:00+00:00,LONG,118683.86,118719.99,0.5,-0.0064
2025-08-10 20:10:00+00:00,2025-08-10 21:10:00+00:00,LONG,118312.44,118239.47,0.5,0.0182
2025-08-10 21:15:00+00:00,2025-08-10 22:15:00+00:00,LONG,118335.16,118889.31,0.5,0.2263
2025-08-10 22:20:00+00:00,2025-08-10 23:20:00+00:00,LONG,118875.69,118922.0,0.5,0.0072
2025-08-10 23:25:00+00:00,2025-08-11 00:25:00+00:00,LONG,119020.0,119415.3,0.5,0.159
2025-08-11 00:40:00+00:00,2025-08-11 01:40:00+00:00,LONG,119237.97,119758.9,0.5,0.2172
2025-08-11 01:45:00+00:00,2025-08-11 02:45:00+00:00,LONG,119654.69,121789.25,0.5,0.8557
2025-08-11 02:50:00+00:00,2025-08-11 03:50:00+00:00,LONG,121839.09,121895.76,0.5,-0.016
2025-08-11 04:10:00+00:00,2025-08-11 05:10:00+00:00,LONG,121718.16,122304.02,0.5,0.1959
2025-08-11 13:10:00+00:00,2025-08-11 14:10:00+00:00,LONG,119523.48,120067.19,0.5,0.2389
2025-08-11 14:15:00+00:00,2025-08-11 15:15:00+00:00,LONG,120037.75,120107.52,0.5,-0.0157
2025-08-11 15:20:00+00:00,2025-08-11 16:20:00+00:00,LONG,120107.27,120540.0,0.5,0.2676
2025-08-11 18:10:00+00:00,2025-08-11 19:10:00+00:00,LONG,119494.0,119586.98,0.5,0.0628
2025-08-11 19:55:00+00:00,2025-08-11 20:55:00+00:00,LONG,119089.3,118824.34,0.5,-0.0602
2025-08-11 21:00:00+00:00,2025-08-11 22:00:00+00:00,LONG,118835.12,118593.27,0.5,-0.0516
2025-08-11 22:05:00+00:00,2025-08-11 23:05:00+00:00,LONG,118455.82,118818.07,0.5,0.1751
2025-08-12 00:10:00+00:00,2025-08-12 01:10:00+00:00,LONG,118729.02,118860.28,0.5,0.1537
2025-08-12 04:10:00+00:00,2025-08-12 05:10:00+00:00,LONG,118946.03,118841.53,0.5,-0.0466
2025-08-12 05:20:00+00:00,2025-08-12 06:20:00+00:00,LONG,118737.35,118981.99,0.5,0.0474
2025-08-12 10:10:00+00:00,2025-08-12 11:10:00+00:00,LONG,118241.59,118260.9,0.5,0.1087
2025-08-12 12:10:00+00:00,2025-08-12 13:10:00+00:00,LONG,118371.43,119056.0,0.5,0.2625
2025-08-12 13:15:00+00:00,2025-08-12 14:15:00+00:00,LONG,119062.56,119060.0,0.5,0.0462
2025-08-12 14:20:00+00:00,2025-08-12 15:20:00+00:00,LONG,119095.92,119700.01,0.5,0.1996
2025-08-12 15:25:00+00:00,2025-08-12 16:25:00+00:00,LONG,119769.05,119718.98,0.5,0.0689
2025-08-12 19:10:00+00:00,2025-08-12 20:10:00+00:00,LONG,119535.99,119753.43,0.5,0.0351
2025-08-12 20:15:00+00:00,2025-08-12 21:15:00+00:00,LONG,119845.41,120070.77,0.5,0.0706
2025-08-12 21:50:00+00:00,2025-08-12 22:50:00+00:00,LONG,119889.75,119956.23,0.5,0.0015
2025-08-12 23:05:00+00:00,2025-08-13 00:05:00+00:00,LONG,119980.01,120065.93,0.5,0.085
2025-08-13 05:55:00+00:00,2025-08-13 06:55:00+00:00,LONG,119070.69,119410.01,0.5,0.1188
2025-08-13 07:20:00+00:00,2025-08-13 08:20:00+00:00,LONG,119417.27,119727.47,0.5,0.1216
2025-08-13 08:25:00+00:00,2025-08-13 09:25:00+00:00,LONG,119820.39,119854.11,0.5,0.0476
2025-08-13 09:30:00+00:00,2025-08-13 10:30:00+00:00,LONG,119910.0,120438.0,0.5,0.1997
2025-08-13 12:00:00+00:00,2025-08-13 13:00:00+00:00,LONG,120578.24,120330.34,0.5,-0.1264
2025-08-13 13:10:00+00:00,2025-08-13 14:10:00+00:00,LONG,120500.88,122070.75,0.5,0.6659
2025-08-13 15:10:00+00:00,2025-08-13 16:10:00+00:00,LONG,120978.72,121508.64,0.5,0.1544
2025-08-13 16:15:00+00:00,2025-08-13 17:15:00+00:00,LONG,121622.3,121656.0,0.5,-0.0077
2025-08-13 17:20:00+00:00,2025-08-13 18:20:00+00:00,LONG,121839.66,121711.98,0.5,-0.0233
2025-08-13 18:25:00+00:00,2025-08-13 19:25:00+00:00,LONG,121627.74,122358.0,0.5,0.3595
2025-08-13 19:30:00+00:00,2025-08-13 20:30:00+00:00,LONG,122400.87,122740.76,0.5,0.0867
2025-08-13 21:45:00+00:00,2025-08-13 22:45:00+00:00,LONG,122415.92,123544.52,0.5,0.4484
2025-08-13 23:00:00+00:00,2025-08-14 00:00:00+00:00,LONG,123154.89,123584.76,0.5,0.0615
2025-08-14 00:45:00+00:00,2025-08-14 01:45:00+00:00,LONG,123630.12,123480.01,0.5,-0.0223
2025-08-14 02:10:00+00:00,2025-08-14 03:10:00+00:00,LONG,123368.33,123764.76,0.5,0.1286
2025-08-14 06:15:00+00:00,2025-08-14 07:15:00+00:00,LONG,121506.29,121699.02,0.5,0.0704
2025-08-14 13:25:00+00:00,2025-08-14 14:25:00+00:00,LONG,118235.05,118869.42,0.5,0.0463
2025-08-14 16:10:00+00:00,2025-08-14 17:10:00+00:00,LONG,117646.41,117720.05,0.5,0.0215
2025-08-14 17:20:00+00:00,2025-08-14 18:20:00+00:00,LONG,117964.61,117495.59,0.5,-0.1486
2025-08-14 18:25:00+00:00,2025-08-14 19:25:00+00:00,LONG,117855.0,118293.17,0.5,0.2292
2025-08-14 20:10:00+00:00,2025-08-14 21:10:00+00:00,LONG,117819.99,118148.21,0.5,0.1276
2025-08-14 21:25:00+00:00,2025-08-14 22:25:00+00:00,LONG,117643.69,118216.57,0.5,0.2377
2025-08-15 00:25:00+00:00,2025-08-15 01:25:00+00:00,LONG,118229.3,118405.13,0.5,0.0786
2025-08-15 01:30:00+00:00,2025-08-15 02:30:00+00:00,LONG,118359.99,118676.77,0.5,0.173
2025-08-15 02:55:00+00:00,2025-08-15 03:55:00+00:00,LONG,118698.0,118968.91,0.5,0.1008
2025-08-15 05:10:00+00:00,2025-08-15 06:10:00+00:00,LONG,118676.39,118913.83,0.5,0.098
2025-08-15 14:55:00+00:00,2025-08-15 15:55:00+00:00,LONG,117400.0,117275.22,0.5,-0.0285
2025-08-15 16:10:00+00:00,2025-08-15 17:10:00+00:00,LONG,117045.66,117162.27,0.5,0.0914
2025-08-15 17:15:00+00:00,2025-08-15 18:15:00+00:00,LONG,117110.93,117300.38,0.5,0.1148
2025-09-03 12:15:00+00:00,2025-09-03 13:15:00+00:00,LONG,111567.15,111447.69,0.5,-0.0992
2025-09-03 13:20:00+00:00,2025-09-03 14:20:00+00:00,LONG,111379.99,111298.69,0.5,0.0521
2025-09-03 14:25:00+00:00,2025-09-03 15:25:00+00:00,LONG,111443.87,111958.0,0.5,0.2586
2025-09-03 15:30:00+00:00,2025-09-03 16:30:00+00:00,LONG,112167.36,112111.79,0.5,-0.0898
2025-09-03 18:40:00+00:00,2025-09-03 19:40:00+00:00,LONG,111885.48,111859.81,0.5,-0.029
2025-09-03 19:45:00+00:00,2025-09-03 20:45:00+00:00,LONG,111985.75,112159.99,0.5,0.0622
2025-09-04 08:55:00+00:00,2025-09-04 09:55:00+00:00,LONG,110640.97,110815.04,0.5,0.0664
2025-09-04 11:00:00+00:00,2025-09-04 12:00:00+00:00,LONG,110692.49,110863.88,0.5,0.0531
2025-09-04 12:05:00+00:00,2025-09-04 13:05:00+00:00,LONG,110917.46,110873.99,0.5,-0.0169
2025-09-04 20:10:00+00:00,2025-09-04 21:10:00+00:00,LONG,110170.51,110344.17,0.5,0.133
2025-09-04 21:15:00+00:00,2025-09-04 22:15:00+00:00,LONG,110437.47,110536.88,0.5,0.0518
2025-09-04 22:20:00+00:00,2025-09-04 23:20:00+00:00,LONG,110627.84,111243.99,0.5,0.2662
2025-09-05 00:00:00+00:00,2025-09-05 01:00:00+00:00,LONG,110774.88,110612.17,0.5,-0.1461
2025-09-05 01:05:00+00:00,2025-09-05 02:05:00+00:00,LONG,110585.6,111424.32,0.5,0.322
2025-09-05 03:05:00+00:00,2025-09-05 04:05:00+00:00,LONG,111265.99,111254.31,0.5,0.0063
2025-09-05 04:10:00+00:00,2025-09-05 05:10:00+00:00,LONG,111173.31,111557.99,0.5,0.1471
2025-09-05 05:15:00+00:00,2025-09-05 06:15:00+00:00,LONG,111532.0,111516.0,0.5,0.0305
2025-09-05 06:20:00+00:00,2025-09-05 07:20:00+00:00,LONG,111521.77,112733.74,0.5,0.4166
2025-09-05 07:25:00+00:00,2025-09-05 08:25:00+00:00,LONG,112708.55,112733.6,0.5,0.0184
2025-09-05 12:10:00+00:00,2025-09-05 13:10:00+00:00,LONG,112362.52,113048.51,0.5,0.2735
2025-09-05 15:10:00+00:00,2025-09-05 16:10:00+00:00,LONG,110618.64,110789.73,0.5,0.0219
2025-09-05 16:15:00+00:00,2025-09-05 17:15:00+00:00,LONG,110722.7,110711.16,0.5,-0.0119
2025-09-05 17:20:00+00:00,2025-09-05 18:20:00+00:00,LONG,110786.4,110888.78,0.5,0.0359
2025-09-05 18:25:00+00:00,2025-09-05 19:25:00+00:00,LONG,111056.01,111367.22,0.5,0.124
2025-09-05 19:35:00+00:00,2025-09-05 20:35:00+00:00,LONG,111346.25,111584.0,0.5,-0.0009
2025-09-06 00:10:00+00:00,2025-09-06 01:10:00+00:00,LONG,110692.17,110842.94,0.5,0.0234
2025-09-06 02:10:00+00:00,2025-09-06 03:10:00+00:00,LONG,110799.5,111120.25,0.5,0.1606
2025-09-07 08:10:00+00:00,2025-09-07 09:10:00+00:00,LONG,110831.26,111208.01,0.5,0.1247
2025-09-07 09:40:00+00:00,2025-09-07 10:40:00+00:00,LONG,110985.63,111170.45,0.5,0.0722
2025-09-07 18:40:00+00:00,2025-09-07 19:40:00+00:00,LONG,110932.85,111236.0,0.5,0.1336
2025-09-08 02:10:00+00:00,2025-09-08 03:10:00+00:00,LONG,110899.35,111237.98,0.5,0.1748
2025-09-08 05:45:00+00:00,2025-09-08 06:45:00+00:00,LONG,110956.7,111154.0,0.5,0.0941
2025-09-08 08:10:00+00:00,2025-09-08 09:10:00+00:00,LONG,111266.39,111968.49,0.5,0.2587
2025-09-08 09:35:00+00:00,2025-09-08 10:35:00+00:00,LONG,111794.85,112082.94,0.5,0.1274
2025-09-08 11:15:00+00:00,2025-09-08 12:15:00+00:00,LONG,111947.97,111934.24,0.5,0.0259
2025-09-08 12:20:00+00:00,2025-09-08 13:20:00+00:00,LONG,111937.52,112204.97,0.5,0.1615
2025-09-08 13:40:00+00:00,2025-09-08 14:40:00+00:00,LONG,112210.0,112596.37,0.5,0.2066
2025-09-08 14:45:00+00:00,2025-09-08 15:45:00+00:00,LONG,112567.58,112618.85,0.5,0.0344
2025-09-08 21:10:00+00:00,2025-09-08 22:10:00+00:00,LONG,112142.23,112443.98,0.5,0.1296
2025-09-09 02:10:00+00:00,2025-09-09 03:10:00+00:00,LONG,111220.9,111462.76,0.5,0.0751
2025-09-09 04:10:00+00:00,2025-09-09 05:10:00+00:00,LONG,111750.87,111879.51,0.5,0.0919
2025-09-09 05:15:00+00:00,2025-09-09 06:15:00+00:00,LONG,111919.99,112608.34,0.5,0.3412
2025-09-09 06:20:00+00:00,2025-09-09 07:20:00+00:00,LONG,112599.99,113111.18,0.5,0.2604
2025-09-09 07:45:00+00:00,2025-09-09 08:45:00+00:00,LONG,112980.0,112930.01,0.5,0.0266
2025-09-09 14:05:00+00:00,2025-09-09 15:05:00+00:00,LONG,112161.66,111523.34,0.5,-0.2367
2025-09-09 16:10:00+00:00,2025-09-09 17:10:00+00:00,LONG,111115.26,111047.22,0.5,0.014
2025-09-09 17:30:00+00:00,2025-09-09 18:30:00+00:00,LONG,110979.18,111142.85,0.5,0.0927
2025-09-09 18:40:00+00:00,2025-09-09 19:40:00+00:00,LONG,111088.85,111289.42,0.5,0.0946
2025-09-09 20:10:00+00:00,2025-09-09 21:10:00+00:00,LONG,111209.72,111663.66,0.5,0.1841
2025-09-09 22:00:00+00:00,2025-09-09 23:00:00+00:00,LONG,111338.87,111454.86,0.5,0.0975
2025-09-09 23:05:00+00:00,2025-09-10 00:05:00+00:00,LONG,111507.71,111416.0,0.5,0.0224
2025-09-10 04:10:00+00:00,2025-09-10 05:10:00+00:00,LONG,111541.55,111576.89,0.5,-0.0294
2025-09-10 05:15:00+00:00,2025-09-10 06:15:00+00:00,LONG,111499.65,111604.91,0.5,0.0137
2025-09-10 06:20:00+00:00,2025-09-10 07:20:00+00:00,LONG,111560.87,112010.57,0.5,0.151
2025-09-10 07:25:00+00:00,2025-09-10 08:25:00+00:00,LONG,112232.17,112679.61,0.5,0.2226
2025-09-10 12:10:00+00:00,2025-09-10 13:10:00+00:00,LONG,112411.16,113728.6,0.5,0.6039
2025-09-10 13:15:00+00:00,2025-09-10 14:15:00+00:00,LONG,113588.01,114109.89,0.5,0.1937
2025-09-10 14:55:00+00:00,2025-09-10 15:55:00+00:00,LONG,113899.99,113853.99,0.5,0.0088
2025-09-10 16:00:00+00:00,2025-09-10 17:00:00+00:00,LONG,113833.24,113888.01,0.5,-0.0322
2025-09-10 17:30:00+00:00,2025-09-10 18:30:00+00:00,LONG,113573.29,113563.99,0.5,-0.0806
2025-09-10 19:15:00+00:00,2025-09-10 20:15:00+00:00,LONG,113312.85,113727.54,0.5,0.1597
2025-09-10 20:55:00+00:00,2025-09-10 21:55:00+00:00,LONG,113566.39,113842.53,0.5,0.108
2025-09-10 23:30:00+00:00,2025-09-11 00:30:00+00:00,LONG,113821.98,113737.25,0.5,0.0027
2025-09-11 00:40:00+00:00,2025-09-11 01:40:00+00:00,LONG,113756.98,113906.94,0.5,0.0378
2025-09-11 02:05:00+00:00,2025-09-11 03:05:00+00:00,LONG,113925.63,113850.0,0.5,-0.0338
2025-09-11 03:10:00+00:00,2025-09-11 04:10:00+00:00,LONG,113944.7,114211.88,0.5,0.1173
2025-09-11 12:35:00+00:00,2025-09-11 13:35:00+00:00,LONG,113914.67,114083.99,0.5,-0.0359
2025-09-11 13:40:00+00:00,2025-09-11 14:40:00+00:00,LONG,113926.89,114534.6,0.5,0.2333
2025-09-11 16:10:00+00:00,2025-09-11 17:10:00+00:00,LONG,114314.09,114467.4,0.5,0.0594
2025-09-11 18:20:00+00:00,2025-09-11 19:20:00+00:00,LONG,114171.64,114182.04,0.5,0.0334
2025-09-11 19:25:00+00:00,2025-09-11 20:25:00+00:00,LONG,114335.77,114268.9,0.5,-0.0109
2025-09-11 20:30:00+00:00,2025-09-11 21:30:00+00:00,LONG,114279.58,114487.14,0.5,0.0711
2025-09-11 21:35:00+00:00,2025-09-11 22:35:00+00:00,LONG,114503.45,115174.01,0.5,0.2679
2025-09-12 00:15:00+00:00,2025-09-12 01:15:00+00:00,LONG,115492.05,115860.0,0.5,0.1159
2025-09-12 02:55:00+00:00,2025-09-12 03:55:00+00:00,LONG,115391.0,115194.14,0.5,-0.0762
2025-09-12 04:10:00+00:00,2025-09-12 05:10:00+00:00,LONG,115287.85,115418.26,0.5,0.0556
2025-09-12 12:10:00+00:00,2025-09-12 13:10:00+00:00,LONG,114856.17,114988.27,0.5,0.0873
2025-09-12 13:15:00+00:00,2025-09-12 14:15:00+00:00,LONG,114925.19,115349.98,0.5,0.0851
2025-09-12 14:40:00+00:00,2025-09-12 15:40:00+00:00,LONG,114865.31,115127.53,0.5,0.1231
2025-09-12 16:10:00+00:00,2025-09-12 17:10:00+00:00,LONG,115249.53,115600.0,0.5,0.1235
2025-09-12 17:15:00+00:00,2025-09-12 18:15:00+00:00,LONG,115669.1,116081.21,0.5,0.153
2025-09-12 18:20:00+00:00,2025-09-12 19:20:00+00:00,LONG,116115.35,116450.01,0.5,0.1233
2025-09-12 19:25:00+00:00,2025-09-12 20:25:00+00:00,LONG,116524.88,116036.55,0.5,-0.1961
2025-09-13 17:10:00+00:00,2025-09-13 18:10:00+00:00,LONG,115226.38,115568.75,0.5,0.1305
2025-09-13 18:20:00+00:00,2025-09-13 19:20:00+00:00,LONG,115563.34,115630.4,0.5,0.0107
2025-09-14 16:15:00+00:00,2025-09-14 17:15:00+00:00,LONG,115276.44,115505.71,0.5,0.0925
2025-09-14 19:10:00+00:00,2025-09-14 20:10:00+00:00,LONG,115446.35,115758.93,0.5,0.1041
2025-09-15 01:10:00+00:00,2025-09-15 02:10:00+00:00,LONG,114834.9,115375.86,0.5,0.2638
2025-09-15 04:10:00+00:00,2025-09-15 05:10:00+00:00,LONG,115497.99,116171.7,0.5,0.2483
2025-09-15 07:40:00+00:00,2025-09-15 08:40:00+00:00,LONG,115799.01,115255.68,0.5,-0.1747
2025-09-15 09:10:00+00:00,2025-09-15 10:10:00+00:00,LONG,114854.0,114840.91,0.5,-0.0076
2025-09-15 13:45:00+00:00,2025-09-15 14:45:00+00:00,LONG,114571.99,114804.42,0.5,0.1523
2025-09-15 15:00:00+00:00,2025-09-15 16:00:00+00:00,LONG,114609.66,114669.02,0.5,0.1017
2025-09-15 16:55:00+00:00,2025-09-15 17:55:00+00:00,LONG,114662.57,115120.03,0.5,0.105
2025-09-15 18:15:00+00:00,2025-09-15 19:15:00+00:00,LONG,114955.98,115197.52,0.5,0.0985
2025-09-15 19:25:00+00:00,2025-09-15 20:25:00+00:00,LONG,115100.71,115283.5,0.5,0.118
2025-09-16 04:10:00+00:00,2025-09-16 05:10:00+00:00,LONG,115110.21,115826.37,0.5,0.2771
2025-09-16 12:10:00+00:00,2025-09-16 13:10:00+00:00,LONG,115368.6,115391.04,0.5,0.0403
2025-09-16 13:35:00+00:00,2025-09-16 14:35:00+00:00,LONG,115165.21,114977.64,0.5,-0.07
2025-09-16 14:40:00+00:00,2025-09-16 15:40:00+00:00,LONG,115038.42,115350.0,0.5,0.0981
2025-09-16 15:45:00+00:00,2025-09-16 16:45:00+00:00,LONG,115465.82,115872.21,0.5,0.1657
2025-09-16 16:50:00+00:00,2025-09-16 17:50:00+00:00,LONG,115913.0,116488.05,0.5,0.2354
2025-09-16 18:35:00+00:00,2025-09-16 19:35:00+00:00,LONG,116320.81,116490.51,0.5,0.0571
2025-09-16 19:40:00+00:00,2025-09-16 20:40:00+00:00,LONG,116590.0,116874.07,0.5,0.117
2025-09-17 04:10:00+00:00,2025-09-17 05:10:00+00:00,LONG,116429.99,116559.15,0.5,0.0637
2025-09-17 05:15:00+00:00,2025-09-17 06:15:00+00:00,LONG,116599.99,117008.37,0.5,0.199
2025-09-17 13:45:00+00:00,2025-09-17 14:45:00+00:00,LONG,116100.0,115555.01,0.5,-0.2181
2025-09-17 14:50:00+00:00,2025-09-17 15:50:00+00:00,LONG,115655.96,115810.19,0.5,0.05
2025-09-17 16:05:00+00:00,2025-09-17 17:05:00+00:00,LONG,115652.82,115718.53,0.5,0.06
2025-09-17 18:40:00+00:00,2025-09-17 19:40:00+00:00,LONG,114902.33,115743.62,0.5,0.3057
2025-09-17 20:30:00+00:00,2025-09-17 21:30:00+00:00,LONG,115899.99,115761.0,0.5,-0.0422
2025-09-17 21:35:00+00:00,2025-09-17 22:35:00+00:00,LONG,115869.59,116346.15,0.5,0.1765
2025-09-17 22:45:00+00:00,2025-09-17 23:45:00+00:00,LONG,116363.36,116533.69,0.5,0.0122
2025-09-18 00:05:00+00:00,2025-09-18 01:05:00+00:00,LONG,116332.79,116541.13,0.5,0.0339
2025-09-18 01:10:00+00:00,2025-09-18 02:10:00+00:00,LONG,116599.49,116649.24,0.5,-0.0184
2025-09-18 02:15:00+00:00,2025-09-18 03:15:00+00:00,LONG,116632.0,117619.99,0.5,0.3453
2025-09-18 03:55:00+00:00,2025-09-18 04:55:00+00:00,LONG,117581.66,117605.16,0.5,-0.0329
2025-09-18 12:10:00+00:00,2025-09-18 13:10:00+00:00,LONG,117243.75,117386.85,0.5,0.0244
2025-09-18 13:45:00+00:00,2025-09-18 14:45:00+00:00,LONG,117294.64,117701.74,0.5,0.1999
2025-09-18 15:15:00+00:00,2025-09-18 16:15:00+00:00,LONG,117498.44,117749.98,0.5,0.0836
2025-09-18 23:10:00+00:00,2025-09-19 00:10:00+00:00,LONG,116778.97,117069.13,0.5,0.1385
2025-09-19 15:10:00+00:00,2025-09-19 16:10:00+00:00,LONG,115519.82,115972.92,0.5,0.2025
2025-09-19 20:10:00+00:00,2025-09-19 21:10:00+00:00,LONG,115313.01,115388.2,0.5,-0.003
2025-09-19 23:15:00+00:00,2025-09-20 00:15:00+00:00,LONG,115516.0,115600.0,0.5,0.0484
2025-09-20 04:35:00+00:00,2025-09-20 05:35:00+00:00,LONG,115541.88,115640.01,0.5,0.0341
2025-09-29 17:10:00+00:00,2025-09-29 18:10:00+00:00,LONG,113784.01,114031.25,0.5,0.0707
2025-09-29 19:10:00+00:00,2025-09-29 20:10:00+00:00,LONG,114009.66,114369.0,0.5,0.1463
2025-09-29 22:40:00+00:00,2025-09-29 23:40:00+00:00,LONG,114050.44,114227.96,0.5,0.0842
2025-09-30 00:20:00+00:00,2025-09-30 01:20:00+00:00,LONG,114089.61,114725.98,0.5,0.2281
2025-09-30 10:25:00+00:00,2025-09-30 11:25:00+00:00,LONG,112837.82,112927.45,0.5,-0.0086
2025-09-30 13:10:00+00:00,2025-09-30 14:10:00+00:00,LONG,113040.43,113135.93,0.5,0.0116
2025-09-30 14:15:00+00:00,2025-09-30 15:15:00+00:00,LONG,113195.97,113122.62,0.5,0.0104
2025-09-30 16:10:00+00:00,2025-09-30 17:10:00+00:00,LONG,113069.39,113133.6,0.5,0.0043
2025-09-30 17:15:00+00:00,2025-09-30 18:15:00+00:00,LONG,113223.55,113453.87,0.5,0.1279
2025-09-30 18:20:00+00:00,2025-09-30 19:20:00+00:00,LONG,113470.02,113893.55,0.5,0.1591
2025-09-30 19:25:00+00:00,2025-09-30 20:25:00+00:00,LONG,113945.66,114387.29,0.5,0.2191
2025-09-30 23:10:00+00:00,2025-10-01 00:10:00+00:00,LONG,113839.99,114156.18,0.5,0.1741
2025-10-01 00:25:00+00:00,2025-10-01 01:25:00+00:00,LONG,114021.86,114367.72,0.5,0.1226
2025-10-01 01:35:00+00:00,2025-10-01 02:35:00+00:00,LONG,114395.4,114433.68,0.5,0.0095
2025-10-01 04:55:00+00:00,2025-10-01 05:55:00+00:00,LONG,114289.01,114569.84,0.5,0.1414
2025-10-01 06:00:00+00:00,2025-10-01 07:00:00+00:00,LONG,114503.46,114386.63,0.5,-0.1078
2025-10-01 07:10:00+00:00,2025-10-01 08:10:00+00:00,LONG,114360.06,114577.85,0.5,0.0725
2025-10-01 08:15:00+00:00,2025-10-01 09:15:00+00:00,LONG,114729.09,116239.58,0.5,0.6543
2025-10-01 09:20:00+00:00,2025-10-01 10:20:00+00:00,LONG,116171.71,116305.76,0.5,0.0939
2025-10-01 10:25:00+00:00,2025-10-01 11:25:00+00:00,LONG,116240.63,116324.0,0.5,0.062
2025-10-01 11:30:00+00:00,2025-10-01 12:30:00+00:00,LONG,116443.99,116559.35,0.5,0.0811
2025-10-01 12:45:00+00:00,2025-10-01 13:45:00+00:00,LONG,116470.15,116460.94,0.5,0.0188
2025-10-01 13:50:00+00:00,2025-10-01 14:50:00+00:00,LONG,116675.22,117272.08,0.5,0.166
2025-10-01 14:55:00+00:00,2025-10-01 15:55:00+00:00,LONG,117292.74,117423.73,0.5,0.0153
2025-10-01 17:55:00+00:00,2025-10-01 18:55:00+00:00,LONG,116768.07,117234.01,0.5,0.2187
2025-10-01 19:00:00+00:00,2025-10-01 20:00:00+00:00,LONG,117330.73,117381.01,0.5,0.0463
2025-10-01 20:05:00+00:00,2025-10-01 21:05:00+00:00,LONG,117214.17,117492.9,0.5,0.134
2025-10-01 21:10:00+00:00,2025-10-01 22:10:00+00:00,LONG,117579.43,117835.0,0.5,0.1183
2025-10-01 22:35:00+00:00,2025-10-01 23:35:00+00:00,LONG,117648.26,118208.99,0.5,0.1961
2025-10-01 23:40:00+00:00,2025-10-02 00:40:00+00:00,LONG,118310.49,118592.33,0.5,0.2211
2025-10-02 01:25:00+00:00,2025-10-02 02:25:00+00:00,LONG,118485.0,118531.85,0.5,0.0911
2025-10-02 02:30:00+00:00,2025-10-02 03:30:00+00:00,LONG,118582.09,118934.46,0.5,0.1496
2025-10-02 08:10:00+00:00,2025-10-02 09:10:00+00:00,LONG,118357.41,118606.0,0.5,0.0885
2025-10-02 11:10:00+00:00,2025-10-02 12:10:00+00:00,LONG,118577.0,118862.91,0.5,0.1269
2025-10-02 12:15:00+00:00,2025-10-02 13:15:00+00:00,LONG,118868.86,119031.92,0.5,0.1026
2025-10-02 13:20:00+00:00,2025-10-02 14:20:00+00:00,LONG,119226.35,119617.89,0.5,0.1322
2025-10-02 14:40:00+00:00,2025-10-02 15:40:00+00:00,LONG,118999.99,119626.17,0.5,0.1391
2025-10-02 15:45:00+00:00,2025-10-02 16:45:00+00:00,LONG,119626.09,119843.5,0.5,0.0641
2025-10-02 16:50:00+00:00,2025-10-02 17:50:00+00:00,LONG,119776.01,119752.98,0.5,-0.0137
2025-10-02 17:55:00+00:00,2025-10-02 18:55:00+00:00,LONG,119917.52,120506.61,0.5,0.1979
2025-10-02 19:00:00+00:00,2025-10-02 20:00:00+00:00,LONG,120637.75,120853.66,0.5,0.0823
2025-10-02 22:45:00+00:00,2025-10-02 23:45:00+00:00,LONG,120163.49,120336.88,0.5,0.0777
2025-10-03 02:35:00+00:00,2025-10-03 03:35:00+00:00,LONG,120057.88,120385.33,0.5,0.0745
2025-10-03 08:10:00+00:00,2025-10-03 09:10:00+00:00,LONG,119498.74,120069.43,0.5,0.264
2025-10-03 09:40:00+00:00,2025-10-03 10:40:00+00:00,LONG,120192.88,120492.38,0.5,0.0853
2025-10-03 11:20:00+00:00,2025-10-03 12:20:00+00:00,LONG,120328.99,120298.99,0.5,-0.0148
2025-10-03 12:25:00+00:00,2025-10-03 13:25:00+00:00,LONG,120215.04,120529.7,0.5,0.0881
2025-10-03 13:30:00+00:00,2025-10-03 14:30:00+00:00,LONG,120454.92,120398.99,0.5,-0.0025
2025-10-03 14:35:00+00:00,2025-10-03 15:35:00+00:00,LONG,120680.0,121733.96,0.5,0.4433
2025-10-03 15:40:00+00:00,2025-10-03 16:40:00+00:00,LONG,121700.0,123778.33,0.5,0.8403
2025-10-03 16:55:00+00:00,2025-10-03 17:55:00+00:00,LONG,122553.3,122073.25,0.5,-0.3875
2025-10-03 18:00:00+00:00,2025-10-03 19:00:00+00:00,LONG,121802.73,122374.71,0.5,0.3011
2025-10-03 19:05:00+00:00,2025-10-03 20:05:00+00:00,LONG,122503.75,122165.11,0.5,-0.0634
2025-10-04 02:20:00+00:00,2025-10-04 03:20:00+00:00,LONG,121737.2,121999.99,0.5,0.0845
2025-10-04 19:10:00+00:00,2025-10-04 20:10:00+00:00,LONG,121800.98,121939.96,0.5,0.0487
2025-10-05 00:10:00+00:00,2025-10-05 01:10:00+00:00,LONG,122253.31,122306.52,0.5,0.0092
2025-10-05 01:15:00+00:00,2025-10-05 02:15:00+00:00,LONG,122235.74,122382.91,0.5,0.0667
2025-10-05 02:20:00+00:00,2025-10-05 03:20:00+00:00,LONG,122416.37,123594.04,0.5,0.4377
2025-10-05 04:10:00+00:00,2025-10-05 05:10:00+00:00,LONG,123907.99,125198.26,0.5,0.4372
2025-10-05 07:45:00+00:00,2025-10-05 08:45:00+00:00,LONG,124796.24,124673.9,0.5,-0.0407
2025-10-05 09:40:00+00:00,2025-10-05 10:40:00+00:00,LONG,122988.76,122816.66,0.5,-0.0718
2025-10-05 10:45:00+00:00,2025-10-05 11:45:00+00:00,LONG,123057.61,123380.67,0.5,0.1186
2025-10-05 16:25:00+00:00,2025-10-05 17:25:00+00:00,LONG,122952.31,123190.91,0.5,0.0919
2025-10-05 20:10:00+00:00,2025-10-05 21:10:00+00:00,LONG,122696.64,122619.11,0.5,-0.0557
2025-10-05 21:15:00+00:00,2025-10-05 22:15:00+00:00,LONG,122703.52,122999.99,0.5,0.0881
2025-10-05 22:20:00+00:00,2025-10-05 23:20:00+00:00,LONG,123250.0,123411.54,0.5,0.0775
2025-10-06 00:05:00+00:00,2025-10-06 01:05:00+00:00,LONG,123332.58,123482.08,0.5,0.0194
2025-10-06 01:10:00+00:00,2025-10-06 02:10:00+00:00,LONG,123486.87,123865.14,0.5,0.1545
2025-10-06 02:35:00+00:00,2025-10-06 03:35:00+00:00,LONG,123626.0,123975.45,0.5,0.1288
2025-10-06 08:10:00+00:00,2025-10-06 09:10:00+00:00,LONG,123635.79,123941.86,0.5,0.139
2025-10-06 09:25:00+00:00,2025-10-06 10:25:00+00:00,LONG,123907.92,124096.5,0.5,0.0702
2025-10-06 11:00:00+00:00,2025-10-06 12:00:00+00:00,LONG,123927.08,124389.08,0.5,0.116
2025-10-06 12:10:00+00:00,2025-10-06 13:10:00+00:00,LONG,124424.8,124693.89,0.5,0.1166
2025-10-06 13:15:00+00:00,2025-10-06 14:15:00+00:00,LONG,124738.22,124993.72,0.5,0.093
2025-10-06 14:55:00+00:00,2025-10-06 15:55:00+00:00,LONG,124530.0,125000.0,0.5,0.2506
2025-10-06 16:00:00+00:00,2025-10-06 17:00:00+00:00,LONG,124948.0,125416.98,0.5,0.2026
2025-10-06 17:05:00+00:00,2025-10-06 18:05:00+00:00,LONG,125577.02,125196.01,0.5,-0.1767
2025-10-06 18:10:00+00:00,2025-10-06 19:10:00+00:00,LONG,125243.0,125648.02,0.5,0.2134
2025-10-06 19:55:00+00:00,2025-10-06 20:55:00+00:00,LONG,125410.81,125211.02,0.5,-0.0793
2025-10-07 00:25:00+00:00,2025-10-07 01:25:00+00:00,LONG,124697.0,124713.98,0.5,-0.0605
2025-10-07 08:10:00+00:00,2025-10-07 09:10:00+00:00,LONG,123550.73,124124.11,0.5,0.1928
2025-10-07 10:00:00+00:00,2025-10-07 11:00:00+00:00,LONG,124062.01,124258.93,0.5,0.0887
2025-10-07 11:05:00+00:00,2025-10-07 12:05:00+00:00,LONG,124285.0,124493.02,0.5,0.0615
2025-10-07 15:10:00+00:00,2025-10-07 16:10:00+00:00,LONG,121951.08,121531.67,0.5,-0.1235
2025-10-07 16:15:00+00:00,2025-10-07 17:15:00+00:00,LONG,121595.84,121290.01,0.5,-0.0486
2025-10-07 18:05:00+00:00,2025-10-07 19:05:00+00:00,LONG,121093.21,121524.01,0.5,0.0617
2025-10-07 19:15:00+00:00,2025-10-07 20:15:00+00:00,LONG,121413.55,122013.67,0.5,0.2585
2025-10-08 00:10:00+00:00,2025-10-08 01:10:00+00:00,LONG,121551.37,121706.19,0.5,0.1757
2025-10-08 01:15:00+00:00,2025-10-08 02:15:00+00:00,LONG,122035.99,122020.24,0.5,-0.0398
2025-10-08 03:55:00+00:00,2025-10-08 04:55:00+00:00,LONG,121374.75,121900.0,0.5,0.1657
2025-10-08 05:35:00+00:00,2025-10-08 06:35:00+00:00,LONG,121442.15,121543.55,0.5,-0.0135
2025-10-08 07:40:00+00:00,2025-10-08 08:40:00+00:00,LONG,121481.31,122821.24,0.5,0.42
2025-10-08 08:55:00+00:00,2025-10-08 09:55:00+00:00,LONG,122381.85,122516.98,0.5,0.0343
2025-10-08 10:00:00+00:00,2025-10-08 11:00:00+00:00,LONG,122727.99,122906.3,0.5,0.0841
2025-10-08 11:45:00+00:00,2025-10-08 12:45:00+00:00,LONG,122842.22,122683.94,0.5,-0.0701
2025-10-08 13:30:00+00:00,2025-10-08 14:30:00+00:00,LONG,122544.11,122388.47,0.5,0.019
2025-10-08 15:50:00+00:00,2025-10-08 16:50:00+00:00,LONG,122120.54,122987.04,0.5,0.3038
2025-10-08 16:55:00+00:00,2025-10-08 17:55:00+00:00,LONG,123051.03,124033.19,0.5,0.3847
2025-10-08 18:05:00+00:00,2025-10-08 19:05:00+00:00,LONG,123920.33,123346.81,0.5,-0.1683
2025-10-08 19:10:00+00:00,2025-10-08 20:10:00+00:00,LONG,123260.0,123495.97,0.5,0.0573
2025-10-08 21:00:00+00:00,2025-10-08 22:00:00+00:00,LONG,123100.84,123305.17,0.5,0.0716
2025-10-08 23:10:00+00:00,2025-10-09 00:10:00+00:00,LONG,123140.0,123118.56,0.5,-0.0387
2025-10-09 05:20:00+00:00,2025-10-09 06:20:00+00:00,LONG,121911.99,122036.75,0.5,0.0099
2025-10-09 08:10:00+00:00,2025-10-09 09:10:00+00:00,LONG,121734.21,121594.87,0.5,-0.0718
2025-10-09 09:15:00+00:00,2025-10-09 10:15:00+00:00,LONG,121517.79,121725.7,0.5,0.1435
2025-10-09 10:20:00+00:00,2025-10-09 11:20:00+00:00,LONG,121775.29,122692.3,0.5,0.303
2025-10-09 14:45:00+00:00,2025-10-09 15:45:00+00:00,LONG,121051.15,121069.13,0.5,-0.108
2025-10-09 16:55:00+00:00,2025-10-09 17:55:00+00:00,LONG,119819.77,120974.0,0.5,0.3591
2025-10-09 18:00:00+00:00,2025-10-09 19:00:00+00:00,LONG,120825.93,120837.0,0.5,-0.0731
2025-10-09 19:10:00+00:00,2025-10-09 20:10:00+00:00,LONG,120939.58,120854.0,0.5,0.0325
2025-10-09 20:15:00+00:00,2025-10-09 21:15:00+00:00,LONG,120892.82,121370.71,0.5,0.1973
2025-10-10 04:40:00+00:00,2025-10-10 05:40:00+00:00,LONG,121152.69,121437.69,0.5,0.0647
2025-10-10 08:10:00+00:00,2025-10-10 09:10:00+00:00,LONG,121159.38,121515.8,0.5,0.1567
2025-10-10 10:00:00+00:00,2025-10-10 11:00:00+00:00,LONG,121361.17,121596.09,0.5,0.0557
2025-10-24 08:30:00+00:00,2025-10-24 09:30:00+00:00,LONG,110828.35,111347.57,0.5,0.2691
2025-10-24 11:35:00+00:00,2025-10-24 12:35:00+00:00,LONG,110992.17,111383.74,0.5,0.2536
2025-10-24 13:40:00+00:00,2025-10-24 14:40:00+00:00,LONG,110684.47,110060.01,0.5,-0.263
2025-10-24 14:45:00+00:00,2025-10-24 15:45:00+00:00,LONG,110038.39,110011.23,0.5,0.0479
2025-10-24 15:50:00+00:00,2025-10-24 16:50:00+00:00,LONG,110100.97,110187.11,0.5,-0.0041
2025-10-24 16:55:00+00:00,2025-10-24 17:55:00+00:00,LONG,110261.81,110235.22,0.5,0.033
2025-10-24 18:00:00+00:00,2025-10-24 19:00:00+00:00,LONG,110387.01,110760.45,0.5,0.1051
2025-10-24 20:00:00+00:00,2025-10-24 21:00:00+00:00,LONG,110550.38,110879.86,0.5,0.155
2025-10-24 21:15:00+00:00,2025-10-24 22:15:00+00:00,LONG,111008.04,111047.99,0.5,-0.0294
2025-10-25 01:10:00+00:00,2025-10-25 02:10:00+00:00,LONG,110888.0,110972.65,0.5,0.0505
2025-10-25 05:10:00+00:00,2025-10-25 06:10:00+00:00,LONG,111148.68,111406.14,0.5,0.1179
2025-10-25 16:10:00+00:00,2025-10-25 17:10:00+00:00,LONG,111244.32,111425.0,0.5,0.0806
2025-10-25 18:10:00+00:00,2025-10-25 19:10:00+00:00,LONG,111440.0,111605.48,0.5,0.0824
2025-10-26 05:05:00+00:00,2025-10-26 06:05:00+00:00,LONG,111434.57,111568.11,0.5,0.0634
2025-10-26 08:10:00+00:00,2025-10-26 09:10:00+00:00,LONG,111808.68,111708.63,0.5,-0.0336
2025-10-26 09:15:00+00:00,2025-10-26 10:15:00+00:00,LONG,111819.79,112367.34,0.5,0.2516
2025-10-26 10:20:00+00:00,2025-10-26 11:20:00+00:00,LONG,112347.28,112718.61,0.5,0.1184
2025-10-26 11:25:00+00:00,2025-10-26 12:25:00+00:00,LONG,112707.09,113644.82,0.5,0.3769
2025-10-26 15:10:00+00:00,2025-10-26 16:10:00+00:00,LONG,113533.8,113445.45,0.5,-0.0021
2025-10-26 20:10:00+00:00,2025-10-26 21:10:00+00:00,LONG,113532.77,113402.99,0.5,-0.0589
2025-10-26 21:15:00+00:00,2025-10-26 22:15:00+00:00,LONG,113366.38,114386.0,0.5,0.5484
2025-10-26 23:05:00+00:00,2025-10-27 00:05:00+00:00,LONG,114579.46,114841.46,0.5,0.0759
2025-10-27 00:50:00+00:00,2025-10-27 01:50:00+00:00,LONG,114833.39,115294.46,0.5,0.2192
2025-10-27 03:40:00+00:00,2025-10-27 04:40:00+00:00,LONG,114909.13,115266.5,0.5,0.1373
2025-10-27 04:45:00+00:00,2025-10-27 05:45:00+00:00,LONG,115247.96,115574.05,0.5,0.1706
2025-10-27 05:50:00+00:00,2025-10-27 06:50:00+00:00,LONG,115587.76,115952.78,0.5,0.16
2025-10-27 06:55:00+00:00,2025-10-27 07:55:00+00:00,LONG,116053.49,115554.6,0.5,-0.2213
2025-10-27 08:00:00+00:00,2025-10-27 09:00:00+00:00,LONG,115507.68,114920.02,0.5,-0.2138
2025-10-27 09:10:00+00:00,2025-10-27 10:10:00+00:00,LONG,115129.36,115346.65,0.5,0.1046
2025-10-27 10:15:00+00:00,2025-10-27 11:15:00+00:00,LONG,115509.33,115308.79,0.5,-0.0379
2025-10-27 13:35:00+00:00,2025-10-27 14:35:00+00:00,LONG,114731.65,114976.9,0.5,0.0894
2025-10-27 17:25:00+00:00,2025-10-27 18:25:00+00:00,LONG,115328.98,115404.31,0.5,0.0995
2025-10-27 23:10:00+00:00,2025-10-28 00:10:00+00:00,LONG,114024.53,114089.3,0.5,0.0324
2025-10-28 00:50:00+00:00,2025-10-28 01:50:00+00:00,LONG,113926.34,114450.72,0.5,0.2515
2025-10-28 02:50:00+00:00,2025-10-28 03:50:00+00:00,LONG,113906.06,113828.71,0.5,-0.0361
2025-10-28 04:10:00+00:00,2025-10-28 05:10:00+00:00,LONG,113924.0,113824.04,0.5,-0.0248
2025-10-28 05:45:00+00:00,2025-10-28 06:45:00+00:00,LONG,113720.01,114061.73,0.5,0.1264
2025-10-28 08:15:00+00:00,2025-10-28 09:15:00+00:00,LONG,114213.44,114409.62,0.5,0.0704
2025-10-28 09:30:00+00:00,2025-10-28 10:30:00+00:00,LONG,114312.47,114478.18,0.5,0.1018
2025-10-28 12:10:00+00:00,2025-10-28 13:10:00+00:00,LONG,114320.81,114759.98,0.5,0.2162
2025-10-28 13:15:00+00:00,2025-10-28 14:15:00+00:00,LONG,114900.01,115999.99,0.5,0.383
2025-10-28 14:45:00+00:00,2025-10-28 15:45:00+00:00,LONG,114801.22,114747.37,0.5,-0.1123
2025-10-28 16:10:00+00:00,2025-10-28 17:10:00+00:00,LONG,114862.92,115486.64,0.5,0.2302
2025-10-28 20:05:00+00:00,2025-10-28 21:05:00+00:00,LONG,113165.45,112437.04,0.5,-0.1926
2025-10-28 21:10:00+00:00,2025-10-28 22:10:00+00:00,LONG,112692.28,112850.45,0.5,0.0872
2025-10-28 22:15:00+00:00,2025-10-28 23:15:00+00:00,LONG,113058.37,112930.35,0.5,-0.0132
2025-10-29 01:10:00+00:00,2025-10-29 02:10:00+00:00,LONG,112317.71,112500.0,0.5,0.0693
2025-10-29 04:10:00+00:00,2025-10-29 05:10:00+00:00,LONG,112659.99,112888.22,0.5,0.0898
2025-10-29 05:55:00+00:00,2025-10-29 06:55:00+00:00,LONG,113039.1,113284.2,0.5,0.1326
2025-10-29 07:15:00+00:00,2025-10-29 08:15:00+00:00,LONG,113314.15,113398.2,0.5,0.0083
2025-10-29 16:10:00+00:00,2025-10-29 17:10:00+00:00,LONG,111052.16,111114.18,0.5,0.1197
2025-10-29 17:15:00+00:00,2025-10-29 18:15:00+00:00,LONG,111087.04,111536.88,0.5,0.0571
2025-10-29 18:40:00+00:00,2025-10-29 19:40:00+00:00,LONG,109756.51,110385.26,0.5,0.3075
2025-10-29 19:45:00+00:00,2025-10-29 20:45:00+00:00,LONG,110680.06,111339.24,0.5,0.2619
2025-10-29 23:40:00+00:00,2025-10-30 00:40:00+00:00,LONG,110003.25,110440.23,0.5,0.1192
2025-10-30 00:45:00+00:00,2025-10-30 01:45:00+00:00,LONG,110529.35,110584.76,0.5,0.0352
2025-10-30 02:00:00+00:00,2025-10-30 03:00:00+00:00,LONG,110399.98,110708.05,0.5,0.2647
2025-10-30 03:05:00+00:00,2025-10-30 04:05:00+00:00,LONG,110810.11,110320.41,0.5,-0.0679
2025-11-10 16:10:00+00:00,2025-11-10 17:10:00+00:00,LONG,105299.97,105294.49,0.5,0.0348
2025-11-10 17:15:00+00:00,2025-11-10 18:15:00+00:00,LONG,105363.84,105886.73,0.5,0.1662
2025-11-10 19:00:00+00:00,2025-11-10 20:00:00+00:00,LONG,105575.38,105933.32,0.5,0.1148
2025-11-10 21:05:00+00:00,2025-11-10 22:05:00+00:00,LONG,105666.79,105625.16,0.5,0.0031
2025-11-10 22:10:00+00:00,2025-11-10 23:10:00+00:00,LONG,105454.36,106108.87,0.5,0.2863
2025-11-11 00:10:00+00:00,2025-11-11 01:10:00+00:00,LONG,105890.32,106249.98,0.5,0.1182
2025-11-11 01:55:00+00:00,2025-11-11 02:55:00+00:00,LONG,106110.36,106655.02,0.5,0.2405
2025-11-11 03:00:00+00:00,2025-11-11 04:00:00+00:00,LONG,106716.01,106479.49,0.5,-0.122
2025-11-11 06:10:00+00:00,2025-11-11 07:10:00+00:00,LONG,105073.08,105231.99,0.5,0.0197
2025-11-11 08:10:00+00:00,2025-11-11 09:10:00+00:00,LONG,105055.49,105213.04,0.5,0.1639
2025-11-11 09:45:00+00:00,2025-11-11 10:45:00+00:00,LONG,105080.52,105116.08,0.5,0.0675
2025-11-11 10:50:00+00:00,2025-11-11 11:50:00+00:00,LONG,105095.88,105199.92,0.5,0.0917
2025-11-11 11:55:00+00:00,2025-11-11 12:55:00+00:00,LONG,105311.9,104530.83,0.5,-0.3543
2025-11-11 14:45:00+00:00,2025-11-11 15:45:00+00:00,LONG,103912.13,103370.37,0.5,-0.1895
2025-11-27 04:10:00+00:00,2025-11-27 05:10:00+00:00,LONG,91289.98,91298.36,0.5,-0.0452
2025-11-27 05:45:00+00:00,2025-11-27 06:45:00+00:00,LONG,91026.76,91311.82,0.5,0.1692
2025-11-27 06:55:00+00:00,2025-11-27 07:55:00+00:00,LONG,91244.58,91408.34,0.5,0.0886
2025-11-27 08:10:00+00:00,2025-11-27 09:10:00+00:00,LONG,91248.82,91511.01,0.5,0.1375
2025-11-27 10:35:00+00:00,2025-11-27 11:35:00+00:00,LONG,91435.94,91441.27,0.5,-0.0139
2025-11-27 13:10:00+00:00,2025-11-27 14:10:00+00:00,LONG,90816.98,90836.65,0.5,0.0272
2025-11-27 14:15:00+00:00,2025-11-27 15:15:00+00:00,LONG,90656.42,90831.64,0.5,0.02
2025-11-27 15:20:00+00:00,2025-11-27 16:20:00+00:00,LONG,90895.95,91204.09,0.5,0.1836
2025-11-27 16:30:00+00:00,2025-11-27 17:30:00+00:00,LONG,91278.14,91494.75,0.5,0.0507
2025-11-27 18:10:00+00:00,2025-11-27 19:10:00+00:00,LONG,91423.68,91629.07,0.5,0.1244
2025-11-27 20:00:00+00:00,2025-11-27 21:00:00+00:00,LONG,91461.54,91325.25,0.5,-0.0155
2025-11-28 00:15:00+00:00,2025-11-28 01:15:00+00:00,LONG,91139.04,90849.99,0.5,-0.1397
2025-11-28 02:10:00+00:00,2025-11-28 03:10:00+00:00,LONG,90898.0,91104.99,0.5,0.0867
2025-11-28 08:10:00+00:00,2025-11-28 09:10:00+00:00,LONG,91125.77,91673.99,0.5,0.3312
2025-11-28 09:40:00+00:00,2025-11-28 10:40:00+00:00,LONG,91479.51,91627.0,0.5,0.0964
2025-11-28 10:45:00+00:00,2025-11-28 11:45:00+00:00,LONG,91595.22,91395.46,0.5,-0.1631
2025-11-28 11:50:00+00:00,2025-11-28 12:50:00+00:00,LONG,91415.82,91493.56,0.5,0.0365
2025-11-28 12:55:00+00:00,2025-11-28 13:55:00+00:00,LONG,91513.4,92377.01,0.5,0.3429
2025-11-28 14:45:00+00:00,2025-11-28 15:45:00+00:00,LONG,92168.73,92441.85,0.5,0.1945
2025-11-28 15:50:00+00:00,2025-11-28 16:50:00+00:00,LONG,92374.84,91309.69,0.5,-0.4932
2025-11-28 17:00:00+00:00,2025-11-28 18:00:00+00:00,LONG,90997.59,90570.05,0.5,-0.1836
2025-11-28 18:05:00+00:00,2025-11-28 19:05:00+00:00,LONG,90622.85,90875.07,0.5,0.1389
2025-11-28 22:10:00+00:00,2025-11-28 23:10:00+00:00,LONG,90820.01,91113.34,0.5,0.133
2025-11-29 04:10:00+00:00,2025-11-29 05:10:00+00:00,LONG,90621.72,90789.15,0.5,0.1093
2025-11-29 06:25:00+00:00,2025-11-29 07:25:00+00:00,LONG,90549.78,90489.48,0.5,-0.0187
2025-11-29 07:35:00+00:00,2025-11-29 08:35:00+00:00,LONG,90395.48,90650.92,0.5,0.1756
2025-11-29 13:10:00+00:00,2025-11-29 14:10:00+00:00,LONG,90616.28,90734.0,0.5,0.0609
2025-11-29 15:10:00+00:00,2025-11-29 16:10:00+00:00,LONG,90758.57,91000.6,0.5,0.118
2025-11-29 18:10:00+00:00,2025-11-29 19:10:00+00:00,LONG,90370.11,90723.85,0.5,0.2195
2025-11-29 20:10:00+00:00,2025-11-29 21:10:00+00:00,LONG,90450.52,90850.14,0.5,0.218
2025-11-29 23:10:00+00:00,2025-11-30 00:10:00+00:00,LONG,90713.93,90887.35,0.5,0.1042
2025-11-30 03:10:00+00:00,2025-11-30 04:10:00+00:00,LONG,90615.48,90937.29,0.5,0.1775
2025-11-30 08:15:00+00:00,2025-11-30 09:15:00+00:00,LONG,91039.58,91514.16,0.5,0.2459
2025-11-30 12:10:00+00:00,2025-11-30 13:10:00+00:00,LONG,91244.57,91468.53,0.5,0.1011
2025-11-30 13:15:00+00:00,2025-11-30 14:15:00+00:00,LONG,91713.17,91553.2,0.5,-0.0166
2025-11-30 15:45:00+00:00,2025-11-30 16:45:00+00:00,LONG,91472.42,91830.0,0.5,0.1242
2025-11-30 18:10:00+00:00,2025-11-30 19:10:00+00:00,LONG,91303.56,91454.68,0.5,0.0821
2025-11-30 23:55:00+00:00,2025-12-01 00:55:00+00:00,LONG,90360.0,87000.0,0.5,-1.8081
2025-12-03 00:10:00+00:00,2025-12-03 01:10:00+00:00,LONG,91302.53,91726.28,0.5,0.1504
2025-12-03 01:15:00+00:00,2025-12-03 02:15:00+00:00,LONG,91858.46,92655.02,0.5,0.5551
2025-12-03 02:20:00+00:00,2025-12-03 03:20:00+00:00,LONG,92909.58,92723.1,0.5,-0.0439
2025-12-03 04:00:00+00:00,2025-12-03 05:00:00+00:00,LONG,92718.26,93345.28,0.5,0.3461
2025-12-03 05:15:00+00:00,2025-12-03 06:15:00+00:00,LONG,93178.01,93837.57,0.5,0.2793
2025-12-03 06:45:00+00:00,2025-12-03 07:45:00+00:00,LONG,93229.07,93047.99,0.5,-0.0746
2025-12-03 07:50:00+00:00,2025-12-03 08:50:00+00:00,LONG,93018.93,92715.61,0.5,-0.1178
2025-12-03 08:55:00+00:00,2025-12-03 09:55:00+00:00,LONG,92765.65,93178.46,0.5,0.209
2025-12-03 10:00:00+00:00,2025-12-03 11:00:00+00:00,LONG,93086.45,92910.0,0.5,-0.079
2025-12-03 11:05:00+00:00,2025-12-03 12:05:00+00:00,LONG,92942.54,92908.83,0.5,0.0614
2025-12-03 12:30:00+00:00,2025-12-03 13:30:00+00:00,LONG,92780.12,93093.03,0.5,0.1267
2025-12-03 14:05:00+00:00,2025-12-03 15:05:00+00:00,LONG,92060.39,92552.43,0.5,0.4647
2025-12-03 15:10:00+00:00,2025-12-03 16:10:00+00:00,LONG,92246.84,92032.82,0.5,-0.1934
2025-12-03 16:15:00+00:00,2025-12-03 17:15:00+00:00,LONG,92236.61,92260.57,0.5,0.2131
2025-12-03 17:20:00+00:00,2025-12-03 18:20:00+00:00,LONG,92506.94,93077.93,0.5,0.2248
2025-12-03 18:50:00+00:00,2025-12-03 19:50:00+00:00,LONG,92529.68,92994.6,0.5,0.2376
2025-12-03 20:05:00+00:00,2025-12-03 21:05:00+00:00,LONG,93021.32,93020.0,0.5,-0.0652
2025-12-03 21:10:00+00:00,2025-12-03 22:10:00+00:00,LONG,93052.23,93688.99,0.5,0.2507
2025-12-03 22:30:00+00:00,2025-12-03 23:30:00+00:00,LONG,93331.71,93560.91,0.5,0.1655
2025-12-04 00:10:00+00:00,2025-12-04 01:10:00+00:00,LONG,92952.99,93691.82,0.5,0.1429
2025-12-04 01:55:00+00:00,2025-12-04 02:55:00+00:00,LONG,93195.07,93943.24,0.5,0.3378
2025-12-04 03:40:00+00:00,2025-12-04 04:40:00+00:00,LONG,93477.55,93382.63,0.5,-0.0405
2025-12-04 05:10:00+00:00,2025-12-04 06:10:00+00:00,LONG,93203.68,93035.77,0.5,-0.1094
2025-12-04 06:15:00+00:00,2025-12-04 07:15:00+00:00,LONG,93063.81,93140.99,0.5,-0.0074
2025-12-04 07:20:00+00:00,2025-12-04 08:20:00+00:00,LONG,93045.42,93156.71,0.5,0.0775
2025-12-04 12:10:00+00:00,2025-12-04 13:10:00+00:00,LONG,92958.12,92549.5,0.5,-0.193
2025-12-04 13:15:00+00:00,2025-12-04 14:15:00+00:00,LONG,92701.2,92635.68,0.5,-0.0236
2025-12-04 14:55:00+00:00,2025-12-04 15:55:00+00:00,LONG,91894.01,92971.49,0.5,0.5642
2025-12-04 16:05:00+00:00,2025-12-04 17:05:00+00:00,LONG,92760.21,92215.04,0.5,-0.2487
2025-12-04 17:10:00+00:00,2025-12-04 18:10:00+00:00,LONG,92267.7,92378.82,0.5,0.0217
2025-12-04 19:10:00+00:00,2025-12-04 20:10:00+00:00,LONG,91289.34,92004.7,0.5,0.3829
2025-12-04 20:15:00+00:00,2025-12-04 21:15:00+00:00,LONG,92090.0,92499.93,0.5,0.1931
2025-12-05 00:10:00+00:00,2025-12-05 01:10:00+00:00,LONG,92075.38,92358.03,0.5,0.2263
2025-12-05 02:10:00+00:00,2025-12-05 03:10:00+00:00,LONG,92444.01,92567.25,0.5,0.1044
2025-12-05 04:25:00+00:00,2025-12-05 05:25:00+00:00,LONG,92190.16,91967.98,0.5,-0.1312
2025-12-05 05:35:00+00:00,2025-12-05 06:35:00+00:00,LONG,91959.76,92046.0,0.5,0.0494
2025-12-05 06:40:00+00:00,2025-12-05 07:40:00+00:00,LONG,92099.99,92311.39,0.5,0.1612
2025-12-05 09:45:00+00:00,2025-12-05 10:45:00+00:00,LONG,91145.28,91325.43,0.5,0.1877
2025-12-05 11:35:00+00:00,2025-12-05 12:35:00+00:00,LONG,91237.11,91257.97,0.5,0.0069
2025-12-05 13:40:00+00:00,2025-12-05 14:40:00+00:00,LONG,90420.47,90206.42,0.5,-0.1465
2025-12-05 14:45:00+00:00,2025-12-05 15:45:00+00:00,LONG,90103.98,91084.02,0.5,0.5108
2025-12-05 16:05:00+00:00,2025-12-05 17:05:00+00:00,LONG,89492.41,88803.05,0.5,-0.3413
2025-12-05 17:10:00+00:00,2025-12-05 18:10:00+00:00,LONG,88679.93,89606.96,0.5,0.546
2025-12-05 19:00:00+00:00,2025-12-05 20:00:00+00:00,LONG,88854.15,89545.18,0.5,0.4343
2025-12-05 21:50:00+00:00,2025-12-05 22:50:00+00:00,LONG,89207.11,89307.62,0.5,0.0687
2025-12-05 23:05:00+00:00,2025-12-06 00:05:00+00:00,LONG,89089.03,89190.16,0.5,0.0667
2025-12-06 00:10:00+00:00,2025-12-06 01:10:00+00:00,LONG,89114.88,89382.0,0.5,0.1695
2025-12-06 01:40:00+00:00,2025-12-06 02:40:00+00:00,LONG,89258.91,89239.21,0.5,-0.0279
2025-12-06 02:45:00+00:00,2025-12-06 03:45:00+00:00,LONG,89258.4,89735.77,0.5,0.2348
2025-12-06 08:30:00+00:00,2025-12-06 09:30:00+00:00,LONG,89277.48,89573.79,0.5,0.1996
2025-12-06 11:10:00+00:00,2025-12-06 12:10:00+00:00,LONG,89500.0,89582.26,0.5,0.0442
2025-12-08 04:10:00+00:00,2025-12-08 05:10:00+00:00,LONG,91113.21,91113.37,0.5,-0.0128
2025-12-08 05:15:00+00:00,2025-12-08 06:15:00+00:00,LONG,91320.0,91388.21,0.5,0.0338
2025-12-08 06:25:00+00:00,2025-12-08 07:25:00+00:00,LONG,91438.21,91694.45,0.5,0.1157
2025-12-08 08:10:00+00:00,2025-12-08 09:10:00+00:00,LONG,91593.96,92077.86,0.5,0.274
2025-12-08 10:10:00+00:00,2025-12-08 11:10:00+00:00,LONG,92031.25,92147.72,0.5,0.0536
2025-12-08 11:40:00+00:00,2025-12-08 12:40:00+00:00,LONG,91925.53,91753.02,0.5,-0.111
2025-12-08 16:10:00+00:00,2025-12-08 17:10:00+00:00,LONG,89950.01,90131.45,0.5,0.0933
2025-12-08 17:15:00+00:00,2025-12-08 18:15:00+00:00,LONG,90036.01,90442.39,0.5,0.151
2025-12-08 18:55:00+00:00,2025-12-08 19:55:00+00:00,LONG,89921.68,90124.48,0.5,0.2123
2025-12-08 20:00:00+00:00,2025-12-08 21:00:00+00:00,LONG,90277.37,90871.97,0.5,0.2886
2025-12-08 21:15:00+00:00,2025-12-08 22:15:00+00:00,LONG,90850.83,90997.69,0.5,0.0754
2025-12-08 23:35:00+00:00,2025-12-09 00:35:00+00:00,LONG,90640.29,90522.08,0.5,-0.1081
2025-12-09 00:45:00+00:00,2025-12-09 01:45:00+00:00,LONG,90385.88,90013.16,0.5,-0.1873
2025-12-09 01:50:00+00:00,2025-12-09 02:50:00+00:00,LONG,90068.18,90111.95,0.5,0.1175
2025-12-09 02:55:00+00:00,2025-12-09 03:55:00+00:00,LONG,90068.2,90405.01,0.5,0.1485
2025-12-09 04:40:00+00:00,2025-12-09 05:40:00+00:00,LONG,89921.88,90103.82,0.5,0.1234
2025-12-09 05:50:00+00:00,2025-12-09 06:50:00+00:00,LONG,89937.39,90191.92,0.5,0.0635
2025-12-09 06:55:00+00:00,2025-12-09 07:55:00+00:00,LONG,90166.84,90496.8,0.5,0.1928
2025-12-09 10:10:00+00:00,2025-12-09 11:10:00+00:00,LONG,90186.79,90247.29,0.5,0.0695
2025-12-09 11:20:00+00:00,2025-12-09 12:20:00+00:00,LONG,90238.2,90611.28,0.5,0.1862
2025-12-09 12:25:00+00:00,2025-12-09 13:25:00+00:00,LONG,90556.0,90694.83,0.5,0.0464
2025-12-09 13:30:00+00:00,2025-12-09 14:30:00+00:00,LONG,90645.11,90272.83,0.5,-0.2089
2025-12-09 14:35:00+00:00,2025-12-09 15:35:00+00:00,LONG,90342.01,91597.99,0.5,0.4083
2025-12-09 15:40:00+00:00,2025-12-09 16:40:00+00:00,LONG,92050.91,94228.67,0.5,0.9549
2025-12-09 17:20:00+00:00,2025-12-09 18:20:00+00:00,LONG,93649.33,94055.54,0.5,0.2586
2025-12-09 18:45:00+00:00,2025-12-09 19:45:00+00:00,LONG,93807.8,93829.58,0.5,-0.0394
2025-12-09 19:50:00+00:00,2025-12-09 20:50:00+00:00,LONG,93901.29,93061.61,0.5,-0.4214
2025-12-09 21:45:00+00:00,2025-12-09 22:45:00+00:00,LONG,92583.22,92950.78,0.5,0.1979
2025-12-09 23:10:00+00:00,2025-12-10 00:10:00+00:00,LONG,92587.81,92700.33,0.5,0.0711
2025-12-10 01:10:00+00:00,2025-12-10 02:10:00+00:00,LONG,92240.93,92228.57,0.5,-0.1155
2025-12-10 02:15:00+00:00,2025-12-10 03:15:00+00:00,LONG,92423.08,92385.29,0.5,0.0244
2025-12-10 04:30:00+00:00,2025-12-10 05:30:00+00:00,LONG,92456.28,92559.78,0.5,0.0682
2025-12-10 06:05:00+00:00,2025-12-10 07:05:00+00:00,LONG,92488.12,92595.1,0.5,0.1147
2025-12-10 07:20:00+00:00,2025-12-10 08:20:00+00:00,LONG,92570.75,92730.0,0.5,0.0657
2025-12-10 09:10:00+00:00,2025-12-10 10:10:00+00:00,LONG,92600.0,92991.18,0.5,0.2086
2025-12-10 10:50:00+00:00,2025-12-10 11:50:00+00:00,LONG,92269.26,92046.76,0.5,-0.1529
2025-12-10 11:55:00+00:00,2025-12-10 12:55:00+00:00,LONG,92120.45,91987.22,0.5,-0.1258
2025-12-10 13:00:00+00:00,2025-12-10 14:00:00+00:00,LONG,91976.42,92033.71,0.5,0.0637
2025-12-10 14:05:00+00:00,2025-12-10 15:05:00+00:00,LONG,92017.89,92017.1,0.5,0.0033
2025-12-10 15:10:00+00:00,2025-12-10 16:10:00+00:00,LONG,92092.82,92239.09,0.5,-0.0117
2025-12-10 16:35:00+00:00,2025-12-10 17:35:00+00:00,LONG,92413.97,92415.21,0.5,-0.0161
2025-12-10 17:40:00+00:00,2025-12-10 18:40:00+00:00,LONG,92435.47,92582.13,0.5,0.3078
2025-12-10 18:45:00+00:00,2025-12-10 19:45:00+00:00,LONG,92687.09,92718.32,0.5,-0.057
2025-12-10 19:50:00+00:00,2025-12-10 20:50:00+00:00,LONG,92980.95,92492.64,0.5,0.2537
2025-12-10 21:10:00+00:00,2025-12-10 22:10:00+00:00,LONG,92278.48,92190.8,0.5,0.1998
2025-12-10 22:15:00+00:00,2025-12-10 23:15:00+00:00,LONG,92047.91,92258.21,0.5,0.1451
2025-12-10 23:45:00+00:00,2025-12-11 00:45:00+00:00,LONG,91968.18,91200.88,0.5,-0.38
2025-12-11 03:10:00+00:00,2025-12-11 04:10:00+00:00,LONG,89633.05,90053.24,0.5,0.1926
2025-12-11 04:15:00+00:00,2025-12-11 05:15:00+00:00,LONG,89992.14,90204.56,0.5,0.0671
2025-12-11 06:20:00+00:00,2025-12-11 07:20:00+00:00,LONG,90044.99,90177.99,0.5,0.1084
2025-12-11 07:25:00+00:00,2025-12-11 08:25:00+00:00,LONG,90127.8,90121.01,0.5,0.0123
2025-12-11 08:30:00+00:00,2025-12-11 09:30:00+00:00,LONG,90021.46,90338.65,0.5,0.2214
2025-12-11 10:25:00+00:00,2025-12-11 11:25:00+00:00,LONG,90267.02,90259.56,0.5,0.0363
2025-12-11 13:10:00+00:00,2025-12-11 14:10:00+00:00,LONG,90044.15,90150.43,0.5,0.0028
2025-12-11 14:55:00+00:00,2025-12-11 15:55:00+00:00,LONG,89545.24,89872.51,0.5,0.1142
2025-12-11 16:00:00+00:00,2025-12-11 17:00:00+00:00,LONG,89767.06,89786.25,0.5,-0.0167
2025-12-11 17:05:00+00:00,2025-12-11 18:05:00+00:00,LONG,89810.71,90215.56,0.5,0.2088
2025-12-11 18:10:00+00:00,2025-12-11 19:10:00+00:00,LONG,90325.54,90792.0,0.5,0.2233
2025-12-11 19:55:00+00:00,2025-12-11 20:55:00+00:00,LONG,90839.81,91792.99,0.5,0.4313
2025-12-11 21:00:00+00:00,2025-12-11 22:00:00+00:00,LONG,91903.27,92940.33,0.5,0.517
2025-12-11 22:25:00+00:00,2025-12-11 23:25:00+00:00,LONG,92333.12,92495.71,0.5,0.1043
2025-12-12 00:00:00+00:00,2025-12-12 01:00:00+00:00,LONG,92460.87,91600.0,0.5,-0.482
2025-12-12 01:05:00+00:00,2025-12-12 02:05:00+00:00,LONG,91742.62,92071.23,0.5,0.1383
2025-12-12 02:10:00+00:00,2025-12-12 03:10:00+00:00,LONG,92392.01,92453.0,0.5,0.1124
2025-12-12 03:25:00+00:00,2025-12-12 04:25:00+00:00,LONG,92237.54,92208.0,0.5,-0.0377
2025-12-12 04:30:00+00:00,2025-12-12 05:30:00+00:00,LONG,92189.25,92234.01,0.5,-0.0304
2025-12-12 05:35:00+00:00,2025-12-12 06:35:00+00:00,LONG,92330.68,92530.45,0.5,0.1044
2025-12-12 07:40:00+00:00,2025-12-12 08:40:00+00:00,LONG,92439.99,92217.12,0.5,-0.1164
2025-12-12 09:10:00+00:00,2025-12-12 10:10:00+00:00,LONG,92345.32,92564.75,0.5,0.1364
2025-12-12 16:10:00+00:00,2025-12-12 17:10:00+00:00,LONG,89972.7,90345.93,0.5,0.1307
2025-12-12 17:30:00+00:00,2025-12-12 18:30:00+00:00,LONG,90098.0,90543.29,0.5,0.2452
2025-12-12 18:45:00+00:00,2025-12-12 19:45:00+00:00,LONG,90615.58,90170.83,0.5,-0.2697
2025-12-12 19:50:00+00:00,2025-12-12 20:50:00+00:00,LONG,90220.47,90318.17,0.5,-0.0347
2025-12-12 21:25:00+00:00,2025-12-12 22:25:00+00:00,LONG,90178.09,90330.5,0.5,0.1056
2025-12-21 21:55:00+00:00,2025-12-21 22:55:00+00:00,LONG,88162.86,88483.63,0.5,0.1764
2025-12-21 23:35:00+00:00,2025-12-22 00:35:00+00:00,LONG,88550.78,89160.34,0.5,0.2009
2025-12-22 02:05:00+00:00,2025-12-22 03:05:00+00:00,LONG,88329.17,88623.03,0.5,0.0338
2025-12-22 03:10:00+00:00,2025-12-22 04:10:00+00:00,LONG,88583.78,88777.92,0.5,0.0881
2025-12-22 05:00:00+00:00,2025-12-22 06:00:00+00:00,LONG,88877.83,88856.15,0.5,-0.0262
2025-12-22 06:10:00+00:00,2025-12-22 07:10:00+00:00,LONG,88752.75,89148.08,0.5,0.2306
2025-12-22 07:50:00+00:00,2025-12-22 08:50:00+00:00,LONG,89067.82,89418.31,0.5,0.2254
2025-12-22 08:55:00+00:00,2025-12-22 09:55:00+00:00,LONG,89334.2,89829.6,0.5,0.2021
2025-12-22 10:05:00+00:00,2025-12-22 11:05:00+00:00,LONG,89656.97,89810.5,0.5,0.0648
2025-12-22 11:10:00+00:00,2025-12-22 12:10:00+00:00,LONG,89790.0,90078.84,0.5,0.149
2025-12-22 13:45:00+00:00,2025-12-22 14:45:00+00:00,LONG,89919.84,90094.28,0.5,-0.0487
2025-12-22 14:50:00+00:00,2025-12-22 15:50:00+00:00,LONG,90267.5,89598.76,0.5,-0.4324
2025-12-22 15:55:00+00:00,2025-12-22 16:55:00+00:00,LONG,89726.92,89550.0,0.5,-0.0609
2025-12-22 20:10:00+00:00,2025-12-22 21:10:00+00:00,LONG,88160.95,88342.18,0.5,0.1507
2025-12-22 21:55:00+00:00,2025-12-22 22:55:00+00:00,LONG,88275.06,88660.07,0.5,0.2449
2025-12-22 23:40:00+00:00,2025-12-23 00:40:00+00:00,LONG,88504.79,88737.8,0.5,0.2203
2025-12-23 03:10:00+00:00,2025-12-23 04:10:00+00:00,LONG,88127.99,88308.91,0.5,0.0644
2025-12-23 05:15:00+00:00,2025-12-23 06:15:00+00:00,LONG,87971.63,87263.17,0.5,-0.2459
2025-12-23 06:20:00+00:00,2025-12-23 07:20:00+00:00,LONG,87163.01,87545.78,0.5,0.1914
2025-12-23 08:50:00+00:00,2025-12-23 09:50:00+00:00,LONG,87445.13,87510.61,0.5,0.0349
2025-12-26 08:10:00+00:00,2025-12-26 09:10:00+00:00,LONG,88662.35,88682.49,0.5,0.0192
2025-12-26 09:15:00+00:00,2025-12-26 10:15:00+00:00,LONG,88690.52,88750.69,0.5,0.1025
2025-12-29 00:10:00+00:00,2025-12-29 01:10:00+00:00,LONG,87888.59,88064.8,0.5,0.1072
2025-12-29 01:15:00+00:00,2025-12-29 02:15:00+00:00,LONG,88036.18,89032.76,0.5,0.6933
2025-12-29 02:20:00+00:00,2025-12-29 03:20:00+00:00,LONG,88926.2,89373.53,0.5,0.3092
2025-12-29 03:25:00+00:00,2025-12-29 04:25:00+00:00,LONG,89481.42,90090.47,0.5,0.3
2025-12-29 12:10:00+00:00,2025-12-29 13:10:00+00:00,LONG,86962.74,87328.43,0.5,0.2464
2025-12-29 13:15:00+00:00,2025-12-29 14:15:00+00:00,LONG,87463.76,87422.47,0.5,-0.0201
2025-12-29 15:00:00+00:00,2025-12-29 16:00:00+00:00,LONG,87314.0,87634.06,0.5,0.2158
2025-12-29 16:05:00+00:00,2025-12-29 17:05:00+00:00,LONG,87764.3,87627.88,0.5,-0.0184
2025-12-29 17:25:00+00:00,2025-12-29 18:25:00+00:00,LONG,87437.96,87712.54,0.5,0.2267
2025-12-30 12:10:00+00:00,2025-12-30 13:10:00+00:00,LONG,88038.03,87961.13,0.5,-0.0426
2025-12-30 13:15:00+00:00,2025-12-30 14:15:00+00:00,LONG,88000.0,88188.29,0.5,0.0148
2025-12-30 14:20:00+00:00,2025-12-30 15:20:00+00:00,LONG,88215.54,88312.55,0.5,0.0626
2025-12-30 15:25:00+00:00,2025-12-30 16:25:00+00:00,LONG,88472.51,89218.56,0.5,0.4481
2025-12-30 19:10:00+00:00,2025-12-30 20:10:00+00:00,LONG,88067.86,88131.22,0.5,0.033
2025-12-30 20:50:00+00:00,2025-12-30 21:50:00+00:00,LONG,87889.12,88264.8,0.5,0.2049
2025-12-30 21:55:00+00:00,2025-12-30 22:55:00+00:00,LONG,88287.27,88430.19,0.5,0.053
2025-12-31 01:10:00+00:00,2025-12-31 02:10:00+00:00,LONG,88308.52,88677.0,0.5,0.1582
2025-12-31 05:20:00+00:00,2025-12-31 06:20:00+00:00,LONG,88421.54,88535.32,0.5,0.0443
2025-12-31 07:20:00+00:00,2025-12-31 08:20:00+00:00,LONG,88480.51,88661.09,0.5,0.1014
2025-12-31 08:40:00+00:00,2025-12-31 09:40:00+00:00,LONG,88420.02,88651.0,0.5,0.1382
2025-12-31 10:40:00+00:00,2025-12-31 11:40:00+00:00,LONG,88752.86,89024.5,0.5,0.1033
2025-12-31 13:35:00+00:00,2025-12-31 14:35:00+00:00,LONG,88750.27,88637.89,0.5,0.0177
2025-12-31 20:10:00+00:00,2025-12-31 21:10:00+00:00,LONG,87544.21,87751.89,0.5,0.0972
2026-01-01 00:40:00+00:00,2026-01-01 01:40:00+00:00,LONG,87748.89,87886.0,0.5,0.0583
2026-01-01 16:10:00+00:00,2026-01-01 17:10:00+00:00,LONG,87943.53,88053.83,0.5,0.0325
2026-01-01 17:15:00+00:00,2026-01-01 18:15:00+00:00,LONG,88067.87,88199.99,0.5,0.0582
2026-01-01 18:30:00+00:00,2026-01-01 19:30:00+00:00,LONG,88127.3,88166.76,0.5,0.0224
2026-01-01 19:35:00+00:00,2026-01-01 20:35:00+00:00,LONG,88270.17,88289.15,0.5,0.0305
2026-01-01 21:10:00+00:00,2026-01-01 22:10:00+00:00,LONG,88387.32,88516.19,0.5,0.0799
2026-01-01 22:20:00+00:00,2026-01-01 23:20:00+00:00,LONG,88522.5,88767.66,0.5,0.0936
2026-01-02 02:10:00+00:00,2026-01-02 03:10:00+00:00,LONG,88484.76,88963.05,0.5,0.1523
2026-01-02 05:25:00+00:00,2026-01-02 06:25:00+00:00,LONG,88583.52,88922.22,0.5,0.162
2026-01-02 08:10:00+00:00,2026-01-02 09:10:00+00:00,LONG,89076.0,89252.0,0.5,0.0376
2026-01-02 09:20:00+00:00,2026-01-02 10:20:00+00:00,LONG,89150.0,89753.27,0.5,0.4027
2026-01-02 14:10:00+00:00,2026-01-02 15:10:00+00:00,LONG,89133.35,89170.15,0.5,0.1409
2026-01-02 15:15:00+00:00,2026-01-02 16:15:00+00:00,LONG,89144.88,89760.02,0.5,0.3502
2026-01-02 16:20:00+00:00,2026-01-02 17:20:00+00:00,LONG,90022.01,90627.51,0.5,0.4594
2026-01-02 17:50:00+00:00,2026-01-02 18:50:00+00:00,LONG,90347.43,89708.39,0.5,-0.2737
2026-01-02 18:55:00+00:00,2026-01-02 19:55:00+00:00,LONG,89773.1,89897.23,0.5,0.0998
2026-01-02 20:00:00+00:00,2026-01-02 21:00:00+00:00,LONG,89912.24,89810.0,0.5,-0.0959
2026-01-02 21:10:00+00:00,2026-01-02 22:10:00+00:00,LONG,89813.05,90124.0,0.5,0.2184
2026-01-03 00:15:00+00:00,2026-01-03 01:15:00+00:00,LONG,89966.49,90171.19,0.5,0.1472
2026-01-03 01:25:00+00:00,2026-01-03 02:25:00+00:00,LONG,90079.95,90261.48,0.5,0.1054
2026-01-03 08:10:00+00:00,2026-01-03 09:10:00+00:00,LONG,89530.0,89682.57,0.5,0.0648
2026-01-03 09:15:00+00:00,2026-01-03 10:15:00+00:00,LONG,89683.69,89731.04,0.5,0.0253
2026-01-03 12:10:00+00:00,2026-01-03 13:10:00+00:00,LONG,89672.1,89922.25,0.5,0.154
2026-01-03 20:10:00+00:00,2026-01-03 21:10:00+00:00,LONG,90065.2,90361.5,0.5,0.1554
2026-01-03 21:15:00+00:00,2026-01-03 22:15:00+00:00,LONG,90412.95,90615.01,0.5,0.0595
2026-01-04 01:35:00+00:00,2026-01-04 02:35:00+00:00,LONG,91150.0,91208.86,0.5,0.0411
2026-01-04 03:10:00+00:00,2026-01-04 04:10:00+00:00,LONG,91338.6,91319.79,0.5,-0.0464
2026-01-04 06:45:00+00:00,2026-01-04 07:45:00+00:00,LONG,91312.39,91446.75,0.5,0.0975
2026-01-04 07:50:00+00:00,2026-01-04 08:50:00+00:00,LONG,91452.5,91312.39,0.5,-0.0088
2026-01-04 13:10:00+00:00,2026-01-04 14:10:00+00:00,LONG,91188.41,91398.06,0.5,0.0864
2026-01-04 14:35:00+00:00,2026-01-04 15:35:00+00:00,LONG,91178.65,91225.17,0.5,0.0511
2026-01-04 19:10:00+00:00,2026-01-04 20:10:00+00:00,LONG,91012.94,91270.0,0.5,0.1024
2026-01-04 21:40:00+00:00,2026-01-04 22:40:00+00:00,LONG,91212.0,91203.74,0.5,-0.0161
2026-01-04 23:10:00+00:00,2026-01-05 00:10:00+00:00,LONG,91333.33,91895.35,0.5,0.2288
2026-01-05 00:15:00+00:00,2026-01-05 01:15:00+00:00,LONG,91920.81,92845.83,0.5,0.5591
2026-01-05 02:00:00+00:00,2026-01-05 03:00:00+00:00,LONG,93042.63,93153.05,0.5,-0.0051
2026-01-05 06:10:00+00:00,2026-01-05 07:10:00+00:00,LONG,92436.24,92625.46,0.5,0.0395
2026-01-05 08:40:00+00:00,2026-01-05 09:40:00+00:00,LONG,92485.13,92646.44,0.5,0.0638
2026-01-05 09:45:00+00:00,2026-01-05 10:45:00+00:00,LONG,92773.99,93029.99,0.5,0.0427
2026-01-05 10:50:00+00:00,2026-01-05 11:50:00+00:00,LONG,93137.4,93120.9,0.5,-0.007
2026-01-05 12:05:00+00:00,2026-01-05 13:05:00+00:00,LONG,93084.19,92924.72,0.5,-0.1012
2026-01-05 13:10:00+00:00,2026-01-05 14:10:00+00:00,LONG,92934.81,92750.0,0.5,-0.0797
2026-01-05 14:15:00+00:00,2026-01-05 15:15:00+00:00,LONG,92775.51,93658.0,0.5,0.356
2026-01-05 15:20:00+00:00,2026-01-05 16:20:00+00:00,LONG,93325.02,93828.89,0.5,0.3436
2026-01-05 16:50:00+00:00,2026-01-05 17:50:00+00:00,LONG,93715.39,94039.29,0.5,0.0661
2026-01-05 18:20:00+00:00,2026-01-05 19:20:00+00:00,LONG,94035.34,94303.31,0.5,0.1477
2026-01-06 00:10:00+00:00,2026-01-06 01:10:00+00:00,LONG,93725.93,93917.31,0.5,0.0744
2026-01-06 08:25:00+00:00,2026-01-06 09:25:00+00:00,LONG,93331.98,93470.01,0.5,0.099
2026-01-06 09:35:00+00:00,2026-01-06 10:35:00+00:00,LONG,93392.22,93590.38,0.5,0.1134
2026-01-06 10:40:00+00:00,2026-01-06 11:40:00+00:00,LONG,93580.06,93804.3,0.5,0.1182
2026-01-06 12:05:00+00:00,2026-01-06 13:05:00+00:00,LONG,93937.24,93863.34,0.5,-0.0643
2026-01-06 15:40:00+00:00,2026-01-06 16:40:00+00:00,LONG,93497.95,92554.53,0.5,-0.4116
2026-01-06 18:00:00+00:00,2026-01-06 19:00:00+00:00,LONG,91717.92,92036.8,0.5,0.1721
2026-01-06 19:05:00+00:00,2026-01-06 20:05:00+00:00,LONG,92141.08,92379.82,0.5,0.1349
2026-01-06 20:10:00+00:00,2026-01-06 21:10:00+00:00,LONG,92424.97,92896.54,0.5,-0.0222
2026-01-06 21:15:00+00:00,2026-01-06 22:15:00+00:00,LONG,93715.97,92984.11,0.5,-0.3251
2026-01-06 22:20:00+00:00,2026-01-06 23:20:00+00:00,LONG,93164.99,93429.4,0.5,0.1821
2026-01-06 23:25:00+00:00,2026-01-07 00:25:00+00:00,LONG,93528.43,93350.03,0.5,-0.0528
2026-01-07 02:10:00+00:00,2026-01-07 03:10:00+00:00,LONG,92658.38,92962.01,0.5,0.164
2026-01-07 06:45:00+00:00,2026-01-07 07:45:00+00:00,LONG,92723.8,92817.1,0.5,0.0584
2026-01-07 07:50:00+00:00,2026-01-07 08:50:00+00:00,LONG,92842.14,92742.81,0.5,-0.0749
2026-01-07 10:10:00+00:00,2026-01-07 11:10:00+00:00,LONG,91837.79,92121.26,0.5,0.1682
2026-01-07 14:10:00+00:00,2026-01-07 15:10:00+00:00,LONG,91701.85,91671.29,0.5,0.0104
2026-01-07 16:40:00+00:00,2026-01-07 17:40:00+00:00,LONG,91460.23,91604.2,0.5,0.0898
2026-01-07 17:55:00+00:00,2026-01-07 18:55:00+00:00,LONG,91252.14,90901.39,0.5,-0.1713
2026-01-07 19:00:00+00:00,2026-01-07 20:00:00+00:00,LONG,91091.59,91255.96,0.5,0.0518
2026-01-07 20:15:00+00:00,2026-01-07 21:15:00+00:00,LONG,91034.15,91204.84,0.5,0.0785
2026-01-07 22:05:00+00:00,2026-01-07 23:05:00+00:00,LONG,91080.67,91020.01,0.5,-0.0151
2026-01-07 23:10:00+00:00,2026-01-08 00:10:00+00:00,LONG,91224.0,91219.19,0.5,0.0382
2026-01-08 00:25:00+00:00,2026-01-08 01:25:00+00:00,LONG,91111.99,91518.0,0.5,0.2287
2026-01-08 03:55:00+00:00,2026-01-08 04:55:00+00:00,LONG,90813.4,91022.75,0.5,0.115
2026-01-08 06:05:00+00:00,2026-01-08 07:05:00+00:00,LONG,90580.62,89979.22,0.5,-0.381
2026-01-08 07:10:00+00:00,2026-01-08 08:10:00+00:00,LONG,90047.88,90627.29,0.5,0.2699
2026-01-08 08:55:00+00:00,2026-01-08 09:55:00+00:00,LONG,90227.25,90010.0,0.5,-0.0831
2026-01-08 10:05:00+00:00,2026-01-08 11:05:00+00:00,LONG,90002.1,90305.2,0.5,0.256
2026-01-08 12:10:00+00:00,2026-01-08 13:10:00+00:00,LONG,89884.59,89973.71,0.5,0.0479
2026-01-08 13:15:00+00:00,2026-01-08 14:15:00+00:00,LONG,90021.99,89809.3,0.5,-0.0935
2026-01-08 14:20:00+00:00,2026-01-08 15:20:00+00:00,LONG,89745.35,90483.54,0.5,0.3681
2026-01-08 15:25:00+00:00,2026-01-08 16:25:00+00:00,LONG,90584.67,90667.67,0.5,-0.0109
2026-01-08 16:30:00+00:00,2026-01-08 17:30:00+00:00,LONG,90498.8,91059.6,0.5,0.2022
2026-01-08 20:05:00+00:00,2026-01-08 21:05:00+00:00,LONG,90610.29,91073.6,0.5,0.2592
2026-01-09 00:10:00+00:00,2026-01-09 01:10:00+00:00,LONG,91145.61,91270.74,0.5,0.0928
2026-01-09 01:45:00+00:00,2026-01-09 02:45:00+00:00,LONG,91060.83,91127.05,0.5,0.0852
2026-01-09 03:25:00+00:00,2026-01-09 04:25:00+00:00,LONG,91022.64,91127.17,0.5,0.052
2026-01-09 08:45:00+00:00,2026-01-09 09:45:00+00:00,LONG,89900.99,90364.9,0.5,0.2568
2026-01-09 10:00:00+00:00,2026-01-09 11:00:00+00:00,LONG,90287.23,90577.73,0.5,0.1099
2026-01-09 12:10:00+00:00,2026-01-09 13:10:00+00:00,LONG,90418.77,90631.31,0.5,0.0463
2026-01-09 13:25:00+00:00,2026-01-09 14:25:00+00:00,LONG,90591.46,90556.92,0.5,-0.0665
2026-01-09 14:30:00+00:00,2026-01-09 15:30:00+00:00,LONG,90223.09,91881.45,0.5,0.8013
2026-01-12 00:10:00+00:00,2026-01-12 01:10:00+00:00,LONG,90917.71,91534.92,0.5,0.3304
2026-01-12 01:30:00+00:00,2026-01-12 02:30:00+00:00,LONG,91188.6,91719.54,0.5,0.325
2026-01-12 02:35:00+00:00,2026-01-12 03:35:00+00:00,LONG,91876.33,92140.9,0.5,0.1872
2026-01-12 04:10:00+00:00,2026-01-12 05:10:00+00:00,LONG,92100.12,92133.09,0.5,0.0508
2026-01-12 08:40:00+00:00,2026-01-12 09:40:00+00:00,LONG,90560.01,90836.98,0.5,0.1262
2026-01-12 12:10:00+00:00,2026-01-12 13:10:00+00:00,LONG,90761.73,90553.96,0.5,-0.1097
2026-01-12 13:15:00+00:00,2026-01-12 14:15:00+00:00,LONG,90705.91,90482.24,0.5,-0.0302
2026-01-12 14:20:00+00:00,2026-01-12 15:20:00+00:00,LONG,90218.95,91228.42,0.5,0.5547
2026-01-12 15:25:00+00:00,2026-01-12 16:25:00+00:00,LONG,91320.0,92217.62,0.5,0.2864
2026-01-12 17:35:00+00:00,2026-01-12 18:35:00+00:00,LONG,91299.31,91659.7,0.5,0.1443
2026-01-12 18:40:00+00:00,2026-01-12 19:40:00+00:00,LONG,91658.12,91800.76,0.5,0.0927
2026-01-12 19:50:00+00:00,2026-01-12 20:50:00+00:00,LONG,91863.39,91430.55,0.5,-0.1936
2026-01-12 23:05:00+00:00,2026-01-13 00:05:00+00:00,LONG,91131.95,91350.93,0.5,0.1314
2026-01-13 03:10:00+00:00,2026-01-13 04:10:00+00:00,LONG,91272.54,91460.09,0.5,0.0905
2026-01-13 04:30:00+00:00,2026-01-13 05:30:00+00:00,LONG,91384.21,91870.25,0.5,0.381
2026-01-13 06:10:00+00:00,2026-01-13 07:10:00+00:00,LONG,91928.38,92030.65,0.5,0.0847
2026-01-13 08:15:00+00:00,2026-01-13 09:15:00+00:00,LONG,92039.99,92420.0,0.5,0.2114
2026-01-13 09:45:00+00:00,2026-01-13 10:45:00+00:00,LONG,92263.71,92050.63,0.5,-0.1139
2026-01-13 12:10:00+00:00,2026-01-13 13:10:00+00:00,LONG,91940.41,92006.42,0.5,0.0725
2026-01-13 13:15:00+00:00,2026-01-13 14:15:00+00:00,LONG,92000.01,92125.2,0.5,-0.0158
2026-01-13 14:20:00+00:00,2026-01-13 15:20:00+00:00,LONG,92244.95,92378.32,0.5,0.0439
2026-01-13 15:25:00+00:00,2026-01-13 16:25:00+00:00,LONG,92397.13,93199.99,0.5,0.4692
2026-01-13 16:30:00+00:00,2026-01-13 17:30:00+00:00,LONG,93539.64,93387.26,0.5,-0.0667
2026-01-13 17:35:00+00:00,2026-01-13 18:35:00+00:00,LONG,93208.08,93633.52,0.5,0.2266
2026-01-13 18:45:00+00:00,2026-01-13 19:45:00+00:00,LONG,93678.06,94088.78,0.5,0.1891
2026-01-13 19:50:00+00:00,2026-01-13 20:50:00+00:00,LONG,94199.99,94325.75,0.5,0.0112
2026-01-13 20:55:00+00:00,2026-01-13 21:55:00+00:00,LONG,94408.7,94087.23,0.5,-0.1509
2026-01-13 22:00:00+00:00,2026-01-13 23:00:00+00:00,LONG,94099.42,95856.82,0.5,0.8732
2026-01-13 23:40:00+00:00,2026-01-14 00:40:00+00:00,LONG,95194.8,95293.62,0.5,0.0544
2026-01-14 01:00:00+00:00,2026-01-14 02:00:00+00:00,LONG,95266.61,95215.28,0.5,-0.011
2026-01-14 02:05:00+00:00,2026-01-14 03:05:00+00:00,LONG,95305.26,95350.0,0.5,0.0407
2026-01-14 03:10:00+00:00,2026-01-14 04:10:00+00:00,LONG,95433.44,95420.34,0.5,-0.027
2026-01-14 06:10:00+00:00,2026-01-14 07:10:00+00:00,LONG,94863.17,95043.0,0.5,0.1163
2026-01-14 07:25:00+00:00,2026-01-14 08:25:00+00:00,LONG,94935.14,95170.3,0.5,0.159
2026-01-14 12:10:00+00:00,2026-01-14 13:10:00+00:00,LONG,95019.0,94963.76,0.5,0.0095
2026-01-14 13:15:00+00:00,2026-01-14 14:15:00+00:00,LONG,95031.51,95640.0,0.5,0.2336
2026-01-14 14:20:00+00:00,2026-01-14 15:20:00+00:00,LONG,95799.99,96875.58,0.5,0.5702
2026-01-14 15:25:00+00:00,2026-01-14 16:25:00+00:00,LONG,96745.76,97248.37,0.5,0.2332
2026-01-14 16:35:00+00:00,2026-01-14 17:35:00+00:00,LONG,97472.65,96945.38,0.5,-0.2055
2026-01-14 17:40:00+00:00,2026-01-14 18:40:00+00:00,LONG,97174.66,96376.8,0.5,-0.4065
2026-01-14 18:45:00+00:00,2026-01-14 19:45:00+00:00,LONG,96674.13,97416.77,0.5,0.3514
2026-01-14 19:50:00+00:00,2026-01-14 20:50:00+00:00,LONG,97300.5,97517.76,0.5,0.0765
2026-01-14 23:00:00+00:00,2026-01-15 00:00:00+00:00,LONG,97099.99,96832.48,0.5,-0.0764
2026-01-15 00:05:00+00:00,2026-01-15 01:05:00+00:00,LONG,96842.9,96798.36,0.5,0.0382
2026-01-15 04:10:00+00:00,2026-01-15 05:10:00+00:00,LONG,96074.3,96267.93,0.5,0.1476
2026-01-15 05:15:00+00:00,2026-01-15 06:15:00+00:00,LONG,96406.46,96569.8,0.5,0.0205
2026-01-15 06:35:00+00:00,2026-01-15 07:35:00+00:00,LONG,96243.01,96566.18,0.5,0.1563
2026-01-15 07:55:00+00:00,2026-01-15 08:55:00+00:00,LONG,96630.48,96643.0,0.5,-0.0067
2026-01-15 09:15:00+00:00,2026-01-15 10:15:00+00:00,LONG,96633.87,96818.01,0.5,0.1174
2026-01-15 12:10:00+00:00,2026-01-15 13:10:00+00:00,LONG,96674.64,96865.95,0.5,0.1003
2026-01-15 13:35:00+00:00,2026-01-15 14:35:00+00:00,LONG,96715.07,96203.24,0.5,-0.0849
2026-01-15 14:40:00+00:00,2026-01-15 15:40:00+00:00,LONG,95825.51,95880.69,0.5,-0.073
2026-01-15 15:45:00+00:00,2026-01-15 16:45:00+00:00,LONG,95475.0,96698.93,0.5,0.6858
2026-01-15 20:20:00+00:00,2026-01-15 21:20:00+00:00,LONG,95409.69,95401.34,0.5,-0.0301
2026-01-15 21:25:00+00:00,2026-01-15 22:25:00+00:00,LONG,95439.06,95706.59,0.5,0.1034
2026-01-15 23:10:00+00:00,2026-01-16 00:10:00+00:00,LONG,95602.07,95671.96,0.5,0.0267
2026-01-16 04:40:00+00:00,2026-01-16 05:40:00+00:00,LONG,95232.6,95592.59,0.5,0.1402
2026-01-16 06:20:00+00:00,2026-01-16 07:20:00+00:00,LONG,95673.62,95661.32,0.5,0.001
2026-01-16 07:40:00+00:00,2026-01-16 08:40:00+00:00,LONG,95489.61,95781.43,0.5,0.1156
2026-01-16 15:35:00+00:00,2026-01-16 16:35:00+00:00,LONG,94749.71,94896.97,0.5,-0.0251
2026-01-16 16:40:00+00:00,2026-01-16 17:40:00+00:00,LONG,94900.0,94923.06,0.5,-0.0342
2026-01-16 17:45:00+00:00,2026-01-16 18:45:00+00:00,LONG,94857.34,95023.99,0.5,0.1473
2026-01-16 19:10:00+00:00,2026-01-16 20:10:00+00:00,LONG,94980.99,94880.54,0.5,-0.1359
2026-01-16 20:15:00+00:00,2026-01-16 21:15:00+00:00,LONG,94994.71,95411.4,0.5,0.2213
2026-01-16 22:10:00+00:00,2026-01-16 23:10:00+00:00,LONG,95383.94,95526.16,0.5,0.0262
2026-01-17 13:10:00+00:00,2026-01-17 14:10:00+00:00,LONG,95244.54,95432.98,0.5,0.0764
2026-01-18 13:25:00+00:00,2026-01-18 14:25:00+00:00,LONG,94969.95,95165.0,0.5,0.1158
2026-01-18 15:10:00+00:00,2026-01-18 16:10:00+00:00,LONG,95009.31,95153.13,0.5,0.0776
2026-01-18 18:10:00+00:00,2026-01-18 19:10:00+00:00,LONG,95228.06,95430.77,0.5,0.1148
2026-01-19 00:05:00+00:00,2026-01-19 01:05:00+00:00,LONG,92881.51,92781.29,0.5,-0.1354
2026-01-19 01:15:00+00:00,2026-01-19 02:15:00+00:00,LONG,92778.0,92471.98,0.5,-0.1923
2026-01-19 06:10:00+00:00,2026-01-19 07:10:00+00:00,LONG,92543.22,92622.0,0.5,0.0271
2026-01-19 07:15:00+00:00,2026-01-19 08:15:00+00:00,LONG,92646.64,92925.28,0.5,0.0663
2026-01-19 08:20:00+00:00,2026-01-19 09:20:00+00:00,LONG,93212.95,93071.26,0.5,-0.1272
2026-01-19 10:10:00+00:00,2026-01-19 11:10:00+00:00,LONG,92968.03,92998.43,0.5,0.0266
2026-01-19 11:15:00+00:00,2026-01-19 12:15:00+00:00,LONG,93005.23,93118.0,0.5,0.0295
2026-02-26 08:10:00+00:00,2026-02-26 09:10:00+00:00,LONG,68048.93,68325.83,0.5,0.0375
2026-02-26 09:15:00+00:00,2026-02-26 10:15:00+00:00,LONG,68208.61,68472.0,0.5,0.224
2026-02-26 11:45:00+00:00,2026-02-26 12:45:00+00:00,LONG,68025.27,68179.71,0.5,0.0419
2026-02-26 14:10:00+00:00,2026-02-26 15:10:00+00:00,LONG,67987.84,67374.3,0.5,-0.471
2026-02-26 15:15:00+00:00,2026-02-26 16:15:00+00:00,LONG,66965.23,67208.12,0.5,0.1378
2026-02-26 16:40:00+00:00,2026-02-26 17:40:00+00:00,LONG,67041.58,66747.47,0.5,-0.1849
2026-02-26 17:45:00+00:00,2026-02-26 18:45:00+00:00,LONG,66681.66,67247.1,0.5,0.434
2026-02-26 18:50:00+00:00,2026-02-26 19:50:00+00:00,LONG,67276.82,67595.84,0.5,0.1893
2026-02-26 20:40:00+00:00,2026-02-26 21:40:00+00:00,LONG,67470.59,67440.03,0.5,-0.0541
2026-02-26 22:25:00+00:00,2026-02-26 23:25:00+00:00,LONG,67414.52,67569.44,0.5,0.1153
2026-02-27 00:15:00+00:00,2026-02-27 01:15:00+00:00,LONG,67294.11,67047.66,0.5,-0.2204
2026-02-27 01:20:00+00:00,2026-02-27 02:20:00+00:00,LONG,67075.01,67401.73,0.5,0.3304
2026-02-27 03:00:00+00:00,2026-02-27 04:00:00+00:00,LONG,67251.92,67811.15,0.5,0.2587
2026-02-27 06:25:00+00:00,2026-02-27 07:25:00+00:00,LONG,67605.15,67506.39,0.5,0.0006
2026-02-27 07:30:00+00:00,2026-02-27 08:30:00+00:00,LONG,67619.68,67868.09,0.5,0.2568
2026-02-27 11:40:00+00:00,2026-02-27 12:40:00+00:00,LONG,66002.58,65897.31,0.5,-0.0398
2026-02-27 12:45:00+00:00,2026-02-27 13:45:00+00:00,LONG,65756.95,66150.31,0.5,0.2079
2026-02-27 13:50:00+00:00,2026-02-27 14:50:00+00:00,LONG,66226.79,65840.55,0.5,-0.2582
2026-02-27 14:55:00+00:00,2026-02-27 15:55:00+00:00,LONG,65887.59,66095.4,0.5,0.2145
2026-02-27 16:05:00+00:00,2026-02-27 17:05:00+00:00,LONG,65911.65,65651.7,0.5,-0.2131
2026-03-02 12:25:00+00:00,2026-03-02 13:25:00+00:00,LONG,66134.9,65815.35,0.5,-0.065
2026-03-02 13:30:00+00:00,2026-03-02 14:30:00+00:00,LONG,65850.29,66262.25,0.5,-0.1987
2026-03-02 14:35:00+00:00,2026-03-02 15:35:00+00:00,LONG,66342.41,69451.48,0.5,1.8668
2026-03-02 15:40:00+00:00,2026-03-02 16:40:00+00:00,LONG,69516.47,69861.03,0.5,-0.2479
2026-03-02 17:00:00+00:00,2026-03-02 18:00:00+00:00,LONG,69571.43,68927.4,0.5,-0.2691
2026-03-02 18:05:00+00:00,2026-03-02 19:05:00+00:00,LONG,69016.4,68774.52,0.5,-0.0879
2026-03-02 19:10:00+00:00,2026-03-02 20:10:00+00:00,LONG,68745.59,68738.01,0.5,0.1037
2026-03-02 20:15:00+00:00,2026-03-02 21:15:00+00:00,LONG,68882.01,69199.62,0.5,0.2892
2026-03-02 22:15:00+00:00,2026-03-02 23:15:00+00:00,LONG,69186.44,69239.19,0.5,0.0266
2026-03-02 23:40:00+00:00,2026-03-03 00:40:00+00:00,LONG,68796.86,69108.17,0.5,0.2214
2026-03-03 02:05:00+00:00,2026-03-03 03:05:00+00:00,LONG,68634.96,68369.28,0.5,-0.1655
2026-03-03 03:20:00+00:00,2026-03-03 04:20:00+00:00,LONG,68334.18,68353.37,0.5,0.0302
2026-03-03 04:40:00+00:00,2026-03-03 05:40:00+00:00,LONG,68194.9,68079.39,0.5,-0.0344
2026-03-03 05:45:00+00:00,2026-03-03 06:45:00+00:00,LONG,67870.03,67861.05,0.5,0.092
2026-03-03 06:50:00+00:00,2026-03-03 07:50:00+00:00,LONG,68016.1,68217.77,0.5,0.1124
2026-03-03 08:00:00+00:00,2026-03-03 09:00:00+00:00,LONG,68152.4,66966.31,0.5,-0.8502
2026-03-03 09:25:00+00:00,2026-03-03 10:25:00+00:00,LONG,66629.37,66512.33,0.5,0.0069
2026-03-03 10:30:00+00:00,2026-03-03 11:30:00+00:00,LONG,66497.35,66886.65,0.5,0.2551
2026-03-03 12:45:00+00:00,2026-03-03 13:45:00+00:00,LONG,67385.95,66737.76,0.5,-0.3909
2026-03-03 13:50:00+00:00,2026-03-03 14:50:00+00:00,LONG,66912.39,66786.72,0.5,-0.4702
2026-03-03 14:55:00+00:00,2026-03-03 15:55:00+00:00,LONG,66568.95,67725.81,0.5,0.7474
2026-03-03 16:00:00+00:00,2026-03-03 17:00:00+00:00,LONG,67936.54,67988.75,0.5,0.1759
2026-03-03 17:05:00+00:00,2026-03-03 18:05:00+00:00,LONG,67906.06,68271.09,0.5,0.2609
2026-03-03 18:15:00+00:00,2026-03-03 19:15:00+00:00,LONG,68291.48,68659.57,0.5,0.2407
2026-03-03 19:35:00+00:00,2026-03-03 20:35:00+00:00,LONG,68600.7,68355.71,0.5,-0.1624
2026-03-03 20:55:00+00:00,2026-03-03 21:55:00+00:00,LONG,68266.0,68024.62,0.5,-0.1527
2026-03-03 22:00:00+00:00,2026-03-03 23:00:00+00:00,LONG,68308.63,68346.63,0.5,0.0136
2026-03-03 23:05:00+00:00,2026-03-04 00:05:00+00:00,LONG,68450.18,68189.65,0.5,-0.1391
2026-03-04 01:20:00+00:00,2026-03-04 02:20:00+00:00,LONG,68005.51,68156.95,0.5,0.1787
2026-03-04 02:25:00+00:00,2026-03-04 03:25:00+00:00,LONG,68067.01,67976.25,0.5,0.0899
2026-03-04 03:35:00+00:00,2026-03-04 04:35:00+00:00,LONG,67633.43,67569.58,0.5,-0.0324
2026-03-04 04:40:00+00:00,2026-03-04 05:40:00+00:00,LONG,67641.75,68206.36,0.5,0.2273
2026-03-04 05:45:00+00:00,2026-03-04 06:45:00+00:00,LONG,68162.89,68669.0,0.5,0.3672
2026-03-04 06:50:00+00:00,2026-03-04 07:50:00+00:00,LONG,68499.42,69329.76,0.5,0.6718
2026-03-04 07:55:00+00:00,2026-03-04 08:55:00+00:00,LONG,69493.13,71011.4,0.5,0.8377
2026-03-04 09:00:00+00:00,2026-03-04 10:00:00+00:00,LONG,70815.23,71634.62,0.5,0.4957
2026-03-04 10:05:00+00:00,2026-03-04 11:05:00+00:00,LONG,71836.82,71270.81,0.5,-0.3285
2026-03-04 11:10:00+00:00,2026-03-04 12:10:00+00:00,LONG,71427.72,70880.4,0.5,-0.3935
2026-03-04 12:15:00+00:00,2026-03-04 13:15:00+00:00,LONG,70789.99,71321.16,0.5,0.3589
2026-03-04 13:20:00+00:00,2026-03-04 14:20:00+00:00,LONG,71251.7,71593.35,0.5,0.3232
2026-03-04 14:25:00+00:00,2026-03-04 15:25:00+00:00,LONG,71751.67,72972.15,0.5,0.379
2026-03-04 15:30:00+00:00,2026-03-04 16:30:00+00:00,LONG,72837.7,73100.0,0.5,0.0869
2026-03-04 17:25:00+00:00,2026-03-04 18:25:00+00:00,LONG,73053.05,73405.9,0.5,0.1889
2026-03-04 18:30:00+00:00,2026-03-04 19:30:00+00:00,LONG,73237.99,73561.8,0.5,0.218
2026-03-04 21:10:00+00:00,2026-03-04 22:10:00+00:00,LONG,73060.84,73244.25,0.5,0.2712
2026-03-04 22:55:00+00:00,2026-03-04 23:55:00+00:00,LONG,72705.86,72666.77,0.5,-0.0254
2026-03-05 00:00:00+00:00,2026-03-05 01:00:00+00:00,LONG,72677.33,72731.81,0.5,0.0568
2026-03-05 01:05:00+00:00,2026-03-05 02:05:00+00:00,LONG,73070.04,72744.7,0.5,-0.2875
2026-03-05 02:35:00+00:00,2026-03-05 03:35:00+00:00,LONG,72387.98,72419.0,0.5,0.0152
2026-03-05 03:40:00+00:00,2026-03-05 04:40:00+00:00,LONG,72349.06,72922.81,0.5,0.2874
2026-03-05 06:10:00+00:00,2026-03-05 07:10:00+00:00,LONG,72150.71,72647.81,0.5,0.2275
2026-03-05 07:45:00+00:00,2026-03-05 08:45:00+00:00,LONG,72148.4,72264.36,0.5,0.021
2026-03-05 08:50:00+00:00,2026-03-05 09:50:00+00:00,LONG,72283.64,72510.05,0.5,0.1778
2026-03-05 09:55:00+00:00,2026-03-05 10:55:00+00:00,LONG,72591.59,73388.92,0.5,0.5755
2026-03-05 11:05:00+00:00,2026-03-05 12:05:00+00:00,LONG,73126.98,72925.66,0.5,-0.2206
2026-03-05 14:40:00+00:00,2026-03-05 15:40:00+00:00,LONG,72004.99,71457.5,0.5,-0.2539
2026-03-05 15:50:00+00:00,2026-03-05 16:50:00+00:00,LONG,71700.01,71209.78,0.5,-0.2756
2026-03-05 17:35:00+00:00,2026-03-05 18:35:00+00:00,LONG,70911.44,70900.0,0.5,0.0466
2026-03-05 18:55:00+00:00,2026-03-05 19:55:00+00:00,LONG,70990.65,70918.07,0.5,-0.0386
2026-03-05 20:10:00+00:00,2026-03-05 21:10:00+00:00,LONG,71100.0,71301.71,0.5,0.1617
2026-03-05 23:45:00+00:00,2026-03-06 00:45:00+00:00,LONG,70852.97,70930.36,0.5,0.0326
2026-03-06 00:50:00+00:00,2026-03-06 01:50:00+00:00,LONG,70960.77,71192.42,0.5,0.142
2026-03-06 02:05:00+00:00,2026-03-06 03:05:00+00:00,LONG,71271.0,71236.76,0.5,-0.0153
2026-03-06 03:15:00+00:00,2026-03-06 04:15:00+00:00,LONG,71067.89,70929.83,0.5,-0.1106
2026-03-06 04:40:00+00:00,2026-03-06 05:40:00+00:00,LONG,70524.0,70201.81,0.5,-0.1589
2026-03-06 05:45:00+00:00,2026-03-06 06:45:00+00:00,LONG,70161.39,70741.8,0.5,0.3604
2026-03-06 06:50:00+00:00,2026-03-06 07:50:00+00:00,LONG,70595.84,71117.99,0.5,0.3672
2026-03-06 08:00:00+00:00,2026-03-06 09:00:00+00:00,LONG,70951.48,70787.93,0.5,-0.1143
2026-03-06 16:10:00+00:00,2026-03-06 17:10:00+00:00,LONG,68333.77,68403.61,0.5,0.1609
2026-03-06 17:35:00+00:00,2026-03-06 18:35:00+00:00,LONG,67858.74,68403.57,0.5,0.4224
2026-03-06 18:55:00+00:00,2026-03-06 19:55:00+00:00,LONG,68181.2,68131.79,0.5,-0.0875
2026-03-06 20:10:00+00:00,2026-03-06 21:10:00+00:00,LONG,68014.44,68148.66,0.5,0.1157
2026-03-06 21:20:00+00:00,2026-03-06 22:20:00+00:00,LONG,67983.47,68312.14,0.5,0.2617
2026-03-07 00:10:00+00:00,2026-03-07 01:10:00+00:00,LONG,68214.04,68240.16,0.5,0.0833
2026-03-07 02:10:00+00:00,2026-03-07 03:10:00+00:00,LONG,68240.01,68515.19,0.5,0.113
2026-03-07 04:00:00+00:00,2026-03-07 05:00:00+00:00,LONG,67903.11,68117.07,0.5,0.1179
2026-03-07 05:20:00+00:00,2026-03-07 06:20:00+00:00,LONG,67977.42,67917.82,0.5,-0.0378
2026-03-07 06:55:00+00:00,2026-03-07 07:55:00+00:00,LONG,67690.86,67842.67,0.5,0.0972
2026-03-07 09:00:00+00:00,2026-03-07 10:00:00+00:00,LONG,67788.0,68050.0,0.5,0.1561
2026-03-07 11:10:00+00:00,2026-03-07 12:10:00+00:00,LONG,68186.93,68000.01,0.5,-0.1466
2026-03-07 14:10:00+00:00,2026-03-07 15:10:00+00:00,LONG,67748.01,67920.17,0.5,0.1774
2026-03-10 04:10:00+00:00,2026-03-10 05:10:00+00:00,LONG,69733.7,70170.0,0.5,0.3225
2026-03-10 05:40:00+00:00,2026-03-10 06:40:00+00:00,LONG,69915.41,69968.9,0.5,0.1222
2026-03-10 06:45:00+00:00,2026-03-10 07:45:00+00:00,LONG,69986.88,70404.77,0.5,0.2376
2026-03-10 07:50:00+00:00,2026-03-10 08:50:00+00:00,LONG,70390.67,70699.99,0.5,0.3114
2026-03-10 08:55:00+00:00,2026-03-10 09:55:00+00:00,LONG,70709.37,71078.92,0.5,0.2669
2026-03-10 10:00:00+00:00,2026-03-10 11:00:00+00:00,LONG,70983.77,70814.74,0.5,-0.1479
2026-03-10 11:10:00+00:00,2026-03-10 12:10:00+00:00,LONG,70618.08,70422.24,0.5,-0.1578
2026-03-10 12:15:00+00:00,2026-03-10 13:15:00+00:00,LONG,70456.38,70711.18,0.5,0.2106
2026-03-10 13:35:00+00:00,2026-03-10 14:35:00+00:00,LONG,69774.57,70177.38,0.5,0.1365
2026-03-10 14:40:00+00:00,2026-03-10 15:40:00+00:00,LONG,70457.31,71119.17,0.5,0.4681
2026-03-10 15:45:00+00:00,2026-03-10 16:45:00+00:00,LONG,71068.75,71252.18,0.5,0.2203
2026-03-10 19:05:00+00:00,2026-03-10 20:05:00+00:00,LONG,70109.2,70098.08,0.5,0.0469
2026-03-10 20:20:00+00:00,2026-03-10 21:20:00+00:00,LONG,70206.04,70053.72,0.5,-0.0956
2026-03-10 21:30:00+00:00,2026-03-10 22:30:00+00:00,LONG,70001.2,69579.22,0.5,-0.2865
2026-03-10 22:35:00+00:00,2026-03-10 23:35:00+00:00,LONG,69628.0,69921.43,0.5,0.1449
2026-03-10 23:55:00+00:00,2026-03-11 00:55:00+00:00,LONG,69948.63,70044.87,0.5,0.1196
2026-03-11 04:10:00+00:00,2026-03-11 05:10:00+00:00,LONG,69645.82,70007.62,0.5,0.2537
2026-03-11 05:45:00+00:00,2026-03-11 06:45:00+00:00,LONG,69547.66,69741.02,0.5,0.2032
2026-03-11 06:50:00+00:00,2026-03-11 07:50:00+00:00,LONG,69943.6,69641.92,0.5,-0.2099
2026-03-11 07:55:00+00:00,2026-03-11 08:55:00+00:00,LONG,69648.29,69662.24,0.5,-0.0808
2026-03-11 12:10:00+00:00,2026-03-11 13:10:00+00:00,LONG,69152.82,69860.64,0.5,0.2124
2026-03-11 13:15:00+00:00,2026-03-11 14:15:00+00:00,LONG,70079.99,70475.25,0.5,0.1055
2026-03-11 14:20:00+00:00,2026-03-11 15:20:00+00:00,LONG,70407.15,70405.94,0.5,-0.1144
2026-03-11 15:25:00+00:00,2026-03-11 16:25:00+00:00,LONG,70206.0,70463.49,0.5,0.138
2026-03-11 16:30:00+00:00,2026-03-11 17:30:00+00:00,LONG,70713.25,70973.09,0.5,0.3798
2026-03-11 17:40:00+00:00,2026-03-11 18:40:00+00:00,LONG,70822.08,70512.48,0.5,-0.2551
2026-03-11 18:45:00+00:00,2026-03-11 19:45:00+00:00,LONG,70653.34,70654.83,0.5,0.0152
2026-03-11 19:50:00+00:00,2026-03-11 20:50:00+00:00,LONG,70691.05,70599.99,0.5,-0.1089
2026-03-11 23:55:00+00:00,2026-03-12 00:55:00+00:00,LONG,70191.86,70225.34,0.5,0.0277
2026-03-12 04:35:00+00:00,2026-03-12 05:35:00+00:00,LONG,69427.37,69432.76,0.5,-0.0468
2026-03-12 05:40:00+00:00,2026-03-12 06:40:00+00:00,LONG,69511.01,69484.52,0.5,-0.0467
2026-03-12 06:45:00+00:00,2026-03-12 07:45:00+00:00,LONG,69489.26,69846.02,0.5,0.134
2026-03-12 08:10:00+00:00,2026-03-12 09:10:00+00:00,LONG,69772.39,69790.15,0.5,0.015
2026-03-12 09:15:00+00:00,2026-03-12 10:15:00+00:00,LONG,69640.06,70029.54,0.5,0.2334
2026-03-12 10:20:00+00:00,2026-03-12 11:20:00+00:00,LONG,70111.27,70529.83,0.5,0.29
2026-03-12 11:55:00+00:00,2026-03-12 12:55:00+00:00,LONG,70427.91,70381.8,0.5,-0.0462
2026-03-12 13:45:00+00:00,2026-03-12 14:45:00+00:00,LONG,70039.16,69463.69,0.5,-0.3217
2026-03-12 14:50:00+00:00,2026-03-12 15:50:00+00:00,LONG,69498.4,70366.31,0.5,0.6256
2026-03-12 15:55:00+00:00,2026-03-12 16:55:00+00:00,LONG,70334.88,70381.16,0.5,0.0919
2026-03-12 17:20:00+00:00,2026-03-12 18:20:00+00:00,LONG,70429.09,70016.31,0.5,-0.2225
2026-03-12 18:25:00+00:00,2026-03-12 19:25:00+00:00,LONG,70019.71,70209.97,0.5,0.043
2026-03-12 19:30:00+00:00,2026-03-12 20:30:00+00:00,LONG,70327.88,70232.78,0.5,-0.0148
2026-03-12 20:45:00+00:00,2026-03-12 21:45:00+00:00,LONG,70232.57,70326.75,0.5,0.0318
2026-03-12 22:20:00+00:00,2026-03-12 23:20:00+00:00,LONG,70172.12,70545.57,0.5,0.3002
2026-03-13 00:05:00+00:00,2026-03-13 01:05:00+00:00,LONG,70633.78,71634.33,0.5,0.6372
2026-03-13 01:25:00+00:00,2026-03-13 02:25:00+00:00,LONG,71527.19,71454.56,0.5,-0.0415
2026-03-13 02:40:00+00:00,2026-03-13 03:40:00+00:00,LONG,71175.0,71152.37,0.5,-0.0879
2026-03-13 03:45:00+00:00,2026-03-13 04:45:00+00:00,LONG,71142.79,71353.49,0.5,0.1826
2026-03-13 04:55:00+00:00,2026-03-13 05:55:00+00:00,LONG,71393.94,71546.29,0.5,0.0978
2026-03-13 06:05:00+00:00,2026-03-13 07:05:00+00:00,LONG,71544.22,71471.7,0.5,-0.087
2026-03-13 07:10:00+00:00,2026-03-13 08:10:00+00:00,LONG,71423.43,71471.72,0.5,0.0127
2026-03-13 08:15:00+00:00,2026-03-13 09:15:00+00:00,LONG,71558.3,71796.57,0.5,0.1375
2026-03-13 09:20:00+00:00,2026-03-13 10:20:00+00:00,LONG,71713.82,72299.57,0.5,0.5245
2026-03-13 11:05:00+00:00,2026-03-13 12:05:00+00:00,LONG,72311.77,72402.47,0.5,0.0557
2026-03-13 12:10:00+00:00,2026-03-13 13:10:00+00:00,LONG,72420.0,72793.44,0.5,0.2083
2026-03-13 15:45:00+00:00,2026-03-13 16:45:00+00:00,LONG,72161.36,71905.47,0.5,-0.2298
2026-03-13 17:45:00+00:00,2026-03-13 18:45:00+00:00,LONG,71093.64,71183.36,0.5,0.1018
2026-03-13 19:00:00+00:00,2026-03-13 20:00:00+00:00,LONG,71034.01,71176.02,0.5,0.1096
2026-03-13 22:05:00+00:00,2026-03-13 23:05:00+00:00,LONG,70850.25,70783.76,0.5,-0.0556
2026-03-13 23:10:00+00:00,2026-03-14 00:10:00+00:00,LONG,70809.05,70889.38,0.5,0.0266
2026-03-14 00:40:00+00:00,2026-03-14 01:40:00+00:00,LONG,70568.75,70807.47,0.5,0.0896
2026-03-14 01:45:00+00:00,2026-03-14 02:45:00+00:00,LONG,70882.5,70798.23,0.5,-0.0792
2026-03-14 02:50:00+00:00,2026-03-14 03:50:00+00:00,LONG,70779.97,71097.96,0.5,0.2223
2026-03-14 06:40:00+00:00,2026-03-14 07:40:00+00:00,LONG,70459.33,70540.02,0.5,0.087
2026-03-14 07:45:00+00:00,2026-03-14 08:45:00+00:00,LONG,70523.23,70544.92,0.5,0.0275
2026-03-14 08:50:00+00:00,2026-03-14 09:50:00+00:00,LONG,70594.48,70509.47,0.5,-0.1037
2026-03-14 09:55:00+00:00,2026-03-14 10:55:00+00:00,LONG,70501.16,70570.44,0.5,0.0386
2026-03-14 16:15:00+00:00,2026-03-14 17:15:00+00:00,LONG,70621.0,70679.78,0.5,0.0494
2026-03-14 20:10:00+00:00,2026-03-14 21:10:00+00:00,LONG,70683.58,70663.47,0.5,0.0359
2026-03-14 21:15:00+00:00,2026-03-14 22:15:00+00:00,LONG,70677.46,70729.0,0.5,0.0279
2026-03-14 22:50:00+00:00,2026-03-14 23:50:00+00:00,LONG,70718.69,71198.99,0.5,0.3131
2026-03-15 01:15:00+00:00,2026-03-15 02:15:00+00:00,LONG,70988.15,71326.57,0.5,0.2229
2026-03-15 05:05:00+00:00,2026-03-15 06:05:00+00:00,LONG,71499.99,71563.18,0.5,0.0567
2026-03-15 08:10:00+00:00,2026-03-15 09:10:00+00:00,LONG,71594.53,71828.13,0.5,0.2265
2026-03-15 11:10:00+00:00,2026-03-15 12:10:00+00:00,LONG,71700.0,71702.74,0.5,0.0145
2026-03-15 13:10:00+00:00,2026-03-15 14:10:00+00:00,LONG,71442.49,71579.35,0.5,0.112
2026-03-15 17:10:00+00:00,2026-03-15 18:10:00+00:00,LONG,71482.12,71719.15,0.5,0.1999
2026-03-15 19:10:00+00:00,2026-03-15 20:10:00+00:00,LONG,71488.81,71531.75,0.5,0.0261
2026-03-15 20:15:00+00:00,2026-03-15 21:15:00+00:00,LONG,71510.8,71725.21,0.5,0.0945
2026-03-15 21:20:00+00:00,2026-03-15 22:20:00+00:00,LONG,71733.83,71905.2,0.5,0.0469
2026-03-15 22:25:00+00:00,2026-03-15 23:25:00+00:00,LONG,71931.49,72479.04,0.5,0.4512
2026-03-15 23:30:00+00:00,2026-03-16 00:30:00+00:00,LONG,72511.99,72610.5,0.5,0.0002
2026-03-16 00:40:00+00:00,2026-03-16 01:40:00+00:00,LONG,72515.54,72590.46,0.5,0.0389
2026-03-16 01:45:00+00:00,2026-03-16 02:45:00+00:00,LONG,72628.92,72445.1,0.5,-0.1274
2026-03-16 02:50:00+00:00,2026-03-16 03:50:00+00:00,LONG,72522.27,73743.94,0.5,0.7681
2026-03-16 04:35:00+00:00,2026-03-16 05:35:00+00:00,LONG,73660.01,73941.78,0.5,0.0854
2026-03-16 05:40:00+00:00,2026-03-16 06:40:00+00:00,LONG,74045.37,73826.98,0.5,-0.1509
2026-03-16 08:30:00+00:00,2026-03-16 09:30:00+00:00,LONG,73243.11,73213.34,0.5,0.0238
2026-03-16 09:35:00+00:00,2026-03-16 10:35:00+00:00,LONG,73190.48,73231.8,0.5,0.0788
2026-03-16 10:40:00+00:00,2026-03-16 11:40:00+00:00,LONG,73253.21,73626.28,0.5,0.2443
2026-03-16 12:10:00+00:00,2026-03-16 13:10:00+00:00,LONG,73596.63,73967.86,0.5,0.1834
2026-03-16 14:35:00+00:00,2026-03-16 15:35:00+00:00,LONG,73172.0,73652.24,0.5,0.3766
2026-03-16 16:00:00+00:00,2026-03-16 17:00:00+00:00,LONG,73254.84,73771.14,0.5,0.344
2026-03-16 17:05:00+00:00,2026-03-16 18:05:00+00:00,LONG,73732.03,74313.88,0.5,0.1682
2026-03-16 18:55:00+00:00,2026-03-16 19:55:00+00:00,LONG,73913.6,73963.0,0.5,-0.0067
2026-03-16 20:00:00+00:00,2026-03-16 21:00:00+00:00,LONG,73931.22,74458.16,0.5,0.2063
2026-03-16 21:05:00+00:00,2026-03-16 22:05:00+00:00,LONG,74294.3,74882.46,0.5,0.25
2026-03-16 22:10:00+00:00,2026-03-16 23:10:00+00:00,LONG,74874.6,74392.5,0.5,-0.3532
2026-03-16 23:15:00+00:00,2026-03-17 00:15:00+00:00,LONG,74500.89,75226.57,0.5,0.606
2026-03-17 00:45:00+00:00,2026-03-17 01:45:00+00:00,LONG,75014.52,75618.01,0.5,0.4404
2026-03-17 03:35:00+00:00,2026-03-17 04:35:00+00:00,LONG,74609.95,74050.0,0.5,-0.3008
2026-03-17 04:40:00+00:00,2026-03-17 05:40:00+00:00,LONG,74051.38,73943.01,0.5,0.0529
2026-03-17 05:45:00+00:00,2026-03-17 06:45:00+00:00,LONG,73872.56,73960.19,0.5,0.0894
2026-03-17 06:50:00+00:00,2026-03-17 07:50:00+00:00,LONG,74022.0,74238.84,0.5,0.2078
2026-03-17 09:15:00+00:00,2026-03-17 10:15:00+00:00,LONG,74186.39,73747.87,0.5,-0.3387
2026-03-17 10:20:00+00:00,2026-03-17 11:20:00+00:00,LONG,73752.04,73980.65,0.5,0.1678
2026-03-17 12:30:00+00:00,2026-03-17 13:30:00+00:00,LONG,73840.95,73903.03,0.5,-0.0853
2026-03-17 13:45:00+00:00,2026-03-17 14:45:00+00:00,LONG,73789.51,74247.04,0.5,0.3106
2026-03-17 16:10:00+00:00,2026-03-17 17:10:00+00:00,LONG,73972.33,74218.9,0.5,0.1545
2026-03-17 17:15:00+00:00,2026-03-17 18:15:00+00:00,LONG,74269.77,74608.87,0.5,0.2203
2026-03-17 18:25:00+00:00,2026-03-17 19:25:00+00:00,LONG,74423.18,74631.29,0.5,0.1883
2026-03-17 19:55:00+00:00,2026-03-17 20:55:00+00:00,LONG,74512.17,74506.75,0.5,0.0057
2026-03-17 22:40:00+00:00,2026-03-17 23:40:00+00:00,LONG,74160.0,73945.1,0.5,-0.054
2026-03-18 00:05:00+00:00,2026-03-18 01:05:00+00:00,LONG,73996.57,73968.78,0.5,-0.0413
2026-03-18 01:10:00+00:00,2026-03-18 02:10:00+00:00,LONG,73907.5,74284.55,0.5,0.2286
2026-03-18 02:20:00+00:00,2026-03-18 03:20:00+00:00,LONG,74229.98,74502.33,0.5,0.0385
2026-03-18 04:00:00+00:00,2026-03-18 05:00:00+00:00,LONG,74467.65,74188.0,0.5,-0.1966
2026-03-18 07:45:00+00:00,2026-03-18 08:45:00+00:00,LONG,73833.51,74081.37,0.5,0.168
2026-03-18 11:40:00+00:00,2026-03-18 12:40:00+00:00,LONG,73113.08,72429.39,0.5,-0.4533
2026-03-18 15:10:00+00:00,2026-03-18 16:10:00+00:00,LONG,71073.24,71243.82,0.5,0.113
2026-03-18 16:15:00+00:00,2026-03-18 17:15:00+00:00,LONG,71269.2,71350.86,0.5,0.0116
2026-03-18 17:20:00+00:00,2026-03-18 18:20:00+00:00,LONG,71490.0,71653.28,0.5,0.1123
2026-03-18 18:55:00+00:00,2026-03-18 19:55:00+00:00,LONG,71096.74,71072.38,0.5,0.0011
2026-03-18 20:05:00+00:00,2026-03-18 21:05:00+00:00,LONG,70615.39,71353.44,0.5,0.4852
2026-03-18 21:35:00+00:00,2026-03-18 22:35:00+00:00,LONG,71344.48,71036.92,0.5,-0.2182
2026-03-18 22:40:00+00:00,2026-03-18 23:40:00+00:00,LONG,71061.24,71275.76,0.5,0.1908
2026-03-19 00:05:00+00:00,2026-03-19 01:05:00+00:00,LONG,71208.52,70991.88,0.5,-0.1502
2026-03-19 01:10:00+00:00,2026-03-19 02:10:00+00:00,LONG,70999.99,71181.98,0.5,0.0669
2026-03-19 02:55:00+00:00,2026-03-19 03:55:00+00:00,LONG,71055.44,71215.39,0.5,0.1573
2026-03-19 05:30:00+00:00,2026-03-19 06:30:00+00:00,LONG,70706.11,70634.68,0.5,0.0181
2026-03-19 07:10:00+00:00,2026-03-19 08:10:00+00:00,LONG,69990.0,70165.83,0.5,0.122
2026-03-19 08:40:00+00:00,2026-03-19 09:40:00+00:00,LONG,70020.67,70457.54,0.5,0.2345
2026-03-25 08:10:00+00:00,2026-03-25 09:10:00+00:00,LONG,70811.41,71334.03,0.5,0.3897
2026-03-25 09:15:00+00:00,2026-03-25 10:15:00+00:00,LONG,71319.22,71449.02,0.5,0.0706
2026-03-25 10:20:00+00:00,2026-03-25 11:20:00+00:00,LONG,71402.26,71699.46,0.5,0.2074
2026-03-25 11:50:00+00:00,2026-03-25 12:50:00+00:00,LONG,71628.87,71419.33,0.5,-0.2128
2026-03-25 15:10:00+00:00,2026-03-25 16:10:00+00:00,LONG,70825.25,70874.45,0.5,0.1048
2026-03-25 16:15:00+00:00,2026-03-25 17:15:00+00:00,LONG,70935.62,71026.32,0.5,0.1497
2026-03-25 17:35:00+00:00,2026-03-25 18:35:00+00:00,LONG,70888.51,70866.12,0.5,0.023
2026-03-25 18:45:00+00:00,2026-03-25 19:45:00+00:00,LONG,70902.6,70939.54,0.5,0.0264
2026-03-25 19:55:00+00:00,2026-03-25 20:55:00+00:00,LONG,70883.31,71009.5,0.5,0.1178
2026-03-25 21:00:00+00:00,2026-03-25 22:00:00+00:00,LONG,71028.47,71095.49,0.5,0.0048
2026-03-25 22:10:00+00:00,2026-03-25 23:10:00+00:00,LONG,70993.18,71327.7,0.5,0.2773
2026-03-25 23:45:00+00:00,2026-03-26 00:45:00+00:00,LONG,71233.36,71389.29,0.5,0.0859
2026-03-26 03:25:00+00:00,2026-03-26 04:25:00+00:00,LONG,70713.14,70868.66,0.5,0.067
2026-03-26 05:55:00+00:00,2026-03-26 06:55:00+00:00,LONG,70016.98,70097.18,0.5,0.0685
2026-03-26 07:30:00+00:00,2026-03-26 08:30:00+00:00,LONG,69958.18,69872.31,0.5,-0.094
2026-04-06 01:05:00+00:00,2026-04-06 02:05:00+00:00,LONG,68920.69,68942.0,0.5,0.0157
2026-04-06 02:10:00+00:00,2026-04-06 03:10:00+00:00,LONG,69112.58,69131.06,0.5,0.0485
2026-04-06 04:20:00+00:00,2026-04-06 05:20:00+00:00,LONG,68999.13,69154.0,0.5,0.1209
2026-04-06 06:25:00+00:00,2026-04-06 07:25:00+00:00,LONG,68844.9,69079.52,0.5,0.175
2026-04-06 07:35:00+00:00,2026-04-06 08:35:00+00:00,LONG,69035.2,69275.65,0.5,0.1596
2026-04-06 08:40:00+00:00,2026-04-06 09:40:00+00:00,LONG,69302.53,69853.31,0.5,0.3526
2026-04-06 12:10:00+00:00,2026-04-06 13:10:00+00:00,LONG,69482.58,69410.02,0.5,-0.0314
2026-04-06 13:15:00+00:00,2026-04-06 14:15:00+00:00,LONG,69339.34,69467.95,0.5,0.0064
2026-04-06 14:20:00+00:00,2026-04-06 15:20:00+00:00,LONG,69510.43,69651.66,0.5,0.1048
2026-04-06 15:25:00+00:00,2026-04-06 16:25:00+00:00,LONG,69742.91,69907.24,0.5,0.1931
2026-04-06 17:05:00+00:00,2026-04-06 18:05:00+00:00,LONG,69644.2,69527.9,0.5,-0.1035
2026-04-06 18:10:00+00:00,2026-04-06 19:10:00+00:00,LONG,69754.97,69729.99,0.5,-0.0968
2026-04-06 23:00:00+00:00,2026-04-07 00:00:00+00:00,LONG,68670.91,68932.01,0.5,0.1329
2026-04-07 01:10:00+00:00,2026-04-07 02:10:00+00:00,LONG,68591.14,68425.5,0.5,-0.1176
2026-04-07 02:15:00+00:00,2026-04-07 03:15:00+00:00,LONG,68515.69,68692.18,0.5,0.122
2026-04-07 04:10:00+00:00,2026-04-07 05:10:00+00:00,LONG,68674.44,68809.21,0.5,0.1129
2026-04-07 10:50:00+00:00,2026-04-07 11:50:00+00:00,LONG,68274.0,68336.12,0.5,0.1141
2026-04-07 11:55:00+00:00,2026-04-07 12:55:00+00:00,LONG,68345.75,68392.18,0.5,-0.0034
2026-04-07 14:00:00+00:00,2026-04-07 15:00:00+00:00,LONG,68115.01,67881.56,0.5,-0.1872
2026-04-07 15:05:00+00:00,2026-04-07 16:05:00+00:00,LONG,67881.61,68136.86,0.5,0.2924
2026-04-07 16:10:00+00:00,2026-04-07 17:10:00+00:00,LONG,68154.12,68304.62,0.5,0.137
2026-04-07 17:15:00+00:00,2026-04-07 18:15:00+00:00,LONG,68269.44,68648.26,0.5,0.2762
2026-04-07 18:25:00+00:00,2026-04-07 19:25:00+00:00,LONG,68644.66,68582.48,0.5,-0.0264
2026-04-07 19:30:00+00:00,2026-04-07 20:30:00+00:00,LONG,68495.53,69359.28,0.5,0.6301
2026-04-07 20:35:00+00:00,2026-04-07 21:35:00+00:00,LONG,69276.25,69873.24,0.5,0.2855
2026-04-07 21:40:00+00:00,2026-04-07 22:40:00+00:00,LONG,69912.11,70761.78,0.5,0.7779
2026-04-07 22:45:00+00:00,2026-04-07 23:45:00+00:00,LONG,71016.17,72186.16,0.5,0.6963
2026-04-08 00:00:00+00:00,2026-04-08 01:00:00+00:00,LONG,71902.27,71556.91,0.5,-0.1337
2026-04-08 04:10:00+00:00,2026-04-08 05:10:00+00:00,LONG,71521.27,71666.79,0.5,0.0801
2026-04-08 05:50:00+00:00,2026-04-08 06:50:00+00:00,LONG,71745.42,71770.0,0.5,0.015
2026-04-08 07:00:00+00:00,2026-04-08 08:00:00+00:00,LONG,71643.43,71754.22,0.5,-0.0111
2026-04-08 11:10:00+00:00,2026-04-08 12:10:00+00:00,LONG,71636.84,71837.75,0.5,0.0441
2026-04-08 12:20:00+00:00,2026-04-08 13:20:00+00:00,LONG,71689.78,72465.11,0.5,0.6299
2026-04-08 14:35:00+00:00,2026-04-08 15:35:00+00:00,LONG,71125.76,71242.75,0.5,0.0428
2026-04-08 15:40:00+00:00,2026-04-08 16:40:00+00:00,LONG,71193.85,71454.1,0.5,0.1458
2026-04-08 16:45:00+00:00,2026-04-08 17:45:00+00:00,LONG,71569.46,71907.2,0.5,0.1949
2026-04-08 18:55:00+00:00,2026-04-08 19:55:00+00:00,LONG,71099.63,71318.48,0.5,0.1379
2026-04-08 20:00:00+00:00,2026-04-08 21:00:00+00:00,LONG,71405.99,71330.87,0.5,-0.0232
2026-04-08 23:05:00+00:00,2026-04-09 00:05:00+00:00,LONG,71000.0,71042.47,0.5,0.0268
2026-04-09 00:35:00+00:00,2026-04-09 01:35:00+00:00,LONG,70767.94,70774.06,0.5,0.0341
2026-04-09 01:40:00+00:00,2026-04-09 02:40:00+00:00,LONG,70764.88,71042.0,0.5,0.1929
2026-04-09 03:30:00+00:00,2026-04-09 04:30:00+00:00,LONG,70942.9,70890.61,0.5,-0.074
2026-04-09 05:10:00+00:00,2026-04-09 06:10:00+00:00,LONG,70870.91,71010.01,0.5,0.0942
2026-04-09 06:25:00+00:00,2026-04-09 07:25:00+00:00,LONG,70862.0,71000.15,0.5,0.0924
2026-04-09 08:10:00+00:00,2026-04-09 09:10:00+00:00,LONG,70950.15,71324.59,0.5,0.2048
2026-04-09 09:35:00+00:00,2026-04-09 10:35:00+00:00,LONG,71230.0,71384.97,0.5,0.1099
2026-04-09 11:30:00+00:00,2026-04-09 12:30:00+00:00,LONG,71129.16,71230.01,0.5,0.1031
2026-04-09 12:35:00+00:00,2026-04-09 13:35:00+00:00,LONG,71149.3,70952.31,0.5,-0.1145
2026-04-09 13:40:00+00:00,2026-04-09 14:40:00+00:00,LONG,70892.0,70887.61,0.5,-0.0603
2026-04-09 14:45:00+00:00,2026-04-09 15:45:00+00:00,LONG,71028.93,72111.39,0.5,0.7315
2026-04-09 15:50:00+00:00,2026-04-09 16:50:00+00:00,LONG,72231.96,71889.77,0.5,-0.2806
2026-04-09 16:55:00+00:00,2026-04-09 17:55:00+00:00,LONG,72080.87,72347.49,0.5,0.1953
2026-04-09 18:05:00+00:00,2026-04-09 19:05:00+00:00,LONG,72011.42,72058.0,0.5,-0.0601
2026-04-09 19:10:00+00:00,2026-04-09 20:10:00+00:00,LONG,72033.76,72182.78,0.5,0.0004
2026-04-09 23:10:00+00:00,2026-04-10 00:10:00+00:00,LONG,71803.44,71816.0,0.5,0.0211
2026-04-10 00:15:00+00:00,2026-04-10 01:15:00+00:00,LONG,71623.3,72012.89,0.5,0.2623
2026-04-10 01:20:00+00:00,2026-04-10 02:20:00+00:00,LONG,71857.99,72187.58,0.5,0.2398
2026-04-10 03:30:00+00:00,2026-04-10 04:30:00+00:00,LONG,71890.78,71837.51,0.5,-0.0242
2026-04-10 04:35:00+00:00,2026-04-10 05:35:00+00:00,LONG,71900.5,72221.2,0.5,0.2123
2026-04-10 08:10:00+00:00,2026-04-10 09:10:00+00:00,LONG,71607.99,71693.5,0.5,0.0411
2026-04-10 09:15:00+00:00,2026-04-10 10:15:00+00:00,LONG,71821.32,71816.04,0.5,-0.0076
2026-04-10 10:20:00+00:00,2026-04-10 11:20:00+00:00,LONG,71738.43,72185.19,0.5,0.2933
2026-04-10 12:10:00+00:00,2026-04-10 13:10:00+00:00,LONG,72094.8,72214.0,0.5,0.0885
2026-04-10 13:15:00+00:00,2026-04-10 14:15:00+00:00,LONG,72215.09,72758.57,0.5,0.341
2026-04-10 15:55:00+00:00,2026-04-10 16:55:00+00:00,LONG,72460.51,72992.33,0.5,0.3046
2026-04-10 17:00:00+00:00,2026-04-10 18:00:00+00:00,LONG,72886.07,72916.11,0.5,0.1614
2026-04-10 18:05:00+00:00,2026-04-10 19:05:00+00:00,LONG,73007.07,73085.38,0.5,0.0998
2026-04-10 19:10:00+00:00,2026-04-10 20:10:00+00:00,LONG,73175.77,73242.98,0.5,0.0499
2026-04-10 23:10:00+00:00,2026-04-11 00:10:00+00:00,LONG,72879.93,72871.39,0.5,-0.0209
2026-04-11 01:10:00+00:00,2026-04-11 02:10:00+00:00,LONG,72809.38,72966.26,0.5,0.085
2026-04-11 09:10:00+00:00,2026-04-11 10:10:00+00:00,LONG,72673.88,72810.14,0.5,0.1538
2026-04-11 16:10:00+00:00,2026-04-11 17:10:00+00:00,LONG,72872.54,73002.93,0.5,0.0883
2026-04-11 17:15:00+00:00,2026-04-11 18:15:00+00:00,LONG,72982.32,73175.54,0.5,0.0879
2026-04-11 18:20:00+00:00,2026-04-11 19:20:00+00:00,LONG,73189.38,73526.15,0.5,0.2358
2026-04-11 20:05:00+00:00,2026-04-11 21:05:00+00:00,LONG,73578.01,73416.31,0.5,-0.1879
2026-04-12 02:10:00+00:00,2026-04-12 03:10:00+00:00,LONG,71789.64,71750.09,0.5,-0.0366
2026-04-12 05:10:00+00:00,2026-04-12 06:10:00+00:00,LONG,71508.35,71738.1,0.5,0.1399
2026-04-12 14:55:00+00:00,2026-04-12 15:55:00+00:00,LONG,70748.34,70892.03,0.5,0.1189
2026-04-12 16:10:00+00:00,2026-04-12 17:10:00+00:00,LONG,70935.4,70900.0,0.5,0.0272
2026-04-12 17:15:00+00:00,2026-04-12 18:15:00+00:00,LONG,70945.8,71100.01,0.5,0.1618
2026-04-12 20:10:00+00:00,2026-04-12 21:10:00+00:00,LONG,71017.36,71220.52,0.5,0.209
2026-04-12 22:05:00+00:00,2026-04-12 23:05:00+00:00,LONG,70927.12,70755.15,0.5,-0.0986
2026-04-12 23:15:00+00:00,2026-04-13 00:15:00+00:00,LONG,70696.51,70852.09,0.5,0.1551
2026-04-13 00:20:00+00:00,2026-04-13 01:20:00+00:00,LONG,70925.27,71081.42,0.5,0.1274
2026-04-13 01:25:00+00:00,2026-04-13 02:25:00+00:00,LONG,71100.72,71223.66,0.5,0.0162
2026-04-13 03:35:00+00:00,2026-04-13 04:35:00+00:00,LONG,70954.72,71119.99,0.5,0.0998
2026-04-13 05:10:00+00:00,2026-04-13 06:10:00+00:00,LONG,70823.44,71000.37,0.5,0.1174
2026-04-13 08:20:00+00:00,2026-04-13 09:20:00+00:00,LONG,70751.46,70743.0,0.5,-0.042
2026-04-13 12:10:00+00:00,2026-04-13 13:10:00+00:00,LONG,70965.7,71199.99,0.5,0.0886
2026-04-13 13:15:00+00:00,2026-04-13 14:15:00+00:00,LONG,71195.06,71506.0,0.5,0.2991
2026-04-13 14:20:00+00:00,2026-04-13 15:20:00+00:00,LONG,71637.51,71902.98,0.5,0.1598
2026-04-13 15:55:00+00:00,2026-04-13 16:55:00+00:00,LONG,71866.59,72202.36,0.5,0.1501
2026-04-13 17:00:00+00:00,2026-04-13 18:00:00+00:00,LONG,72257.76,72160.65,0.5,-0.0754
2026-04-13 18:05:00+00:00,2026-04-13 19:05:00+00:00,LONG,72173.4,72315.77,0.5,0.1273
2026-04-13 19:10:00+00:00,2026-04-13 20:10:00+00:00,LONG,72318.67,73060.0,0.5,0.6494
2026-04-13 20:55:00+00:00,2026-04-13 21:55:00+00:00,LONG,73149.36,73179.71,0.5,0.0585
2026-04-13 22:00:00+00:00,2026-04-13 23:00:00+00:00,LONG,73295.0,74642.7,0.5,0.9005
2026-04-14 00:35:00+00:00,2026-04-14 01:35:00+00:00,LONG,74387.54,74262.36,0.5,-0.0988
2026-04-14 01:40:00+00:00,2026-04-14 02:40:00+00:00,LONG,74322.27,74429.98,0.5,0.058
2026-04-14 03:15:00+00:00,2026-04-14 04:15:00+00:00,LONG,74364.57,74482.82,0.5,0.0685
2026-04-14 06:10:00+00:00,2026-04-14 07:10:00+00:00,LONG,74328.27,74775.02,0.5,0.3949
2026-04-14 08:10:00+00:00,2026-04-14 09:10:00+00:00,LONG,74541.44,74796.0,0.5,0.14
2026-04-14 11:35:00+00:00,2026-04-14 12:35:00+00:00,LONG,74390.25,74340.01,0.5,-0.0284
2026-04-14 12:40:00+00:00,2026-04-14 13:40:00+00:00,LONG,74307.87,75188.5,0.5,0.3753
2026-04-14 13:45:00+00:00,2026-04-14 14:45:00+00:00,LONG,75128.98,75182.63,0.5,0.1644
2026-04-14 15:00:00+00:00,2026-04-14 16:00:00+00:00,LONG,75008.95,75469.03,0.5,0.205
2026-04-14 16:05:00+00:00,2026-04-14 17:05:00+00:00,LONG,75653.19,74739.88,0.5,-0.6566
2026-04-14 17:10:00+00:00,2026-04-14 18:10:00+00:00,LONG,74793.84,74676.0,0.5,-0.0067
2026-04-14 18:50:00+00:00,2026-04-14 19:50:00+00:00,LONG,74091.4,74238.0,0.5,0.0449
2026-04-14 21:00:00+00:00,2026-04-14 22:00:00+00:00,LONG,74292.69,74162.01,0.5,-0.0105
2026-04-14 22:25:00+00:00,2026-04-14 23:25:00+00:00,LONG,73911.82,74107.38,0.5,0.1338
2026-04-14 23:55:00+00:00,2026-04-15 00:55:00+00:00,LONG,74131.55,74568.36,0.5,0.2076
2026-04-15 01:05:00+00:00,2026-04-15 02:05:00+00:00,LONG,74713.26,74549.38,0.5,-0.0473
2026-04-15 03:10:00+00:00,2026-04-15 04:10:00+00:00,LONG,74226.08,74344.14,0.5,0.0946
2026-04-15 07:20:00+00:00,2026-04-15 08:20:00+00:00,LONG,73679.53,73942.74,0.5,0.1255
2026-04-15 08:25:00+00:00,2026-04-15 09:25:00+00:00,LONG,73990.51,73957.34,0.5,0.0413
2026-04-15 09:30:00+00:00,2026-04-15 10:30:00+00:00,LONG,73930.97,73837.19,0.5,-0.0179
2026-04-15 10:35:00+00:00,2026-04-15 11:35:00+00:00,LONG,73846.56,74012.89,0.5,0.0888
2026-04-15 11:40:00+00:00,2026-04-15 12:40:00+00:00,LONG,74049.21,74333.96,0.5,0.2717
2026-04-15 13:45:00+00:00,2026-04-15 14:45:00+00:00,LONG,73925.68,74110.0,0.5,0.0251
2026-04-15 15:35:00+00:00,2026-04-15 16:35:00+00:00,LONG,73739.9,74025.3,0.5,0.1915
2026-04-15 16:40:00+00:00,2026-04-15 17:40:00+00:00,LONG,73899.17,73980.0,0.5,0.1201
2026-04-15 17:45:00+00:00,2026-04-15 18:45:00+00:00,LONG,73999.35,74344.8,0.5,0.2106
2026-04-15 18:50:00+00:00,2026-04-15 19:50:00+00:00,LONG,74368.33,75060.83,0.5,0.4481
2026-04-15 19:55:00+00:00,2026-04-15 20:55:00+00:00,LONG,75002.6,74841.68,0.5,-0.1054
2026-04-15 21:30:00+00:00,2026-04-15 22:30:00+00:00,LONG,74553.99,74976.39,0.5,0.2919
2026-04-15 23:05:00+00:00,2026-04-16 00:05:00+00:00,LONG,74780.83,74635.48,0.5,-0.0876
2026-04-16 00:10:00+00:00,2026-04-16 01:10:00+00:00,LONG,74607.54,74568.23,0.5,-0.0077
2026-04-16 01:15:00+00:00,2026-04-16 02:15:00+00:00,LONG,74633.42,74636.09,0.5,0.0302
2026-04-16 02:20:00+00:00,2026-04-16 03:20:00+00:00,LONG,74733.87,75066.0,0.5,0.2233
2026-04-16 08:10:00+00:00,2026-04-16 09:10:00+00:00,LONG,74520.72,74747.3,0.5,0.1362
2026-04-16 10:20:00+00:00,2026-04-16 11:20:00+00:00,LONG,74444.0,74317.97,0.5,-0.1069
2026-04-16 11:25:00+00:00,2026-04-16 12:25:00+00:00,LONG,74378.97,74713.25,0.5,0.214
2026-04-16 13:55:00+00:00,2026-04-16 14:55:00+00:00,LONG,73788.03,73973.33,0.5,0.1483
2026-04-16 15:00:00+00:00,2026-04-16 16:00:00+00:00,LONG,74055.1,74760.06,0.5,0.4317
2026-04-16 16:35:00+00:00,2026-04-16 17:35:00+00:00,LONG,74418.01,74209.42,0.5,-0.1386
2026-04-16 17:40:00+00:00,2026-04-16 18:40:00+00:00,LONG,74377.93,74578.25,0.5,0.099
2026-04-16 18:45:00+00:00,2026-04-16 19:45:00+00:00,LONG,74680.13,75263.57,0.5,0.3681
2026-04-16 23:15:00+00:00,2026-04-17 00:15:00+00:00,LONG,74978.36,74988.13,0.5,-0.0129
2026-04-17 04:10:00+00:00,2026-04-17 05:10:00+00:00,LONG,74672.83,74627.48,0.5,-0.053
2026-04-17 05:20:00+00:00,2026-04-17 06:20:00+00:00,LONG,74731.59,74801.79,0.5,0.0007
2026-04-17 06:35:00+00:00,2026-04-17 07:35:00+00:00,LONG,74821.87,74978.41,0.5,0.1054
2026-04-17 08:10:00+00:00,2026-04-17 09:10:00+00:00,LONG,75064.0,75902.82,0.5,0.4505
2026-04-17 10:30:00+00:00,2026-04-17 11:30:00+00:00,LONG,75287.66,75555.49,0.5,0.1177
2026-04-17 11:35:00+00:00,2026-04-17 12:35:00+00:00,LONG,75488.78,75651.42,0.5,0.2097
2026-04-17 12:40:00+00:00,2026-04-17 13:40:00+00:00,LONG,75754.16,76892.44,0.5,0.5251
2026-04-17 13:45:00+00:00,2026-04-17 14:45:00+00:00,LONG,77041.96,77952.69,0.5,0.6071
2026-04-17 14:50:00+00:00,2026-04-17 15:50:00+00:00,LONG,77817.86,77829.17,0.5,-0.2102
2026-04-17 15:55:00+00:00,2026-04-17 16:55:00+00:00,LONG,77785.02,77857.14,0.5,0.0387
2026-04-17 17:10:00+00:00,2026-04-17 18:10:00+00:00,LONG,77499.63,77143.8,0.5,-0.1674
2026-04-17 18:15:00+00:00,2026-04-17 19:15:00+00:00,LONG,77190.85,77329.64,0.5,0.0276
2026-04-17 19:30:00+00:00,2026-04-17 20:30:00+00:00,LONG,77329.99,77185.81,0.5,0.0246
2026-04-17 23:20:00+00:00,2026-04-18 00:20:00+00:00,LONG,76985.11,77174.09,0.5,0.1465
2026-04-18 00:40:00+00:00,2026-04-18 01:40:00+00:00,LONG,77018.01,77200.01,0.5,0.138
2026-04-18 04:20:00+00:00,2026-04-18 05:20:00+00:00,LONG,77000.0,77192.4,0.5,0.1212
2026-04-18 11:10:00+00:00,2026-04-18 12:10:00+00:00,LONG,75957.62,76210.29,0.5,0.1462
2026-04-18 12:40:00+00:00,2026-04-18 13:40:00+00:00,LONG,76172.76,75949.95,0.5,-0.201
2026-04-18 13:45:00+00:00,2026-04-18 14:45:00+00:00,LONG,76040.9,76188.98,0.5,0.1002
2026-04-18 16:05:00+00:00,2026-04-18 17:05:00+00:00,LONG,76128.49,75868.16,0.5,-0.1477
2026-04-18 20:20:00+00:00,2026-04-18 21:20:00+00:00,LONG,75698.25,75648.43,0.5,-0.049
2026-04-18 21:25:00+00:00,2026-04-18 22:25:00+00:00,LONG,75741.2,75722.26,0.5,-0.0341
2026-04-19 04:45:00+00:00,2026-04-19 05:45:00+00:00,LONG,75632.0,75593.8,0.5,-0.0212
2026-04-19 07:10:00+00:00,2026-04-19 08:10:00+00:00,LONG,75238.0,75265.99,0.5,-0.0209
2026-04-19 08:15:00+00:00,2026-04-19 09:15:00+00:00,LONG,75236.01,75133.44,0.5,-0.0441
2026-04-19 09:25:00+00:00,2026-04-19 10:25:00+00:00,LONG,75091.54,75077.93,0.5,-0.0282
2026-04-19 10:30:00+00:00,2026-04-19 11:30:00+00:00,LONG,75097.53,75415.81,0.5,0.1819
2026-04-19 13:15:00+00:00,2026-04-19 14:15:00+00:00,LONG,76035.49,75850.0,0.5,-0.1588
2026-04-19 14:20:00+00:00,2026-04-19 15:20:00+00:00,LONG,75889.78,75986.37,0.5,0.1212
2026-04-19 15:35:00+00:00,2026-04-19 16:35:00+00:00,LONG,75647.52,75628.47,0.5,0.0173
2026-04-19 17:55:00+00:00,2026-04-19 18:55:00+00:00,LONG,74791.26,74770.11,0.5,-0.0418
2026-04-19 20:05:00+00:00,2026-04-19 21:05:00+00:00,LONG,74817.95,74711.01,0.5,-0.0928
2026-04-19 22:15:00+00:00,2026-04-19 23:15:00+00:00,LONG,74044.36,73930.38,0.5,-0.0124
2026-04-20 00:10:00+00:00,2026-04-20 01:10:00+00:00,LONG,74044.28,74360.0,0.5,0.1589
2026-04-20 01:15:00+00:00,2026-04-20 02:15:00+00:00,LONG,74291.72,74372.01,0.5,0.0686
2026-04-20 02:20:00+00:00,2026-04-20 03:20:00+00:00,LONG,74446.08,74507.61,0.5,-0.0141
2026-04-20 03:25:00+00:00,2026-04-20 04:25:00+00:00,LONG,74505.21,74500.0,0.5,-0.032
2026-04-20 04:40:00+00:00,2026-04-20 05:40:00+00:00,LONG,74465.43,74119.85,0.5,-0.2076
2026-04-20 05:45:00+00:00,2026-04-20 06:45:00+00:00,LONG,74208.38,74760.28,0.5,0.3845
2026-04-20 08:10:00+00:00,2026-04-20 09:10:00+00:00,LONG,74833.6,75032.24,0.5,0.0777
2026-04-20 11:00:00+00:00,2026-04-20 12:00:00+00:00,LONG,75043.86,75186.18,0.5,0.0991
2026-04-20 12:05:00+00:00,2026-04-20 13:05:00+00:00,LONG,75303.68,75279.01,0.5,-0.0678
2026-04-20 13:10:00+00:00,2026-04-20 14:10:00+00:00,LONG,75221.38,75070.99,0.5,-0.0153
2026-04-20 14:15:00+00:00,2026-04-20 15:15:00+00:00,LONG,75289.41,75185.11,0.5,-0.1505
2026-04-20 15:20:00+00:00,2026-04-20 16:20:00+00:00,LONG,75433.93,75440.26,0.5,-0.0084
2026-04-20 16:25:00+00:00,2026-04-20 17:25:00+00:00,LONG,75359.76,75719.67,0.5,0.2614
2026-04-20 17:30:00+00:00,2026-04-20 18:30:00+00:00,LONG,75665.83,76137.42,0.5,0.2874
2026-04-20 18:35:00+00:00,2026-04-20 19:35:00+00:00,LONG,76061.1,76253.33,0.5,0.1085
2026-04-20 23:30:00+00:00,2026-04-21 00:30:00+00:00,LONG,75714.35,75932.38,0.5,0.1287
2026-04-21 03:10:00+00:00,2026-04-21 04:10:00+00:00,LONG,75568.07,75611.05,0.5,0.0512
2026-04-21 04:15:00+00:00,2026-04-21 05:15:00+00:00,LONG,75600.01,75879.75,0.5,0.198
2026-04-21 05:55:00+00:00,2026-04-21 06:55:00+00:00,LONG,75802.0,75974.11,0.5,0.114
2026-04-21 07:05:00+00:00,2026-04-21 08:05:00+00:00,LONG,75900.11,76162.69,0.5,0.1605
2026-04-21 08:10:00+00:00,2026-04-21 09:10:00+00:00,LONG,76132.47,76476.68,0.5,0.1878
2026-04-21 10:10:00+00:00,2026-04-21 11:10:00+00:00,LONG,76438.0,76405.37,0.5,0.1339
2026-04-21 12:05:00+00:00,2026-04-21 13:05:00+00:00,LONG,76439.46,75995.63,0.5,-0.3369
2026-04-21 13:40:00+00:00,2026-04-21 14:40:00+00:00,LONG,76012.01,76463.52,0.5,0.1988
2026-04-21 15:05:00+00:00,2026-04-21 16:05:00+00:00,LONG,75719.25,75959.37,0.5,0.0896
2026-04-21 17:20:00+00:00,2026-04-21 18:20:00+00:00,LONG,75303.61,75450.01,0.5,0.1099
2026-04-21 18:25:00+00:00,2026-04-21 19:25:00+00:00,LONG,75475.53,75773.73,0.5,0.2359
2026-04-21 19:45:00+00:00,2026-04-21 20:45:00+00:00,LONG,75010.08,75732.33,0.5,0.4361
2026-04-21 20:50:00+00:00,2026-04-21 21:50:00+00:00,LONG,75709.86,75539.99,0.5,-0.1295
2026-04-21 21:55:00+00:00,2026-04-21 22:55:00+00:00,LONG,75549.99,75650.04,0.5,0.0162
2026-04-21 23:00:00+00:00,2026-04-22 00:00:00+00:00,LONG,75757.37,76311.99,0.5,0.3805
2026-04-22 00:25:00+00:00,2026-04-22 01:25:00+00:00,LONG,76274.01,76160.58,0.5,-0.0629
2026-04-22 01:30:00+00:00,2026-04-22 02:30:00+00:00,LONG,76175.84,77134.04,0.5,0.6934
2026-04-22 02:35:00+00:00,2026-04-22 03:35:00+00:00,LONG,77102.97,77424.09,0.5,0.2055
2026-04-22 04:15:00+00:00,2026-04-22 05:15:00+00:00,LONG,77439.05,77939.67,0.5,0.0707
2026-04-22 05:55:00+00:00,2026-04-22 06:55:00+00:00,LONG,77994.93,78010.72,0.5,0.0126
2026-04-22 07:05:00+00:00,2026-04-22 08:05:00+00:00,LONG,78039.2,78106.14,0.5,0.0108
2026-04-22 08:45:00+00:00,2026-04-22 09:45:00+00:00,LONG,77966.0,78108.11,0.5,0.1151
2026-04-22 10:00:00+00:00,2026-04-22 11:00:00+00:00,LONG,77981.35,78217.09,0.5,0.1128
2026-04-22 12:25:00+00:00,2026-04-22 13:25:00+00:00,LONG,78185.37,78467.85,0.5,0.1803
2026-04-22 13:30:00+00:00,2026-04-22 14:30:00+00:00,LONG,78447.39,78729.49,0.5,0.3562
2026-04-22 14:35:00+00:00,2026-04-22 15:35:00+00:00,LONG,78860.84,79259.99,0.5,0.1465
2026-04-22 16:00:00+00:00,2026-04-22 17:00:00+00:00,LONG,79426.16,78883.96,0.5,-0.4315
2026-04-22 17:25:00+00:00,2026-04-22 18:25:00+00:00,LONG,78832.18,78905.02,0.5,0.1011
2026-04-23 00:10:00+00:00,2026-04-23 01:10:00+00:00,LONG,77888.01,78265.12,0.5,0.2939
2026-04-23 01:20:00+00:00,2026-04-23 02:20:00+00:00,LONG,78068.08,78082.52,0.5,0.0243
2026-04-23 03:25:00+00:00,2026-04-23 04:25:00+00:00,LONG,77687.86,77795.85,0.5,0.0622
2026-04-23 05:25:00+00:00,2026-04-23 06:25:00+00:00,LONG,77905.52,78282.37,0.5,0.2561
2026-04-23 09:10:00+00:00,2026-04-23 10:10:00+00:00,LONG,77580.17,77217.46,0.5,-0.1809
2026-04-23 10:15:00+00:00,2026-04-23 11:15:00+00:00,LONG,77314.29,77442.15,0.5,0.0545
2026-04-23 11:20:00+00:00,2026-04-23 12:20:00+00:00,LONG,77484.49,77739.18,0.5,0.1265
2026-04-23 12:25:00+00:00,2026-04-23 13:25:00+00:00,LONG,77766.2,77595.82,0.5,-0.0538
2026-04-23 13:30:00+00:00,2026-04-23 14:30:00+00:00,LONG,77617.99,77822.0,0.5,0.0708
2026-04-23 14:35:00+00:00,2026-04-23 15:35:00+00:00,LONG,77834.26,78549.99,0.5,0.4258
2026-04-23 15:50:00+00:00,2026-04-23 16:50:00+00:00,LONG,78286.24,78100.78,0.5,0.0343
2026-04-23 17:20:00+00:00,2026-04-23 18:20:00+00:00,LONG,77647.72,77927.19,0.5,0.1649
2026-04-23 19:10:00+00:00,2026-04-23 20:10:00+00:00,LONG,77697.2,77797.33,0.5,0.1291
2026-04-23 20:15:00+00:00,2026-04-23 21:15:00+00:00,LONG,77780.01,77867.0,0.5,0.0642
2026-04-23 21:25:00+00:00,2026-04-23 22:25:00+00:00,LONG,77917.05,78178.34,0.5,0.1797
2026-04-23 23:10:00+00:00,2026-04-24 00:10:00+00:00,LONG,78096.78,78295.92,0.5,0.1492
2026-04-24 01:10:00+00:00,2026-04-24 02:10:00+00:00,LONG,78156.01,78392.0,0.5,0.1221
2026-04-24 03:35:00+00:00,2026-04-24 04:35:00+00:00,LONG,77680.0,77576.0,0.5,-0.0493
2026-04-24 04:40:00+00:00,2026-04-24 05:40:00+00:00,LONG,77653.17,77714.55,0.5,0.0479
2026-04-24 05:45:00+00:00,2026-04-24 06:45:00+00:00,LONG,77796.54,77853.04,0.5,0.0135
2026-04-24 08:10:00+00:00,2026-04-24 09:10:00+00:00,LONG,77694.88,77508.0,0.5,-0.163
2026-04-24 09:15:00+00:00,2026-04-24 10:15:00+00:00,LONG,77561.41,77574.01,0.5,-0.0327
2026-04-24 10:20:00+00:00,2026-04-24 11:20:00+00:00,LONG,77657.36,78254.92,0.5,0.2909
2026-04-24 11:55:00+00:00,2026-04-24 12:55:00+00:00,LONG,78240.26,78275.66,0.5,-0.1294
2026-04-24 14:05:00+00:00,2026-04-24 15:05:00+00:00,LONG,77964.41,77632.04,0.5,-0.0734
2026-04-24 15:10:00+00:00,2026-04-24 16:10:00+00:00,LONG,77727.71,77792.45,0.5,0.0951
2026-04-25 00:20:00+00:00,2026-04-25 01:20:00+00:00,LONG,77367.3,77496.59,0.5,0.1018
2026-04-25 16:40:00+00:00,2026-04-25 17:40:00+00:00,LONG,77368.27,77306.96,0.5,-0.0256
2026-04-25 19:45:00+00:00,2026-04-25 20:45:00+00:00,LONG,77240.54,77411.03,0.5,0.1032
2026-04-26 04:10:00+00:00,2026-04-26 05:10:00+00:00,LONG,77476.89,78138.86,0.5,0.2081
2026-04-26 07:40:00+00:00,2026-04-26 08:40:00+00:00,LONG,77980.54,78044.0,0.5,0.1061
2026-04-26 13:25:00+00:00,2026-04-26 14:25:00+00:00,LONG,77874.43,78065.97,0.5,0.1167
2026-04-26 17:10:00+00:00,2026-04-26 18:10:00+00:00,LONG,78012.58,78093.29,0.5,0.0432
2026-04-26 18:15:00+00:00,2026-04-26 19:15:00+00:00,LONG,78200.78,78389.44,0.5,0.1203
2026-04-26 21:10:00+00:00,2026-04-26 22:10:00+00:00,LONG,78233.75,78569.52,0.5,0.193
2026-04-26 22:35:00+00:00,2026-04-26 23:35:00+00:00,LONG,78170.66,78449.49,0.5,0.1129
2026-04-26 23:40:00+00:00,2026-04-27 00:40:00+00:00,LONG,78608.09,78813.85,0.5,0.0411
2026-04-27 00:45:00+00:00,2026-04-27 01:45:00+00:00,LONG,78816.68,79330.12,0.5,0.1486
2026-04-27 02:05:00+00:00,2026-04-27 03:05:00+00:00,LONG,79140.93,79198.99,0.5,0.0027
2026-04-27 03:55:00+00:00,2026-04-27 04:55:00+00:00,LONG,79105.49,78924.22,0.5,-0.0704
2026-04-27 06:40:00+00:00,2026-04-27 07:40:00+00:00,LONG,77618.1,77679.41,0.5,0.0221
2026-04-27 08:10:00+00:00,2026-04-27 09:10:00+00:00,LONG,77632.09,77857.61,0.5,0.108
2026-04-27 09:25:00+00:00,2026-04-27 10:25:00+00:00,LONG,77775.96,77809.43,0.5,0.0155
2026-04-27 11:10:00+00:00,2026-04-27 12:10:00+00:00,LONG,77783.21,77825.0,0.5,-0.0028
2026-04-27 16:10:00+00:00,2026-04-27 17:10:00+00:00,LONG,76770.98,76699.88,0.5,-0.0544
2026-04-27 17:20:00+00:00,2026-04-27 18:20:00+00:00,LONG,76780.38,76783.13,0.5,0.0003
2026-04-27 18:25:00+00:00,2026-04-27 19:25:00+00:00,LONG,76694.97,76623.66,0.5,0.0448
2026-04-27 19:30:00+00:00,2026-04-27 20:30:00+00:00,LONG,76579.51,77006.4,0.5,0.2701
2026-04-27 20:55:00+00:00,2026-04-27 21:55:00+00:00,LONG,76960.43,76786.81,0.5,-0.0733
2026-04-27 22:00:00+00:00,2026-04-27 23:00:00+00:00,LONG,76798.8,77067.21,0.5,0.1739
2026-04-27 23:10:00+00:00,2026-04-28 00:10:00+00:00,LONG,77039.04,77326.88,0.5,0.2062
2026-04-28 04:25:00+00:00,2026-04-28 05:25:00+00:00,LONG,76797.41,77063.45,0.5,0.1317
2026-04-28 06:45:00+00:00,2026-04-28 07:45:00+00:00,LONG,76685.62,76777.4,0.5,0.1123
2026-04-28 07:50:00+00:00,2026-04-28 08:50:00+00:00,LONG,76914.5,76800.86,0.5,-0.0657
2026-05-01 12:10:00+00:00,2026-05-01 13:10:00+00:00,LONG,77553.65,78344.38,0.5,0.415
2026-05-01 13:15:00+00:00,2026-05-01 14:15:00+00:00,LONG,78309.03,78483.8,0.5,0.2371
2026-05-01 14:30:00+00:00,2026-05-01 15:30:00+00:00,LONG,78241.47,78579.99,0.5,0.1879
2026-05-01 15:55:00+00:00,2026-05-01 16:55:00+00:00,LONG,78445.89,78214.36,0.5,-0.0931
2026-05-01 17:10:00+00:00,2026-05-01 18:10:00+00:00,LONG,78330.0,78527.36,0.5,0.1084
2026-05-01 20:45:00+00:00,2026-05-01 21:45:00+00:00,LONG,77960.7,78168.36,0.5,0.1002
2026-05-01 21:50:00+00:00,2026-05-01 22:50:00+00:00,LONG,78188.68,78158.22,0.5,-0.0151
2026-05-01 23:10:00+00:00,2026-05-02 00:10:00+00:00,LONG,78124.0,78200.1,0.5,0.0896
2026-05-02 21:10:00+00:00,2026-05-02 22:10:00+00:00,LONG,78450.55,78771.13,0.5,0.1865
2026-05-02 22:30:00+00:00,2026-05-02 23:30:00+00:00,LONG,78708.26,78784.5,0.5,0.0597
2026-05-03 06:25:00+00:00,2026-05-03 07:25:00+00:00,LONG,78115.33,78412.76,0.5,0.18
2026-05-03 11:10:00+00:00,2026-05-03 12:10:00+00:00,LONG,78526.2,78856.8,0.5,0.1446
2026-05-04 00:10:00+00:00,2026-05-04 01:10:00+00:00,LONG,78511.67,78456.26,0.5,-0.0195
2026-05-04 01:15:00+00:00,2026-05-04 02:15:00+00:00,LONG,78450.56,79876.4,0.5,0.9358
2026-05-04 02:20:00+00:00,2026-05-04 03:20:00+00:00,LONG,79706.03,80134.05,0.5,0.3135
2026-05-04 03:25:00+00:00,2026-05-04 04:25:00+00:00,LONG,80118.6,80351.87,0.5,0.0797
2026-05-04 06:25:00+00:00,2026-05-04 07:25:00+00:00,LONG,79704.25,79855.44,0.5,0.0906
2026-05-04 10:05:00+00:00,2026-05-04 11:05:00+00:00,LONG,78825.78,79020.0,0.5,0.0638
2026-05-04 11:40:00+00:00,2026-05-04 12:40:00+00:00,LONG,78735.04,78990.97,0.5,0.1183
2026-05-04 12:55:00+00:00,2026-05-04 13:55:00+00:00,LONG,78857.18,78790.0,0.5,-0.0509
2026-05-04 14:00:00+00:00,2026-05-04 15:00:00+00:00,LONG,78610.01,80100.0,0.5,1.0113
2026-05-04 15:20:00+00:00,2026-05-04 16:20:00+00:00,LONG,79538.72,80259.99,0.5,0.3601
2026-05-04 16:55:00+00:00,2026-05-04 17:55:00+00:00,LONG,80025.03,80390.81,0.5,0.2606
2026-05-04 19:25:00+00:00,2026-05-04 20:25:00+00:00,LONG,79930.0,80027.23,0.5,0.0347
2026-05-05 00:10:00+00:00,2026-05-05 01:10:00+00:00,LONG,79953.36,80199.62,0.5,0.16
2026-05-05 01:15:00+00:00,2026-05-05 02:15:00+00:00,LONG,80212.32,80399.29,0.5,0.1519
2026-05-05 02:20:00+00:00,2026-05-05 03:20:00+00:00,LONG,80484.99,80811.97,0.5,0.168
2026-05-05 03:30:00+00:00,2026-05-05 04:30:00+00:00,LONG,80821.01,80764.8,0.5,-0.0169
2026-05-05 04:35:00+00:00,2026-05-05 05:35:00+00:00,LONG,80811.97,81235.83,0.5,0.199
2026-05-05 06:10:00+00:00,2026-05-05 07:10:00+00:00,LONG,80958.93,80995.36,0.5,-0.0362
2026-05-05 08:30:00+00:00,2026-05-05 09:30:00+00:00,LONG,80842.65,80611.21,0.5,-0.1145
2026-05-05 09:40:00+00:00,2026-05-05 10:40:00+00:00,LONG,80589.59,80822.42,0.5,0.1249
2026-05-05 10:50:00+00:00,2026-05-05 11:50:00+00:00,LONG,80724.94,80930.0,0.5,0.1692
2026-05-05 12:10:00+00:00,2026-05-05 13:10:00+00:00,LONG,81105.01,81622.0,0.5,0.2967
2026-05-05 13:40:00+00:00,2026-05-05 14:40:00+00:00,LONG,81414.1,81244.87,0.5,-0.123
2026-05-05 14:45:00+00:00,2026-05-05 15:45:00+00:00,LONG,81208.0,81648.36,0.5,0.2561
2026-05-05 15:55:00+00:00,2026-05-05 16:55:00+00:00,LONG,81525.19,81285.75,0.5,-0.1617
2026-05-06 00:20:00+00:00,2026-05-06 01:20:00+00:00,LONG,80998.38,81294.65,0.5,0.1782
2026-05-06 01:25:00+00:00,2026-05-06 02:25:00+00:00,LONG,81250.0,81144.57,0.5,0.0245
2026-05-06 02:30:00+00:00,2026-05-06 03:30:00+00:00,LONG,81062.5,81636.83,0.5,0.3404
2026-05-06 05:35:00+00:00,2026-05-06 06:35:00+00:00,LONG,81067.73,81414.45,0.5,0.1809
2026-05-06 08:10:00+00:00,2026-05-06 09:10:00+00:00,LONG,81547.5,81815.2,0.5,0.188
2026-05-06 09:15:00+00:00,2026-05-06 10:15:00+00:00,LONG,81830.47,82132.4,0.5,0.1296
2026-05-06 10:20:00+00:00,2026-05-06 11:20:00+00:00,LONG,82174.0,82761.29,0.5,0.2155
2026-05-06 11:40:00+00:00,2026-05-06 12:40:00+00:00,LONG,82501.85,82347.7,0.5,-0.0963
2026-05-06 14:05:00+00:00,2026-05-06 15:05:00+00:00,LONG,81429.93,81562.07,0.5,0.1133
2026-05-06 15:10:00+00:00,2026-05-06 16:10:00+00:00,LONG,81410.0,81760.27,0.5,0.2548
2026-05-06 16:25:00+00:00,2026-05-06 17:25:00+00:00,LONG,81510.79,81474.4,0.5,-0.0037
2026-05-06 19:10:00+00:00,2026-05-06 20:10:00+00:00,LONG,81249.3,81638.17,0.5,0.2031
2026-05-06 21:15:00+00:00,2026-05-06 22:15:00+00:00,LONG,81421.73,81319.14,0.5,-0.0246
2026-05-06 23:10:00+00:00,2026-05-07 00:10:00+00:00,LONG,81230.01,81426.58,0.5,0.1162
2026-05-07 04:10:00+00:00,2026-05-07 05:10:00+00:00,LONG,80869.87,81116.85,0.5,0.1033
2026-05-07 05:35:00+00:00,2026-05-07 06:35:00+00:00,LONG,81057.99,81280.26,0.5,0.1371
2026-05-07 06:40:00+00:00,2026-05-07 07:40:00+00:00,LONG,81369.7,81588.06,0.5,0.1549
2026-05-07 10:25:00+00:00,2026-05-07 11:25:00+00:00,LONG,80614.46,80896.87,0.5,0.2336
2026-05-07 15:25:00+00:00,2026-05-07 16:25:00+00:00,LONG,79850.0,79987.42,0.5,0.0372
2026-05-07 16:40:00+00:00,2026-05-07 17:40:00+00:00,LONG,79891.01,79880.01,0.5,-0.0173
2026-05-07 17:45:00+00:00,2026-05-07 18:45:00+00:00,LONG,79869.99,80063.75,0.5,0.16
2026-05-07 19:25:00+00:00,2026-05-07 20:25:00+00:00,LONG,79972.66,80178.25,0.5,0.1114
2026-05-07 21:10:00+00:00,2026-05-07 22:10:00+00:00,LONG,79792.71,79816.93,0.5,-0.084
2026-05-07 22:35:00+00:00,2026-05-07 23:35:00+00:00,LONG,79833.69,79995.43,0.5,0.0563
2026-05-08 02:20:00+00:00,2026-05-08 03:20:00+00:00,LONG,79488.6,79593.99,0.5,0.05
2026-05-08 04:45:00+00:00,2026-05-08 05:45:00+00:00,LONG,79625.01,79687.21,0.5,0.0796
2026-05-08 06:45:00+00:00,2026-05-08 07:45:00+00:00,LONG,79508.79,79678.71,0.5,0.0453
2026-05-08 08:10:00+00:00,2026-05-08 09:10:00+00:00,LONG,79724.63,79980.31,0.5,0.1618
2026-05-08 09:40:00+00:00,2026-05-08 10:40:00+00:00,LONG,79863.71,80158.88,0.5,0.1208
2026-05-08 13:15:00+00:00,2026-05-08 14:15:00+00:00,LONG,79760.93,80368.15,0.5,0.1042
2026-05-08 14:35:00+00:00,2026-05-08 15:35:00+00:00,LONG,80258.46,79898.96,0.5,-0.2416
2026-05-08 15:40:00+00:00,2026-05-08 16:40:00+00:00,LONG,79966.14,79790.0,0.5,-0.1094
2026-05-08 17:10:00+00:00,2026-05-08 18:10:00+00:00,LONG,79862.0,80202.42,0.5,0.1929
2026-05-08 19:10:00+00:00,2026-05-08 20:10:00+00:00,LONG,80055.35,80229.99,0.5,0.0685
2026-05-09 15:10:00+00:00,2026-05-09 16:10:00+00:00,LONG,80299.81,80577.96,0.5,0.1687
2026-05-09 16:55:00+00:00,2026-05-09 17:55:00+00:00,LONG,80625.01,80812.7,0.5,0.0972
2026-05-09 19:30:00+00:00,2026-05-09 20:30:00+00:00,LONG,80807.66,80750.14,0.5,-0.0065
2026-05-10 01:10:00+00:00,2026-05-10 02:10:00+00:00,LONG,80625.03,80628.94,0.5,0.0032
2026-05-10 12:10:00+00:00,2026-05-10 13:10:00+00:00,LONG,80865.03,80925.3,0.5,0.0301
2026-05-10 14:05:00+00:00,2026-05-10 15:05:00+00:00,LONG,80933.19,80953.81,0.5,0.0713
2026-05-10 15:10:00+00:00,2026-05-10 16:10:00+00:00,LONG,81044.73,81477.8,0.5,0.2592
2026-05-10 20:20:00+00:00,2026-05-10 21:20:00+00:00,LONG,81119.46,80747.51,0.5,-0.1487
2026-05-10 21:25:00+00:00,2026-05-10 22:25:00+00:00,LONG,80839.99,81503.71,0.5,0.2923
2026-05-10 22:30:00+00:00,2026-05-10 23:30:00+00:00,LONG,82027.54,82211.6,0.5,0.1242
2026-05-11 00:05:00+00:00,2026-05-11 01:05:00+00:00,LONG,81980.05,81366.3,0.5,-0.3894
2026-05-11 04:10:00+00:00,2026-05-11 05:10:00+00:00,LONG,80640.0,80840.73,0.5,0.136
2026-05-11 08:10:00+00:00,2026-05-11 09:10:00+00:00,LONG,80750.23,80925.35,0.5,0.0704
2026-05-11 09:35:00+00:00,2026-05-11 10:35:00+00:00,LONG,80876.51,81027.01,0.5,0.1274
2026-05-11 11:00:00+00:00,2026-05-11 12:00:00+00:00,LONG,80995.22,81172.5,0.5,0.1244
2026-05-11 13:30:00+00:00,2026-05-11 14:30:00+00:00,LONG,80908.83,80608.28,0.5,-0.0982
2026-05-11 14:35:00+00:00,2026-05-11 15:35:00+00:00,LONG,80870.28,81281.05,0.5,0.2202
2026-05-11 15:40:00+00:00,2026-05-11 16:40:00+00:00,LONG,81232.68,81579.64,0.5,0.3731
2026-05-11 16:45:00+00:00,2026-05-11 17:45:00+00:00,LONG,81698.86,81953.65,0.5,0.1705
2026-05-11 19:00:00+00:00,2026-05-11 20:00:00+00:00,LONG,81783.64,82033.54,0.5,0.1089
2026-05-12 01:40:00+00:00,2026-05-12 02:40:00+00:00,LONG,81068.31,81129.66,0.5,0.0428
2026-05-12 04:10:00+00:00,2026-05-12 05:10:00+00:00,LONG,81003.11,81233.51,0.5,0.1337
2026-05-12 08:15:00+00:00,2026-05-12 09:15:00+00:00,LONG,80856.59,80760.24,0.5,-0.0566
2026-05-12 11:10:00+00:00,2026-05-12 12:10:00+00:00,LONG,80583.88,80832.26,0.5,0.1277
2026-05-12 16:10:00+00:00,2026-05-12 17:10:00+00:00,LONG,80385.98,80208.37,0.5,-0.1956
2026-05-12 17:15:00+00:00,2026-05-12 18:15:00+00:00,LONG,80349.75,80520.14,0.5,0.1214
2026-05-12 18:20:00+00:00,2026-05-12 19:20:00+00:00,LONG,80536.08,80759.99,0.5,0.1432
2026-05-13 00:10:00+00:00,2026-05-13 01:10:00+00:00,LONG,80460.0,80954.89,0.5,0.2343
2026-05-13 01:55:00+00:00,2026-05-13 02:55:00+00:00,LONG,81006.0,81050.0,0.5,0.0099
2026-05-13 03:00:00+00:00,2026-05-13 04:00:00+00:00,LONG,81064.32,81228.68,0.5,0.1144
2026-05-15 00:10:00+00:00,2026-05-15 01:10:00+00:00,LONG,81480.29,81522.0,0.5,0.0319
2026-05-15 02:10:00+00:00,2026-05-15 03:10:00+00:00,LONG,80944.78,81230.0,0.5,0.1377
2026-05-15 05:40:00+00:00,2026-05-15 06:40:00+00:00,LONG,80476.0,80601.59,0.5,0.0577
2026-05-15 07:00:00+00:00,2026-05-15 08:00:00+00:00,LONG,80617.81,80695.25,0.5,0.1221
2026-05-15 10:30:00+00:00,2026-05-15 11:30:00+00:00,LONG,80551.84,80606.35,0.5,0.0475
2026-06-13 21:10:00+00:00,2026-06-13 22:10:00+00:00,LONG,64242.28,64421.99,0.5,0.1409
2026-06-14 07:10:00+00:00,2026-06-14 08:10:00+00:00,LONG,64217.4,64440.01,0.5,0.1845
2026-06-14 09:10:00+00:00,2026-06-14 10:10:00+00:00,LONG,64428.44,64527.14,0.5,0.0909
2026-06-14 18:10:00+00:00,2026-06-14 19:10:00+00:00,LONG,63727.19,63790.82,0.5,0.0304
2026-06-14 20:10:00+00:00,2026-06-14 21:10:00+00:00,LONG,63815.98,64103.52,0.5,0.1646
2026-06-14 21:15:00+00:00,2026-06-14 22:15:00+00:00,LONG,64748.65,65203.99,0.5,0.288
2026-06-14 22:20:00+00:00,2026-06-14 23:20:00+00:00,LONG,65208.0,65554.01,0.5,0.2699
2026-06-14 23:25:00+00:00,2026-06-15 00:25:00+00:00,LONG,65684.64,65760.0,0.5,0.0117
2026-06-15 01:05:00+00:00,2026-06-15 02:05:00+00:00,LONG,65462.0,65613.45,0.5,0.0595
2026-06-15 02:50:00+00:00,2026-06-15 03:50:00+00:00,LONG,65462.0,65948.52,0.5,0.3588
2026-06-15 04:05:00+00:00,2026-06-15 05:05:00+00:00,LONG,65795.0,65616.0,0.5,-0.1301
2026-06-15 05:10:00+00:00,2026-06-15 06:10:00+00:00,LONG,65686.0,65890.01,0.5,0.1353
2026-06-15 08:10:00+00:00,2026-06-15 09:10:00+00:00,LONG,65732.0,65681.39,0.5,-0.0221
2026-06-15 09:15:00+00:00,2026-06-15 10:15:00+00:00,LONG,65762.01,65705.01,0.5,-0.0167
2026-06-15 10:20:00+00:00,2026-06-15 11:20:00+00:00,LONG,65743.98,66314.17,0.5,0.3776
2026-06-15 12:10:00+00:00,2026-06-15 13:10:00+00:00,LONG,66284.0,66618.66,0.5,0.2288
2026-06-15 13:45:00+00:00,2026-06-15 14:45:00+00:00,LONG,66606.66,66617.99,0.5,-0.053
2026-06-15 14:50:00+00:00,2026-06-15 15:50:00+00:00,LONG,66645.99,67249.51,0.5,0.4113
2026-06-15 15:55:00+00:00,2026-06-15 16:55:00+00:00,LONG,67292.14,67157.99,0.5,-0.0974
2026-06-15 19:20:00+00:00,2026-06-15 20:20:00+00:00,LONG,66563.99,66561.99,0.5,-0.018
2026-06-15 23:10:00+00:00,2026-06-16 00:10:00+00:00,LONG,66270.4,66391.97,0.5,0.0853
2026-06-16 02:30:00+00:00,2026-06-16 03:30:00+00:00,LONG,65807.33,66042.0,0.5,0.1314
2026-06-16 03:35:00+00:00,2026-06-16 04:35:00+00:00,LONG,66058.0,65872.0,0.5,-0.1457
2026-06-16 04:40:00+00:00,2026-06-16 05:40:00+00:00,LONG,65886.65,66089.38,0.5,0.1692
2026-06-16 05:55:00+00:00,2026-06-16 06:55:00+00:00,LONG,66045.0,66446.0,0.5,0.3553
2026-06-16 08:10:00+00:00,2026-06-16 09:10:00+00:00,LONG,66472.0,66763.36,0.5,0.2311
2026-06-16 11:45:00+00:00,2026-06-16 12:45:00+00:00,LONG,66424.02,66414.0,0.5,0.0557
2026-06-16 13:30:00+00:00,2026-06-16 14:30:00+00:00,LONG,65980.39,65568.01,0.5,-0.3249
2026-06-16 14:35:00+00:00,2026-06-16 15:35:00+00:00,LONG,65660.0,65843.95,0.5,0.1459
2026-06-16 15:45:00+00:00,2026-06-16 16:45:00+00:00,LONG,65810.0,65733.98,0.5,-0.0015
2026-06-16 17:10:00+00:00,2026-06-16 18:10:00+00:00,LONG,65792.01,66137.04,0.5,0.229
2026-06-16 19:40:00+00:00,2026-06-16 20:40:00+00:00,LONG,65642.66,65843.99,0.5,0.1233
2026-06-17 00:25:00+00:00,2026-06-17 01:25:00+00:00,LONG,65725.95,65585.74,0.5,-0.1203
2026-06-17 01:30:00+00:00,2026-06-17 02:30:00+00:00,LONG,65602.01,65920.0,0.5,0.3827
2026-06-17 03:20:00+00:00,2026-06-17 04:20:00+00:00,LONG,65730.02,65892.0,0.5,0.0471
2026-06-17 07:25:00+00:00,2026-06-17 08:25:00+00:00,LONG,65555.79,65330.01,0.5,-0.164
2026-06-17 08:40:00+00:00,2026-06-17 09:40:00+00:00,LONG,64920.01,64947.74,0.5,0.0385
2026-06-17 11:10:00+00:00,2026-06-17 12:10:00+00:00,LONG,64605.59,64850.18,0.5,0.1932
2026-06-17 12:15:00+00:00,2026-06-17 13:15:00+00:00,LONG,64826.69,65049.99,0.5,0.1981
2026-06-17 13:20:00+00:00,2026-06-17 14:20:00+00:00,LONG,64901.26,65253.99,0.5,0.2798
2026-06-17 14:25:00+00:00,2026-06-17 15:25:00+00:00,LONG,65252.0,65327.76,0.5,0.0873
2026-06-17 15:30:00+00:00,2026-06-17 16:30:00+00:00,LONG,65386.96,66006.21,0.5,0.6617
2026-06-17 17:15:00+00:00,2026-06-17 18:15:00+00:00,LONG,65944.0,65458.0,0.5,-0.4895
2026-06-17 20:10:00+00:00,2026-06-17 21:10:00+00:00,LONG,64214.69,64328.92,0.5,0.113
2026-06-17 21:30:00+00:00,2026-06-17 22:30:00+00:00,LONG,64344.05,64400.46,0.5,0.0158
2026-06-17 22:40:00+00:00,2026-06-17 23:40:00+00:00,LONG,64266.01,64443.69,0.5,0.1562
2026-06-17 23:45:00+00:00,2026-06-18 00:45:00+00:00,LONG,64476.01,64607.99,0.5,0.0883
2026-06-18 04:10:00+00:00,2026-06-18 05:10:00+00:00,LONG,63939.93,63921.26,0.5,-0.1298
2026-06-18 05:15:00+00:00,2026-06-18 06:15:00+00:00,LONG,63966.01,63870.0,0.5,-0.007
2026-06-18 06:20:00+00:00,2026-06-18 07:20:00+00:00,LONG,63934.01,64251.98,0.5,0.1905
2026-06-18 07:25:00+00:00,2026-06-18 08:25:00+00:00,LONG,64304.59,64578.0,0.5,0.2059
2026-06-18 10:25:00+00:00,2026-06-18 11:25:00+00:00,LONG,63965.48,64069.99,0.5,-0.0305
2026-06-22 12:10:00+00:00,2026-06-22 13:10:00+00:00,LONG,64756.01,65146.0,0.5,0.2306
2026-06-22 13:15:00+00:00,2026-06-22 14:15:00+00:00,LONG,65078.0,65160.83,0.5,0.1668
2026-06-22 15:55:00+00:00,2026-06-22 16:55:00+00:00,LONG,64836.95,64719.77,0.5,-0.0652
2026-06-22 17:30:00+00:00,2026-06-22 18:30:00+00:00,LONG,64452.0,64572.0,0.5,0.1116
2026-06-22 19:10:00+00:00,2026-06-22 20:10:00+00:00,LONG,64416.01,64524.0,0.5,0.0903
2026-06-22 22:40:00+00:00,2026-06-22 23:40:00+00:00,LONG,63838.5,63986.0,0.5,0.1451
2026-06-23 00:10:00+00:00,2026-06-23 01:10:00+00:00,LONG,63963.01,64217.12,0.5,0.1922
2026-06-23 01:45:00+00:00,2026-06-23 02:45:00+00:00,LONG,63938.21,64178.08,0.5,0.2083
2026-07-02 20:10:00+00:00,2026-07-02 21:10:00+00:00,LONG,61441.08,61522.63,0.5,0.0805
2026-07-02 23:10:00+00:00,2026-07-03 00:10:00+00:00,LONG,61351.9,61416.0,0.5,0.0425
2026-07-03 04:10:00+00:00,2026-07-03 05:10:00+00:00,LONG,61430.0,61535.99,0.5,0.0911
2026-07-03 05:15:00+00:00,2026-07-03 06:15:00+00:00,LONG,61637.37,61733.39,0.5,0.071
2026-07-03 06:35:00+00:00,2026-07-03 07:35:00+00:00,LONG,61621.67,61761.64,0.5,0.115
2026-07-03 08:55:00+00:00,2026-07-03 09:55:00+00:00,LONG,61584.0,61718.68,0.5,0.1135
2026-07-03 10:00:00+00:00,2026-07-03 11:00:00+00:00,LONG,61724.71,61964.01,0.5,0.1551
2026-07-03 11:40:00+00:00,2026-07-03 12:40:00+00:00,LONG,61892.0,61929.1,0.5,0.0114
2026-07-03 14:10:00+00:00,2026-07-03 15:10:00+00:00,LONG,61768.02,62192.14,0.5,0.4548
2026-07-03 16:10:00+00:00,2026-07-03 17:10:00+00:00,LONG,61926.99,62192.46,0.5,0.2762
2026-07-03 18:05:00+00:00,2026-07-03 19:05:00+00:00,LONG,62131.99,62188.08,0.5,0.0611
2026-07-03 20:10:00+00:00,2026-07-03 21:10:00+00:00,LONG,62438.01,62756.0,0.5,0.2715
2026-07-03 23:55:00+00:00,2026-07-04 00:55:00+00:00,LONG,62583.26,62756.29,0.5,0.1283
2026-07-04 01:05:00+00:00,2026-07-04 02:05:00+00:00,LONG,62493.63,62530.29,0.5,-0.0055
2026-07-04 02:35:00+00:00,2026-07-04 03:35:00+00:00,LONG,62448.49,62712.08,0.5,0.1754
2026-07-04 06:25:00+00:00,2026-07-04 07:25:00+00:00,LONG,62422.0,62544.07,0.5,0.1536
2026-07-04 12:10:00+00:00,2026-07-04 13:10:00+00:00,LONG,62569.01,62609.99,0.5,0.039
2026-07-04 13:40:00+00:00,2026-07-04 14:40:00+00:00,LONG,62584.0,62686.68,0.5,0.0449
2026-07-04 14:50:00+00:00,2026-07-04 15:50:00+00:00,LONG,62660.0,62947.2,0.5,0.2341
2026-07-04 16:10:00+00:00,2026-07-04 17:10:00+00:00,LONG,62786.01,62861.99,0.5,0.1257
2026-07-04 17:15:00+00:00,2026-07-04 18:15:00+00:00,LONG,62913.99,63259.99,0.5,0.328
2026-07-04 23:15:00+00:00,2026-07-05 00:15:00+00:00,LONG,63036.17,63043.14,0.5,0.0189
2026-07-05 05:05:00+00:00,2026-07-05 06:05:00+00:00,LONG,62760.0,62682.01,0.5,-0.0478
2026-07-05 06:10:00+00:00,2026-07-05 07:10:00+00:00,LONG,62715.0,62758.02,0.5,0.0397
2026-07-05 07:15:00+00:00,2026-07-05 08:15:00+00:00,LONG,62738.01,62976.01,0.5,0.2195
2026-07-05 12:10:00+00:00,2026-07-05 13:10:00+00:00,LONG,62620.0,62738.0,0.5,0.1244
2026-07-05 18:10:00+00:00,2026-07-05 19:10:00+00:00,LONG,62659.86,62840.81,0.5,0.129
2026-07-05 20:20:00+00:00,2026-07-05 21:20:00+00:00,LONG,62762.0,62882.01,0.5,0.1098
2026-07-05 21:25:00+00:00,2026-07-05 22:25:00+00:00,LONG,62922.01,63717.99,0.5,0.5003
2026-07-05 22:45:00+00:00,2026-07-05 23:45:00+00:00,LONG,63570.45,63632.57,0.5,0.1045
2026-07-06 00:10:00+00:00,2026-07-06 01:10:00+00:00,LONG,63594.0,63806.0,0.5,0.2
2026-07-06 05:30:00+00:00,2026-07-06 06:30:00+00:00,LONG,62996.13,62972.63,0.5,0.03
2026-07-06 07:10:00+00:00,2026-07-06 08:10:00+00:00,LONG,62960.0,63060.0,0.5,0.1649
2026-07-06 12:10:00+00:00,2026-07-06 13:10:00+00:00,LONG,61985.63,61640.02,0.5,-0.1864
2026-07-06 13:15:00+00:00,2026-07-06 14:15:00+00:00,LONG,61556.15,61829.99,0.5,0.304
2026-07-06 14:20:00+00:00,2026-07-06 15:20:00+00:00,LONG,61941.99,62385.99,0.5,0.4132
2026-07-06 15:25:00+00:00,2026-07-06 16:25:00+00:00,LONG,62464.0,63464.36,0.5,0.9034
2026-07-06 16:30:00+00:00,2026-07-06 17:30:00+00:00,LONG,63600.68,63800.0,0.5,0.2268
2026-07-06 19:05:00+00:00,2026-07-06 20:05:00+00:00,LONG,63700.01,63601.01,0.5,-0.0801
2026-07-06 20:10:00+00:00,2026-07-06 21:10:00+00:00,LONG,63602.06,64305.91,0.5,0.6418
2026-07-06 21:40:00+00:00,2026-07-06 22:40:00+00:00,LONG,64223.41,64205.96,0.5,-0.0011
2026-07-07 05:10:00+00:00,2026-07-07 06:10:00+00:00,LONG,62819.99,63039.99,0.5,0.2018
2026-07-07 06:15:00+00:00,2026-07-07 07:15:00+00:00,LONG,63078.09,63339.99,0.5,0.2514
2026-07-07 08:10:00+00:00,2026-07-07 09:10:00+00:00,LONG,63122.01,63250.69,0.5,0.0348
2026-07-07 09:30:00+00:00,2026-07-07 10:30:00+00:00,LONG,63174.68,63263.91,0.5,0.1064
2026-07-07 10:35:00+00:00,2026-07-07 11:35:00+00:00,LONG,63310.0,63160.01,0.5,-0.132
2026-07-07 11:40:00+00:00,2026-07-07 12:40:00+00:00,LONG,63262.36,63612.01,0.5,0.2347
2026-07-07 12:50:00+00:00,2026-07-07 13:50:00+00:00,LONG,63503.68,63120.0,0.5,-0.1267
2026-07-07 13:55:00+00:00,2026-07-07 14:55:00+00:00,LONG,63056.0,63562.05,0.5,0.2452
2026-07-07 15:00:00+00:00,2026-07-07 16:00:00+00:00,LONG,63477.87,63925.98,0.5,0.3553
2026-07-07 16:05:00+00:00,2026-07-07 17:05:00+00:00,LONG,63871.58,64094.01,0.5,0.1464
2026-07-07 17:15:00+00:00,2026-07-07 18:15:00+00:00,LONG,63976.65,64069.99,0.5,0.0353
2026-07-07 18:55:00+00:00,2026-07-07 19:55:00+00:00,LONG,63679.99,63817.99,0.5,0.1286
2026-07-07 20:00:00+00:00,2026-07-07 21:00:00+00:00,LONG,63874.01,63824.16,0.5,-0.138
2026-07-08 00:10:00+00:00,2026-07-08 01:10:00+00:00,LONG,63494.01,63634.98,0.5,0.0116
2026-07-08 02:10:00+00:00,2026-07-08 03:10:00+00:00,LONG,62888.0,63071.14,0.5,0.1001
2026-07-08 04:10:00+00:00,2026-07-08 05:10:00+00:00,LONG,62799.28,62801.71,0.5,0.0314
2026-07-08 05:40:00+00:00,2026-07-08 06:40:00+00:00,LONG,62619.78,62543.1,0.5,-0.0812
2026-07-08 06:45:00+00:00,2026-07-08 07:45:00+00:00,LONG,62650.0,62871.84,0.5,0.1403
2026-07-08 08:40:00+00:00,2026-07-08 09:40:00+00:00,LONG,62048.25,62145.99,0.5,0.0445
2026-07-08 10:00:00+00:00,2026-07-08 11:00:00+00:00,LONG,61955.84,62142.01,0.5,0.1831
2026-07-08 11:10:00+00:00,2026-07-08 12:10:00+00:00,LONG,62116.0,62320.01,0.5,0.234
2026-07-08 13:20:00+00:00,2026-07-08 14:20:00+00:00,LONG,61868.53,62064.0,0.5,0.0545
2026-07-08 15:15:00+00:00,2026-07-08 16:15:00+00:00,LONG,61681.19,61866.01,0.5,0.1232
2026-07-08 16:20:00+00:00,2026-07-08 17:20:00+00:00,LONG,61914.06,62231.99,0.5,0.1815
2026-07-08 17:55:00+00:00,2026-07-08 18:55:00+00:00,LONG,62104.62,62185.32,0.5,0.082
2026-07-08 19:00:00+00:00,2026-07-08 20:00:00+00:00,LONG,62186.68,62267.26,0.5,0.0734
2026-07-08 20:05:00+00:00,2026-07-08 21:05:00+00:00,LONG,62286.65,62072.57,0.5,-0.139
2026-07-08 21:10:00+00:00,2026-07-08 22:10:00+00:00,LONG,62000.0,62208.98,0.5,0.1767
2026-07-09 01:55:00+00:00,2026-07-09 02:55:00+00:00,LONG,61916.0,61788.8,0.5,-0.0873
2026-07-09 03:00:00+00:00,2026-07-09 04:00:00+00:00,LONG,61746.0,62030.86,0.5,0.1846
2026-07-09 04:10:00+00:00,2026-07-09 05:10:00+00:00,LONG,62032.0,62500.0,0.5,0.3502
2026-07-09 05:15:00+00:00,2026-07-09 06:15:00+00:00,LONG,62403.99,62550.1,0.5,0.0993
2026-07-09 06:20:00+00:00,2026-07-09 07:20:00+00:00,LONG,62610.01,62864.98,0.5,0.3755
2026-07-09 08:00:00+00:00,2026-07-09 09:00:00+00:00,LONG,62996.47,62866.01,0.5,-0.0737
2026-07-09 09:45:00+00:00,2026-07-09 10:45:00+00:00,LONG,62873.91,62826.0,0.5,0.0287
2026-07-09 11:35:00+00:00,2026-07-09 12:35:00+00:00,LONG,62684.0,62925.99,0.5,0.0858
2026-07-09 12:45:00+00:00,2026-07-09 13:45:00+00:00,LONG,62572.51,62931.88,0.5,0.317
2026-07-09 13:50:00+00:00,2026-07-09 14:50:00+00:00,LONG,63026.64,62935.19,0.5,-0.0529
2026-07-09 14:55:00+00:00,2026-07-09 15:55:00+00:00,LONG,63016.0,62868.05,0.5,-0.0619
2026-07-09 16:10:00+00:00,2026-07-09 17:10:00+00:00,LONG,62858.98,62700.47,0.5,-0.0899
2026-07-09 17:15:00+00:00,2026-07-09 18:15:00+00:00,LONG,62821.1,63412.61,0.5,0.4514
2026-07-09 23:20:00+00:00,2026-07-10 00:20:00+00:00,LONG,63269.99,63092.32,0.5,-0.0506
2026-07-10 00:25:00+00:00,2026-07-10 01:25:00+00:00,LONG,63102.0,63393.78,0.5,0.1819
2026-07-10 01:30:00+00:00,2026-07-10 02:30:00+00:00,LONG,63338.0,63845.96,0.5,0.3758
2026-07-10 02:35:00+00:00,2026-07-10 03:35:00+00:00,LONG,63912.62,63850.12,0.5,-0.0545
2026-07-10 03:40:00+00:00,2026-07-10 04:40:00+00:00,LONG,63934.0,64100.0,0.5,0.1113
2026-07-10 07:10:00+00:00,2026-07-10 08:10:00+00:00,LONG,63916.0,64024.0,0.5,0.0782
2026-07-10 08:15:00+00:00,2026-07-10 09:15:00+00:00,LONG,64269.13,64316.01,0.5,-0.0408
2026-07-10 09:20:00+00:00,2026-07-10 10:20:00+00:00,LONG,64348.88,64402.0,0.5,-0.0302
2026-07-10 11:35:00+00:00,2026-07-10 12:35:00+00:00,LONG,64389.99,64415.68,0.5,0.0512
2026-07-10 13:10:00+00:00,2026-07-10 14:10:00+00:00,LONG,64244.9,64210.0,0.5,0.0289
2026-07-10 14:55:00+00:00,2026-07-10 15:55:00+00:00,LONG,63914.87,64040.0,0.5,0.0832
2026-07-10 16:00:00+00:00,2026-07-10 17:00:00+00:00,LONG,63999.99,64143.97,0.5,0.1093
2026-07-10 18:55:00+00:00,2026-07-10 19:55:00+00:00,LONG,63810.0,63917.88,0.5,0.144
2026-07-10 20:10:00+00:00,2026-07-10 21:10:00+00:00,LONG,63819.72,63947.99,0.5,0.0715
2026-07-11 02:10:00+00:00,2026-07-11 03:10:00+00:00,LONG,64006.98,64188.01,0.5,0.1272
2026-07-11 15:40:00+00:00,2026-07-11 16:40:00+00:00,LONG,64094.69,64146.0,0.5,0.0393
2026-07-12 00:10:00+00:00,2026-07-12 01:10:00+00:00,LONG,63782.0,63918.75,0.5,0.1315
2026-07-12 01:15:00+00:00,2026-07-12 02:15:00+00:00,LONG,63997.19,64044.0,0.5,0.0437
2026-07-12 02:45:00+00:00,2026-07-12 03:45:00+00:00,LONG,64078.74,64193.68,0.5,0.0745
2026-07-12 09:15:00+00:00,2026-07-12 10:15:00+00:00,LONG,63841.74,63911.99,0.5,0.0682
2026-07-12 11:10:00+00:00,2026-07-12 12:10:00+00:00,LONG,63848.01,64103.5,0.5,0.1244
2026-07-12 14:10:00+00:00,2026-07-12 15:10:00+00:00,LONG,63975.01,64190.92,0.5,0.1615
2026-07-12 18:10:00+00:00,2026-07-12 19:10:00+00:00,LONG,64038.88,64178.04,0.5,0.1301
2026-07-13 00:40:00+00:00,2026-07-13 01:40:00+00:00,LONG,63786.0,63693.97,0.5,-0.0614
2026-07-13 04:10:00+00:00,2026-07-13 05:10:00+00:00,LONG,62817.97,62809.59,0.5,-0.0032
2026-07-13 05:25:00+00:00,2026-07-13 06:25:00+00:00,LONG,62636.0,62843.91,0.5,0.0818
2026-07-13 07:10:00+00:00,2026-07-13 08:10:00+00:00,LONG,62808.09,63038.64,0.5,0.1166
2026-07-13 08:25:00+00:00,2026-07-13 09:25:00+00:00,LONG,63100.0,63131.0,0.5,0.0155
2026-07-13 11:45:00+00:00,2026-07-13 12:45:00+00:00,LONG,62958.26,62624.01,0.5,-0.2741
2026-07-13 12:50:00+00:00,2026-07-13 13:50:00+00:00,LONG,62603.99,62230.7,0.5,-0.2273
2026-07-13 13:55:00+00:00,2026-07-13 14:55:00+00:00,LONG,62318.0,62791.85,0.5,0.2724
2026-07-13 18:00:00+00:00,2026-07-13 19:00:00+00:00,LONG,61974.01,62013.99,0.5,0.0371
2026-07-13 19:10:00+00:00,2026-07-13 20:10:00+00:00,LONG,62073.04,62221.98,0.5,0.1232
2026-07-14 12:10:00+00:00,2026-07-14 13:10:00+00:00,LONG,62852.75,63792.75,0.5,0.7401
2026-07-14 13:15:00+00:00,2026-07-14 14:15:00+00:00,LONG,63874.34,63854.0,0.5,-0.0017
2026-07-14 14:20:00+00:00,2026-07-14 15:20:00+00:00,LONG,63828.72,64274.51,0.5,0.3803
2026-07-14 15:25:00+00:00,2026-07-14 16:25:00+00:00,LONG,64499.08,64822.87,0.5,0.2435
2026-07-14 17:10:00+00:00,2026-07-14 18:10:00+00:00,LONG,64601.24,64489.67,0.5,-0.0831
2026-07-14 20:10:00+00:00,2026-07-14 21:10:00+00:00,LONG,64460.01,64615.02,0.5,0.1041
2026-07-14 21:55:00+00:00,2026-07-14 22:55:00+00:00,LONG,64676.9,64860.89,0.5,0.186
2026-07-14 23:00:00+00:00,2026-07-15 00:00:00+00:00,LONG,64836.0,65001.14,0.5,0.1601
2026-07-15 00:05:00+00:00,2026-07-15 01:05:00+00:00,LONG,65016.0,64740.01,0.5,-0.182
2026-07-15 05:10:00+00:00,2026-07-15 06:10:00+00:00,LONG,64621.99,65044.01,0.5,0.2716
2026-07-15 08:10:00+00:00,2026-07-15 09:10:00+00:00,LONG,64587.99,64839.99,0.5,0.1638
2026-07-15 10:35:00+00:00,2026-07-15 11:35:00+00:00,LONG,64688.73,64715.41,0.5,-0.0012
2026-07-15 12:10:00+00:00,2026-07-15 13:10:00+00:00,LONG,64732.57,65380.31,0.5,0.4421
2026-07-15 13:50:00+00:00,2026-07-15 14:50:00+00:00,LONG,65030.0,65420.01,0.5,0.328
2026-07-15 14:55:00+00:00,2026-07-15 15:55:00+00:00,LONG,65399.81,65427.61,0.5,0.0111
2026-07-15 16:00:00+00:00,2026-07-15 17:00:00+00:00,LONG,65303.12,65108.0,0.5,-0.1398
2026-07-15 19:10:00+00:00,2026-07-15 20:10:00+00:00,LONG,64936.42,64948.01,0.5,-0.0003
2026-07-16 00:40:00+00:00,2026-07-16 01:40:00+00:00,LONG,64519.99,64612.0,0.5,0.1243
2026-07-16 07:55:00+00:00,2026-07-16 08:55:00+00:00,LONG,64238.0,64126.85,0.5,-0.123
2026-07-16 09:00:00+00:00,2026-07-16 10:00:00+00:00,LONG,64139.05,64102.0,0.5,-0.0383
2026-07-16 10:15:00+00:00,2026-07-16 11:15:00+00:00,LONG,64228.0,64128.01,0.5,-0.0452
2026-07-16 11:20:00+00:00,2026-07-16 12:20:00+00:00,LONG,64256.82,64125.17,0.5,-0.0738
2026-07-16 12:25:00+00:00,2026-07-16 13:25:00+00:00,LONG,64184.23,64249.99,0.5,0.0235
2026-07-16 13:30:00+00:00,2026-07-16 14:30:00+00:00,LONG,64324.0,64762.48,0.5,0.3424
2026-07-16 14:55:00+00:00,2026-07-16 15:55:00+00:00,LONG,64543.51,64704.73,0.5,0.1668
2026-07-16 16:00:00+00:00,2026-07-16 17:00:00+00:00,LONG,64595.76,64372.18,0.5,-0.0866
2026-07-16 18:40:00+00:00,2026-07-16 19:40:00+00:00,LONG,64151.98,64204.02,0.5,0.0701
2026-07-17 00:10:00+00:00,2026-07-17 01:10:00+00:00,LONG,63790.57,63992.01,0.5,0.1842
2026-07-17 02:10:00+00:00,2026-07-17 03:10:00+00:00,LONG,63618.29,63624.0,0.5,0.0074
2026-07-17 08:10:00+00:00,2026-07-17 09:10:00+00:00,LONG,62892.0,62965.47,0.5,0.0175
2026-07-17 09:20:00+00:00,2026-07-17 10:20:00+00:00,LONG,62946.0,63064.59,0.5,0.1174
2026-07-17 10:25:00+00:00,2026-07-17 11:25:00+00:00,LONG,63098.01,63136.24,0.5,0.0016
2026-07-17 11:30:00+00:00,2026-07-17 12:30:00+00:00,LONG,63152.0,63186.32,0.5,0.0329
2026-07-17 13:05:00+00:00,2026-07-17 14:05:00+00:00,LONG,62855.32,63361.99,0.5,0.2608
2026-07-17 14:55:00+00:00,2026-07-17 15:55:00+00:00,LONG,63174.0,63452.0,0.5,0.086
2026-07-17 16:10:00+00:00,2026-07-17 17:10:00+00:00,LONG,63461.99,63962.0,0.5,0.4092
2026-07-17 17:15:00+00:00,2026-07-17 18:15:00+00:00,LONG,63923.3,63976.33,0.5,0.1318
2026-07-17 18:20:00+00:00,2026-07-17 19:20:00+00:00,LONG,63934.0,64018.0,0.5,0.1034
2026-07-17 19:25:00+00:00,2026-07-17 20:25:00+00:00,LONG,64088.0,64034.99,0.5,-0.0343
2026-07-18 16:10:00+00:00,2026-07-18 17:10:00+00:00,LONG,64147.03,64323.97,0.5,0.1067
2026-07-18 17:15:00+00:00,2026-07-18 18:15:00+00:00,LONG,64365.99,64505.21,0.5,0.0822
2026-07-19 12:10:00+00:00,2026-07-19 13:10:00+00:00,LONG,64348.08,64356.16,0.5,0.0263
2026-07-19 13:15:00+00:00,2026-07-19 14:15:00+00:00,LONG,64333.99,64505.21,0.5,0.1632
2026-07-19 20:30:00+00:00,2026-07-19 21:30:00+00:00,LONG,64511.99,64423.46,0.5,-0.031
2026-07-19 21:35:00+00:00,2026-07-19 22:35:00+00:00,LONG,64426.55,64778.0,0.5,0.2493
2026-07-19 22:55:00+00:00,2026-07-19 23:55:00+00:00,LONG,64674.67,64722.54,0.5,0.0068
2026-07-20 00:05:00+00:00,2026-07-20 01:05:00+00:00,LONG,64822.24,64999.13,0.5,-0.1671
2026-07-20 01:40:00+00:00,2026-07-20 02:40:00+00:00,LONG,64763.99,64836.0,0.5,-0.0108
2026-07-20 02:45:00+00:00,2026-07-20 03:45:00+00:00,LONG,64912.0,64880.0,0.5,-0.0072
2026-07-20 04:05:00+00:00,2026-07-20 05:05:00+00:00,LONG,64740.0,64420.01,0.5,-0.2214
2026-07-20 06:40:00+00:00,2026-07-20 07:40:00+00:00,LONG,63826.0,64213.16,0.5,0.2282
2026-07-20 08:10:00+00:00,2026-07-20 09:10:00+00:00,LONG,64294.39,64105.1,0.5,-0.2099
2026-07-20 09:15:00+00:00,2026-07-20 10:15:00+00:00,LONG,64089.75,64270.01,0.5,0.1498
2026-07-20 10:20:00+00:00,2026-07-20 11:20:00+00:00,LONG,64398.37,64320.54,0.5,-0.0413
2026-07-20 11:25:00+00:00,2026-07-20 12:25:00+00:00,LONG,64355.28,64699.81,0.5,0.2748
2026-07-20 12:40:00+00:00,2026-07-20 13:40:00+00:00,LONG,64599.97,64650.66,0.5,0.0564
2026-07-20 13:55:00+00:00,2026-07-20 14:55:00+00:00,LONG,64344.01,64416.01,0.5,0.0
2026-07-20 15:00:00+00:00,2026-07-20 16:00:00+00:00,LONG,64604.65,65546.01,0.5,0.7635
2026-07-20 17:40:00+00:00,2026-07-20 18:40:00+00:00,LONG,65354.0,65348.74,0.5,0.1018
2026-07-20 20:10:00+00:00,2026-07-20 21:10:00+00:00,LONG,65219.99,65326.0,0.5,0.0824
2026-07-21 00:10:00+00:00,2026-07-21 01:10:00+00:00,LONG,65186.01,65548.0,0.5,0.3435
2026-07-21 01:50:00+00:00,2026-07-21 02:50:00+00:00,LONG,65281.99,65389.72,0.5,0.0404
2026-07-21 04:25:00+00:00,2026-07-21 05:25:00+00:00,LONG,65514.01,65594.99,0.5,0.0686
2026-07-21 05:30:00+00:00,2026-07-21 06:30:00+00:00,LONG,65587.99,65924.99,0.5,0.1766
2026-07-21 06:50:00+00:00,2026-07-21 07:50:00+00:00,LONG,65923.0,66209.87,0.5,0.2058
2026-07-21 11:10:00+00:00,2026-07-21 12:10:00+00:00,LONG,66232.12,66405.74,0.5,0.1061
2026-07-21 12:15:00+00:00,2026-07-21 13:15:00+00:00,LONG,66453.48,66559.33,0.5,0.1266
2026-07-21 13:20:00+00:00,2026-07-21 14:20:00+00:00,LONG,66475.28,66673.32,0.5,0.2915
2026-07-21 14:25:00+00:00,2026-07-21 15:25:00+00:00,LONG,66740.0,66619.33,0.5,-0.033
2026-07-21 15:30:00+00:00,2026-07-21 16:30:00+00:00,LONG,66571.99,66572.8,0.5,-0.0303
2026-07-21 17:55:00+00:00,2026-07-21 18:55:00+00:00,LONG,66207.95,66319.95,0.5,0.0665
2026-07-21 19:15:00+00:00,2026-07-21 20:15:00+00:00,LONG,66366.46,66396.8,0.5,0.0404
2026-07-21 22:25:00+00:00,2026-07-21 23:25:00+00:00,LONG,66279.19,66397.99,0.5,0.0351
2026-07-21 23:30:00+00:00,2026-07-22 00:30:00+00:00,LONG,66422.79,66721.98,0.5,0.182
2026-07-22 07:40:00+00:00,2026-07-22 08:40:00+00:00,LONG,65785.81,65928.01,0.5,0.1483
2026-07-22 08:45:00+00:00,2026-07-22 09:45:00+00:00,LONG,65972.35,65903.32,0.5,-0.0624
2026-07-22 09:50:00+00:00,2026-07-22 10:50:00+00:00,LONG,65894.2,66072.75,0.5,0.1518
2026-07-22 11:45:00+00:00,2026-07-22 12:45:00+00:00,LONG,66040.0,65676.18,0.5,-0.1993
2026-07-22 12:50:00+00:00,2026-07-22 13:50:00+00:00,LONG,65740.83,65924.86,0.5,0.1196
2026-07-22 14:25:00+00:00,2026-07-22 15:25:00+00:00,LONG,65624.0,66076.0,0.5,0.308
2026-07-22 16:25:00+00:00,2026-07-22 17:25:00+00:00,LONG,66026.1,65992.96,0.5,0.0135
2026-07-22 18:25:00+00:00,2026-07-22 19:25:00+00:00,LONG,65885.52,65898.01,0.5,-0.0068
2026-07-22 20:05:00+00:00,2026-07-22 21:05:00+00:00,LONG,65830.01,65918.0,0.5,0.0759
2026-07-22 21:10:00+00:00,2026-07-22 22:10:00+00:00,LONG,65940.01,66006.01,0.5,0.0515
2026-07-22 23:15:00+00:00,2026-07-23 00:15:00+00:00,LONG,65887.99,66186.77,0.5,0.2271
2026-07-23 08:10:00+00:00,2026-07-23 09:10:00+00:00,LONG,65538.01,65678.83,0.5,0.1432
2026-07-23 14:55:00+00:00,2026-07-23 15:55:00+00:00,LONG,64909.99,64958.36,0.5,0.0385
2026-07-23 18:15:00+00:00,2026-07-23 19:15:00+00:00,LONG,64738.28,64796.37,0.5,0.057
2026-07-24 00:05:00+00:00,2026-07-24 01:05:00+00:00,LONG,64944.02,65084.0,0.5,0.1138
2026-07-24 01:15:00+00:00,2026-07-24 02:15:00+00:00,LONG,65033.99,65126.81,0.5,0.1045
2026-07-24 02:20:00+00:00,2026-07-24 03:20:00+00:00,LONG,65155.0,65317.47,0.5,0.1576
2026-07-24 06:10:00+00:00,2026-07-24 07:10:00+00:00,LONG,65380.45,65765.0,0.5,0.1844
2026-07-24 11:45:00+00:00,2026-07-24 12:45:00+00:00,LONG,64933.99,64852.01,0.5,-0.005
2026-07-24 14:15:00+00:00,2026-07-24 15:15:00+00:00,LONG,63876.81,63977.65,0.5,0.2072
2026-07-24 16:35:00+00:00,2026-07-24 17:35:00+00:00,LONG,63989.65,64150.0,0.5,0.153
2026-07-24 18:30:00+00:00,2026-07-24 19:30:00+00:00,LONG,64142.0,64225.49,0.5,0.0465
2026-07-27 05:10:00+00:00,2026-07-27 06:10:00+00:00,LONG,65372.48,65597.41,0.5,0.1417
2026-07-27 09:10:00+00:00,2026-07-27 10:10:00+00:00,LONG,65122.01,65248.0,0.5,0.1095
2026-07-27 12:25:00+00:00,2026-07-27 13:25:00+00:00,LONG,65009.29,64947.6,0.5,-0.0393
2026-07-27 13:30:00+00:00,2026-07-27 14:30:00+00:00,LONG,65087.65,64664.0,0.5,-0.1669
2026-07-27 14:40:00+00:00,2026-07-27 15:40:00+00:00,LONG,64476.0,64580.79,0.5,0.0651
2026-07-27 16:10:00+00:00,2026-07-27 17:10:00+00:00,LONG,64616.0,64897.29,0.5,0.1814
2026-07-27 17:15:00+00:00,2026-07-27 18:15:00+00:00,LONG,64943.73,64863.51,0.5,0.0146
2026-07-27 18:20:00+00:00,2026-07-27 19:20:00+00:00,LONG,64892.08,64959.47,0.5,0.0708
2026-07-27 19:55:00+00:00,2026-07-27 20:55:00+00:00,LONG,64984.0,64960.65,0.5,-0.0361
2026-08-04 20:10:00+00:00,2026-08-04 21:10:00+00:00,LONG,64175.52,64223.88,0.5,0.1078
2026-08-05 00:10:00+00:00,2026-08-05 01:10:00+00:00,LONG,64036.0,64010.0,0.5,-0.0156
2026-08-05 01:15:00+00:00,2026-08-05 02:15:00+00:00,LONG,64003.67,64343.65,0.5,0.3553
2026-08-05 07:25:00+00:00,2026-08-05 08:25:00+00:00,LONG,64073.94,64268.01,0.5,0.1029
2026-08-05 12:10:00+00:00,2026-08-05 13:10:00+00:00,LONG,64206.0,64141.99,0.5,0.0199
2026-08-05 13:15:00+00:00,2026-08-05 14:15:00+00:00,LONG,64210.01,64552.68,0.5,0.204
2026-08-05 14:25:00+00:00,2026-08-05 15:25:00+00:00,LONG,64356.0,64505.25,0.5,0.114
2026-08-05 15:55:00+00:00,2026-08-05 16:55:00+00:00,LONG,64388.01,64661.99,0.5,0.1891
2026-08-05 17:00:00+00:00,2026-08-05 18:00:00+00:00,LONG,64659.99,64777.99,0.5,0.085
2026-08-05 18:10:00+00:00,2026-08-05 19:10:00+00:00,LONG,64800.31,64885.5,0.5,0.0775
2026-08-05 20:00:00+00:00,2026-08-05 21:00:00+00:00,LONG,64856.0,64788.0,0.5,-0.0255
2026-08-06 04:10:00+00:00,2026-08-06 05:10:00+00:00,LONG,64582.61,64913.88,0.5,0.2908
2026-08-06 13:10:00+00:00,2026-08-06 14:10:00+00:00,LONG,64256.27,64468.4,0.5,0.166
2026-08-06 14:15:00+00:00,2026-08-06 15:15:00+00:00,LONG,64420.0,64739.99,0.5,0.3344
2026-08-06 16:25:00+00:00,2026-08-06 17:25:00+00:00,LONG,64654.57,64688.45,0.5,0.0225
2026-08-07 05:30:00+00:00,2026-08-07 06:30:00+00:00,LONG,64187.37,64344.53,0.5,0.1779
2026-08-07 08:10:00+00:00,2026-08-07 09:10:00+00:00,LONG,64370.65,64733.26,0.5,0.249
2026-08-07 09:15:00+00:00,2026-08-07 10:15:00+00:00,LONG,64777.9,64861.13,0.5,0.0533
2026-08-07 10:20:00+00:00,2026-08-07 11:20:00+00:00,LONG,64812.0,65137.77,0.5,0.0944
2026-08-07 12:25:00+00:00,2026-08-07 13:25:00+00:00,LONG,65128.51,65163.16,0.5,0.0385
2026-08-07 14:10:00+00:00,2026-08-07 15:10:00+00:00,LONG,64830.84,64966.0,0.5,0.1512
2026-08-07 17:05:00+00:00,2026-08-07 18:05:00+00:00,LONG,64784.64,64862.0,0.5,0.0592
2026-08-07 18:55:00+00:00,2026-08-07 19:55:00+00:00,LONG,64735.51,64960.47,0.5,0.1669
2026-08-08 00:20:00+00:00,2026-08-08 01:20:00+00:00,LONG,64861.73,64920.6,0.5,0.0623
2026-08-09 12:10:00+00:00,2026-08-09 13:10:00+00:00,LONG,64937.58,65017.89,0.5,0.0618
2026-08-09 13:15:00+00:00,2026-08-09 14:15:00+00:00,LONG,65049.62,65200.0,0.5,0.1444
2026-08-10 00:40:00+00:00,2026-08-10 01:40:00+00:00,LONG,64838.0,64970.71,0.5,0.0876
2026-08-10 01:45:00+00:00,2026-08-10 02:45:00+00:00,LONG,65245.72,65108.52,0.5,-0.0347
2026-08-10 05:10:00+00:00,2026-08-10 06:10:00+00:00,LONG,64987.59,65200.99,0.5,0.1456
2026-08-10 11:10:00+00:00,2026-08-10 12:10:00+00:00,LONG,65011.37,65126.0,0.5,0.129
2026-08-10 16:55:00+00:00,2026-08-10 17:55:00+00:00,LONG,63904.65,63953.04,0.5,-0.0036
2026-08-10 18:05:00+00:00,2026-08-10 19:05:00+00:00,LONG,63964.44,63922.99,0.5,-0.0435
2026-08-11 00:10:00+00:00,2026-08-11 01:10:00+00:00,LONG,63995.01,64061.88,0.5,0.007
2026-08-11 01:20:00+00:00,2026-08-11 02:20:00+00:00,LONG,64059.19,64059.67,0.5,0.0034
2026-08-11 07:20:00+00:00,2026-08-11 08:20:00+00:00,LONG,63923.69,64071.7,0.5,0.0985
2026-08-17 20:10:00+00:00,2026-08-17 21:10:00+00:00,LONG,64309.19,64373.11,0.5,0.0954
2026-08-17 22:10:00+00:00,2026-08-17 23:10:00+00:00,LONG,64310.0,64365.22,0.5,0.0342
2026-08-17 23:15:00+00:00,2026-08-18 00:15:00+00:00,LONG,64398.07,64464.56,0.5,0.0326
2026-08-18 04:10:00+00:00,2026-08-18 05:10:00+00:00,LONG,64148.0,64225.01,0.5,0.0997
2026-08-18 08:10:00+00:00,2026-08-18 09:10:00+00:00,LONG,64156.0,64246.25,0.5,0.0609
2026-08-18 10:10:00+00:00,2026-08-18 11:10:00+00:00,LONG,64153.32,64323.56,0.5,0.1064
2026-08-18 12:25:00+00:00,2026-08-18 13:25:00+00:00,LONG,64298.01,64073.72,0.5,-0.1514
2026-08-18 13:30:00+00:00,2026-08-18 14:30:00+00:00,LONG,64097.99,64814.0,0.5,0.6949
2026-08-18 14:40:00+00:00,2026-08-18 15:40:00+00:00,LONG,64786.0,64820.36,0.5,0.0439
2026-08-19 06:10:00+00:00,2026-08-19 07:10:00+00:00,LONG,64176.59,64363.57,0.5,0.096
2026-08-19 08:10:00+00:00,2026-08-19 09:10:00+00:00,LONG,64262.0,64391.64,0.5,0.1089
2026-08-19 12:10:00+00:00,2026-08-19 13:10:00+00:00,LONG,64505.8,64920.53,0.5,0.2813
2026-08-19 13:15:00+00:00,2026-08-19 14:15:00+00:00,LONG,64963.02,65440.0,0.5,0.3409
2026-08-19 14:20:00+00:00,2026-08-19 15:20:00+00:00,LONG,65426.0,67206.43,0.5,0.9453
2026-08-19 15:25:00+00:00,2026-08-19 16:25:00+00:00,LONG,68291.89,68892.66,0.5,0.3556
2026-08-19 17:00:00+00:00,2026-08-19 18:00:00+00:00,LONG,68398.81,68169.7,0.5,-0.1475
2026-08-19 18:05:00+00:00,2026-08-19 19:05:00+00:00,LONG,68077.94,68377.14,0.5,0.2127
2026-08-19 19:10:00+00:00,2026-08-19 20:10:00+00:00,LONG,68122.01,68683.99,0.5,0.3699
2026-08-19 20:15:00+00:00,2026-08-19 21:15:00+00:00,LONG,68618.49,69451.99,0.5,0.5907
2026-08-19 21:40:00+00:00,2026-08-19 22:40:00+00:00,LONG,69671.99,69344.93,0.5,-0.2052
2026-08-19 22:45:00+00:00,2026-08-19 23:45:00+00:00,LONG,69182.0,69180.67,0.5,0.0982
2026-08-19 23:50:00+00:00,2026-08-20 00:50:00+00:00,LONG,69202.01,69521.64,0.5,0.3313
2026-08-20 01:00:00+00:00,2026-08-20 02:00:00+00:00,LONG,69424.67,69787.66,0.5,0.2136
2026-08-20 03:10:00+00:00,2026-08-20 04:10:00+00:00,LONG,68986.59,69369.58,0.5,0.2656
2026-08-20 04:15:00+00:00,2026-08-20 05:15:00+00:00,LONG,69361.38,69582.97,0.5,0.0791
2026-08-20 05:40:00+00:00,2026-08-20 06:40:00+00:00,LONG,69552.56,69782.8,0.5,0.1234
2026-08-20 06:45:00+00:00,2026-08-20 07:45:00+00:00,LONG,69881.78,69677.89,0.5,-0.2002
2026-08-20 07:50:00+00:00,2026-08-20 08:50:00+00:00,LONG,69799.83,71788.19,0.5,1.2983
2026-08-20 08:55:00+00:00,2026-08-20 09:55:00+00:00,LONG,71592.1,71789.97,0.5,0.0753
2026-08-20 10:00:00+00:00,2026-08-20 11:00:00+00:00,LONG,71768.69,72068.01,0.5,0.1581
2026-08-20 11:05:00+00:00,2026-08-20 12:05:00+00:00,LONG,71958.0,71662.0,0.5,-0.1127
2026-08-20 12:10:00+00:00,2026-08-20 13:10:00+00:00,LONG,71792.11,72052.85,0.5,0.1579
2026-08-20 13:30:00+00:00,2026-08-20 14:30:00+00:00,LONG,71518.66,71572.01,0.5,-0.0479
2026-08-20 14:35:00+00:00,2026-08-20 15:35:00+00:00,LONG,71551.99,72252.38,0.5,0.6684
2026-08-20 15:40:00+00:00,2026-08-20 16:40:00+00:00,LONG,72247.34,72630.89,0.5,0.1401
2026-08-20 16:45:00+00:00,2026-08-20 17:45:00+00:00,LONG,72568.0,72804.74,0.5,0.1335
2026-08-20 18:05:00+00:00,2026-08-20 19:05:00+00:00,LONG,72557.66,72470.09,0.5,-0.1115
2026-08-20 19:10:00+00:00,2026-08-20 20:10:00+00:00,LONG,72484.61,72695.87,0.5,0.1714
2026-08-20 20:50:00+00:00,2026-08-20 21:50:00+00:00,LONG,72610.0,72758.62,0.5,0.0785
2026-08-20 22:05:00+00:00,2026-08-20 23:05:00+00:00,LONG,72645.99,72812.78,0.5,0.0484
2026-08-20 23:10:00+00:00,2026-08-21 00:10:00+00:00,LONG,72927.99,73495.4,0.5,0.2408
2026-08-21 00:15:00+00:00,2026-08-21 01:15:00+00:00,LONG,73642.0,74659.92,0.5,0.2361
2026-08-21 02:05:00+00:00,2026-08-21 03:05:00+00:00,LONG,74912.97,74343.04,0.5,-0.3514
2026-08-21 03:10:00+00:00,2026-08-21 04:10:00+00:00,LONG,74459.31,74870.82,0.5,0.2619
2026-08-21 04:15:00+00:00,2026-08-21 05:15:00+00:00,LONG,74871.28,75383.64,0.5,0.3027
2026-08-21 05:20:00+00:00,2026-08-21 06:20:00+00:00,LONG,75293.56,75231.96,0.5,0.0108
2026-08-21 06:25:00+00:00,2026-08-21 07:25:00+00:00,LONG,75342.01,76410.38,0.5,0.6015
2026-08-21 07:35:00+00:00,2026-08-21 08:35:00+00:00,LONG,76523.53,77527.14,0.5,0.6734
2026-08-21 08:40:00+00:00,2026-08-21 09:40:00+00:00,LONG,77647.34,78194.16,0.5,0.1676
2026-08-21 10:35:00+00:00,2026-08-21 11:35:00+00:00,LONG,77721.99,76985.01,0.5,-0.7979
2026-08-21 11:40:00+00:00,2026-08-21 12:40:00+00:00,LONG,76836.21,77428.01,0.5,0.2562
2026-08-21 12:45:00+00:00,2026-08-21 13:45:00+00:00,LONG,77386.0,77468.0,0.5,-0.0504
2026-08-21 13:50:00+00:00,2026-08-21 14:50:00+00:00,LONG,77313.99,77307.08,0.5,0.0201
2026-08-21 14:55:00+00:00,2026-08-21 15:55:00+00:00,LONG,77384.68,77221.98,0.5,-0.0526
2026-08-21 16:00:00+00:00,2026-08-21 17:00:00+00:00,LONG,77088.0,77522.0,0.5,0.2575
2026-08-21 18:10:00+00:00,2026-08-21 19:10:00+00:00,LONG,77326.0,77145.46,0.5,-0.1736
2026-08-21 20:00:00+00:00,2026-08-21 21:00:00+00:00,LONG,77170.0,77480.0,0.5,0.2264
2026-08-21 21:05:00+00:00,2026-08-21 22:05:00+00:00,LONG,77430.1,78731.48,0.5,0.621
2026-08-21 22:25:00+00:00,2026-08-21 23:25:00+00:00,LONG,78499.84,78409.45,0.5,0.1128
2026-08-21 23:30:00+00:00,2026-08-22 00:30:00+00:00,LONG,78393.08,77912.01,0.5,-0.3027
2026-08-22 00:35:00+00:00,2026-08-22 01:35:00+00:00,LONG,77938.0,78009.76,0.5,0.123
2026-08-22 01:45:00+00:00,2026-08-22 02:45:00+00:00,LONG,77850.0,78374.0,0.5,0.4223
2026-08-22 05:20:00+00:00,2026-08-22 06:20:00+00:00,LONG,77060.43,77377.87,0.5,0.1085
2026-08-22 06:25:00+00:00,2026-08-22 07:25:00+00:00,LONG,77245.6,77485.44,0.5,0.1229
2026-08-22 08:00:00+00:00,2026-08-22 09:00:00+00:00,LONG,77256.0,77112.94,0.5,-0.0294
2026-08-22 09:05:00+00:00,2026-08-22 10:05:00+00:00,LONG,77254.0,76780.06,0.5,-0.208
2026-08-22 10:10:00+00:00,2026-08-22 11:10:00+00:00,LONG,76714.41,76863.56,0.5,0.1143
2026-08-22 11:15:00+00:00,2026-08-22 12:15:00+00:00,LONG,76815.85,77250.82,0.5,0.277
2026-08-22 13:20:00+00:00,2026-08-22 14:20:00+00:00,LONG,77184.13,77023.45,0.5,-0.1174
2026-08-22 16:10:00+00:00,2026-08-22 17:10:00+00:00,LONG,77053.38,77275.02,0.5,0.15
2026-08-22 17:25:00+00:00,2026-08-22 18:25:00+00:00,LONG,77084.94,77295.99,0.5,0.1453
2026-08-22 18:50:00+00:00,2026-08-22 19:50:00+00:00,LONG,77205.11,77453.23,0.5,0.1508
2026-08-22 22:35:00+00:00,2026-08-22 23:35:00+00:00,LONG,76982.0,76983.41,0.5,-0.0502
2026-08-23 03:45:00+00:00,2026-08-23 04:45:00+00:00,LONG,76985.01,76624.0,0.5,-0.1065
2026-08-23 05:10:00+00:00,2026-08-23 06:10:00+00:00,LONG,75889.21,76078.02,0.5,0.0164
2026-08-23 06:55:00+00:00,2026-08-23 07:55:00+00:00,LONG,76096.95,76007.13,0.5,-0.0406
2026-08-23 08:10:00+00:00,2026-08-23 09:10:00+00:00,LONG,76206.13,76579.18,0.5,0.2483
2026-08-23 09:15:00+00:00,2026-08-23 10:15:00+00:00,LONG,76541.78,76656.01,0.5,0.0749
2026-08-23 10:20:00+00:00,2026-08-23 11:20:00+00:00,LONG,76845.99,77286.42,0.5,0.0836
2026-08-23 11:25:00+00:00,2026-08-23 12:25:00+00:00,LONG,77170.0,77047.83,0.5,-0.0389
2026-08-23 12:30:00+00:00,2026-08-23 13:30:00+00:00,LONG,77082.86,77398.45,0.5,0.2303
2026-08-23 14:45:00+00:00,2026-08-23 15:45:00+00:00,LONG,77203.75,77205.09,0.5,0.0507
2026-08-23 16:10:00+00:00,2026-08-23 17:10:00+00:00,LONG,77277.66,77283.26,0.5,0.0358
2026-08-23 18:10:00+00:00,2026-08-23 19:10:00+00:00,LONG,77353.94,77322.0,0.5,-0.0142
2026-08-23 20:05:00+00:00,2026-08-23 21:05:00+00:00,LONG,77261.19,77652.3,0.5,0.2654
2026-08-23 21:40:00+00:00,2026-08-23 22:40:00+00:00,LONG,77622.0,77648.01,0.5,0.0438
2026-08-23 23:05:00+00:00,2026-08-24 00:05:00+00:00,LONG,77483.57,77695.37,0.5,0.0858
2026-08-24 04:10:00+00:00,2026-08-24 05:10:00+00:00,LONG,77009.01,77208.6,0.5,0.0136
2026-08-24 05:15:00+00:00,2026-08-24 06:15:00+00:00,LONG,77055.16,77378.31,0.5,0.2207
2026-08-24 06:30:00+00:00,2026-08-24 07:30:00+00:00,LONG,77281.02,77483.74,0.5,0.2016
2026-08-24 07:45:00+00:00,2026-08-24 08:45:00+00:00,LONG,77377.99,77140.01,0.5,-0.1605
2026-08-24 08:50:00+00:00,2026-08-24 09:50:00+00:00,LONG,77059.16,77588.45,0.5,0.2955
2026-08-24 09:55:00+00:00,2026-08-24 10:55:00+00:00,LONG,77554.08,77617.22,0.5,0.0468
2026-08-24 11:00:00+00:00,2026-08-24 12:00:00+00:00,LONG,77595.43,78210.9,0.5,0.5436
2026-08-24 12:05:00+00:00,2026-08-24 13:05:00+00:00,LONG,78216.53,79238.76,0.5,0.5007
2026-08-24 13:40:00+00:00,2026-08-24 14:40:00+00:00,LONG,78288.4,79662.16,0.5,0.872
2026-08-24 15:45:00+00:00,2026-08-24 16:45:00+00:00,LONG,79288.0,79293.18,0.5,0.0523
2026-08-24 16:55:00+00:00,2026-08-24 17:55:00+00:00,LONG,79047.6,78761.14,0.5,-0.2249
2026-08-24 18:00:00+00:00,2026-08-24 19:00:00+00:00,LONG,78900.19,78894.1,0.5,0.0178
2026-08-24 19:05:00+00:00,2026-08-24 20:05:00+00:00,LONG,78908.0,78793.99,0.5,-0.2144
2026-08-24 20:10:00+00:00,2026-08-24 21:10:00+00:00,LONG,78686.07,79027.19,0.5,0.1804
2026-08-24 22:30:00+00:00,2026-08-24 23:30:00+00:00,LONG,78880.73,78886.0,0.5,0.0147
2026-08-24 23:50:00+00:00,2026-08-25 00:50:00+00:00,LONG,78858.69,79847.06,0.5,0.4565
2026-08-25 00:55:00+00:00,2026-08-25 01:55:00+00:00,LONG,79739.99,79828.0,0.5,-0.0841
2026-08-25 02:00:00+00:00,2026-08-25 03:00:00+00:00,LONG,79781.28,80832.0,0.5,0.5413
2026-08-25 03:50:00+00:00,2026-08-25 04:50:00+00:00,LONG,80558.5,80242.0,0.5,-0.1607
2026-08-25 07:55:00+00:00,2026-08-25 08:55:00+00:00,LONG,79705.79,79930.77,0.5,0.1192
2026-08-25 09:00:00+00:00,2026-08-25 10:00:00+00:00,LONG,79743.98,79179.18,0.5,-0.3503
2026-08-25 10:05:00+00:00,2026-08-25 11:05:00+00:00,LONG,79223.99,79264.01,0.5,0.0278
2026-08-25 11:15:00+00:00,2026-08-25 12:15:00+00:00,LONG,79188.01,78932.44,0.5,-0.0677
2026-08-25 12:20:00+00:00,2026-08-25 13:20:00+00:00,LONG,78884.67,78758.0,0.5,-0.0969
2026-08-25 13:25:00+00:00,2026-08-25 14:25:00+00:00,LONG,78648.01,79211.88,0.5,0.3031
2026-08-25 14:30:00+00:00,2026-08-25 15:30:00+00:00,LONG,79234.0,79292.23,0.5,0.0011
2026-08-25 15:35:00+00:00,2026-08-25 16:35:00+00:00,LONG,79380.19,79218.34,0.5,-0.0507
2026-08-25 17:10:00+00:00,2026-08-25 18:10:00+00:00,LONG,78966.0,79317.55,0.5,0.1926
2026-08-25 20:50:00+00:00,2026-08-25 21:50:00+00:00,LONG,78286.01,78612.0,0.5,0.2141
2026-08-25 21:55:00+00:00,2026-08-25 22:55:00+00:00,LONG,78570.0,78889.51,0.5,0.2083
2026-08-26 00:10:00+00:00,2026-08-26 01:10:00+00:00,LONG,78356.0,78746.0,0.5,0.2888
2026-08-26 01:30:00+00:00,2026-08-26 02:30:00+00:00,LONG,78916.65,79176.0,0.5,0.1985
2026-08-26 03:20:00+00:00,2026-08-26 04:20:00+00:00,LONG,79100.41,79106.0,0.5,0.021
2026-08-26 05:10:00+00:00,2026-08-26 06:10:00+00:00,LONG,78902.0,79008.0,0.5,0.1672
2026-08-26 09:45:00+00:00,2026-08-26 10:45:00+00:00,LONG,78427.62,78838.87,0.5,0.1873
2026-08-26 11:50:00+00:00,2026-08-26 12:50:00+00:00,LONG,78524.47,78312.0,0.5,-0.1359
2026-08-26 13:05:00+00:00,2026-08-26 14:05:00+00:00,LONG,78113.73,78551.21,0.5,0.2696
2026-08-26 14:55:00+00:00,2026-08-26 15:55:00+00:00,LONG,77790.48,78011.65,0.5,0.1634
2026-08-26 16:00:00+00:00,2026-08-26 17:00:00+00:00,LONG,78089.53,78043.97,0.5,-0.0629
2026-08-26 17:05:00+00:00,2026-08-26 18:05:00+00:00,LONG,78088.24,78524.98,0.5,0.2464
2026-08-26 18:40:00+00:00,2026-08-26 19:40:00+00:00,LONG,78296.62,78436.56,0.5,0.0762
2026-08-26 20:10:00+00:00,2026-08-26 21:10:00+00:00,LONG,78420.0,78794.28,0.5,0.1238
2026-08-26 21:45:00+00:00,2026-08-26 22:45:00+00:00,LONG,78700.75,78606.16,0.5,-0.0083
2026-08-26 22:50:00+00:00,2026-08-26 23:50:00+00:00,LONG,78589.12,79073.99,0.5,0.3025
2026-08-27 01:10:00+00:00,2026-08-27 02:10:00+00:00,LONG,78667.63,78884.26,0.5,0.1708
2026-08-27 04:35:00+00:00,2026-08-27 05:35:00+00:00,LONG,78760.0,78693.1,0.5,-0.0802
2026-08-27 05:40:00+00:00,2026-08-27 06:40:00+00:00,LONG,78715.87,78750.0,0.5,0.0173
2026-08-27 07:10:00+00:00,2026-08-27 08:10:00+00:00,LONG,78832.42,79635.93,0.5,0.5808
2026-08-27 10:40:00+00:00,2026-08-27 11:40:00+00:00,LONG,79609.1,79438.51,0.5,-0.1313
2026-08-27 11:45:00+00:00,2026-08-27 12:45:00+00:00,LONG,79389.93,79312.61,0.5,-0.0733
2026-08-27 12:50:00+00:00,2026-08-27 13:50:00+00:00,LONG,79288.8,79300.15,0.5,-0.1525
2026-08-27 13:55:00+00:00,2026-08-27 14:55:00+00:00,LONG,79533.15,80204.05,0.5,0.3298
2026-08-27 15:45:00+00:00,2026-08-27 16:45:00+00:00,LONG,80337.99,80445.52,0.5,0.1454
2026-08-27 18:15:00+00:00,2026-08-27 19:15:00+00:00,LONG,79895.0,80149.04,0.5,0.1676
2026-08-27 20:10:00+00:00,2026-08-27 21:10:00+00:00,LONG,79957.2,80097.55,0.5,0.073
2026-08-27 21:20:00+00:00,2026-08-27 22:20:00+00:00,LONG,80072.61,80328.0,0.5,0.1916
2026-08-27 23:15:00+00:00,2026-08-28 00:15:00+00:00,LONG,80284.27,80379.87,0.5,-0.0422
2026-08-28 02:50:00+00:00,2026-08-28 03:50:00+00:00,LONG,79920.9,79844.69,0.5,-0.0594
2026-08-28 10:10:00+00:00,2026-08-28 11:10:00+00:00,LONG,79220.48,79694.0,0.5,0.2779
2026-08-28 14:10:00+00:00,2026-08-28 15:10:00+00:00,LONG,78626.0,79306.13,0.5,0.4495
2026-08-28 16:10:00+00:00,2026-08-28 17:10:00+00:00,LONG,77825.73,78000.0,0.5,-0.0099
2026-08-28 17:40:00+00:00,2026-08-28 18:40:00+00:00,LONG,77783.58,77408.13,0.5,-0.2249
2026-08-28 18:45:00+00:00,2026-08-28 19:45:00+00:00,LONG,77296.91,77417.88,0.5,0.1549
2026-08-28 19:50:00+00:00,2026-08-28 20:50:00+00:00,LONG,77435.07,77391.74,0.5,-0.0033
2026-08-28 21:10:00+00:00,2026-08-28 22:10:00+00:00,LONG,77405.15,77448.8,0.5,0.01
2026-08-28 22:15:00+00:00,2026-08-28 23:15:00+00:00,LONG,77443.8,77706.01,0.5,0.2132
2026-08-28 23:50:00+00:00,2026-08-29 00:50:00+00:00,LONG,77755.8,77789.99,0.5,-0.0017
2026-08-29 07:10:00+00:00,2026-08-29 08:10:00+00:00,LONG,77466.65,77525.99,0.5,0.0253
2026-08-29 12:10:00+00:00,2026-08-29 13:10:00+00:00,LONG,77596.58,77658.54,0.5,0.0008
2026-08-29 14:10:00+00:00,2026-08-29 15:10:00+00:00,LONG,77686.7,77935.92,0.5,0.1526
2026-08-29 17:35:00+00:00,2026-08-29 18:35:00+00:00,LONG,77947.56,78171.93,0.5,0.0861
2026-08-30 12:10:00+00:00,2026-08-30 13:10:00+00:00,LONG,78660.0,78633.85,0.5,0.014
2026-08-30 15:05:00+00:00,2026-08-30 16:05:00+00:00,LONG,78793.16,78818.01,0.5,0.1084
2026-08-30 16:10:00+00:00,2026-08-30 17:10:00+00:00,LONG,79124.0,79178.49,0.5,0.0447
2026-08-30 18:10:00+00:00,2026-08-30 19:10:00+00:00,LONG,78839.29,79035.59,0.5,0.1046
2026-08-30 21:10:00+00:00,2026-08-30 22:10:00+00:00,LONG,78503.59,78571.28,0.5,0.0898
2026-08-30 23:30:00+00:00,2026-08-31 00:30:00+00:00,LONG,77759.37,77952.26,0.5,0.0912
2026-08-31 00:35:00+00:00,2026-08-31 01:35:00+00:00,LONG,78012.48,77855.49,0.5,-0.1852
2026-08-31 01:55:00+00:00,2026-08-31 02:55:00+00:00,LONG,77640.94,77473.99,0.5,-0.1322
2026-08-31 03:00:00+00:00,2026-08-31 04:00:00+00:00,LONG,77550.19,77601.14,0.5,0.133
2026-08-31 04:05:00+00:00,2026-08-31 05:05:00+00:00,LONG,77626.01,77648.78,0.5,0.0199
2026-08-31 05:10:00+00:00,2026-08-31 06:10:00+00:00,LONG,77762.0,78023.13,0.5,0.1348
2026-08-31 06:25:00+00:00,2026-08-31 07:25:00+00:00,LONG,78007.99,78213.01,0.5,0.1781
2026-08-31 08:10:00+00:00,2026-08-31 09:10:00+00:00,LONG,78157.6,78652.0,0.5,0.382
2026-08-31 10:10:00+00:00,2026-08-31 11:10:00+00:00,LONG,78519.99,78623.71,0.5,0.0407
2026-08-31 12:25:00+00:00,2026-08-31 13:25:00+00:00,LONG,78092.01,78055.64,0.5,-0.0256
2026-08-31 13:45:00+00:00,2026-08-31 14:45:00+00:00,LONG,77907.83,78416.16,0.5,0.3896
2026-08-31 14:50:00+00:00,2026-08-31 15:50:00+00:00,LONG,78457.12,78600.0,0.5,0.1291
2026-08-31 16:00:00+00:00,2026-08-31 17:00:00+00:00,LONG,78598.0,78676.34,0.5,0.0264
2026-08-31 17:15:00+00:00,2026-08-31 18:15:00+00:00,LONG,78650.0,79046.0,0.5,0.1947
2026-08-31 20:05:00+00:00,2026-08-31 21:05:00+00:00,LONG,78946.0,78890.86,0.5,-0.0755
2026-08-31 23:10:00+00:00,2026-08-31 23:55:00+00:00,LONG,78457.56,78581.29,0.5,0.0788
